row_index,actual_failure,logistic_regression_probability,decision_tree_probability,random_forest_probability,fold
0,0,0.0024252553760467257,0.0,0.0,2
2,0,0.01619281785942101,0.0,0.0,1
3,0,0.00063549538018887,0.0,0.0,1
6,0,0.004166084001927727,0.0,0.0,2
7,0,0.0017141396588812058,0.0,0.0,5
8,0,0.00029476840577024986,0.0,0.0,1
10,0,0.00023024299086606294,0.0,0.0,3
12,0,0.0035268671257234104,0.0,0.0,2
14,0,0.002277408128138391,0.0,0.0,2
15,0,0.02570625183452982,0.0,0.0,2
16,0,0.0008443683239641601,0.0,0.0,5
17,0,0.0021823541599808437,0.0,0.0,1
18,0,0.007487117195398678,0.0,0.02,3
19,0,0.0008499116575542568,0.0,0.0,5
22,0,0.0003436785564392902,0.0,0.0,5
23,0,0.0012165408916883715,0.0,0.0,1
24,0,0.00180042059572528,0.0,0.0,1
25,0,0.0014635671263378061,0.0,0.0,2
26,0,0.0024141667820176617,0.0,0.0,3
28,0,0.005176757899405001,0.0,0.0,3
29,0,0.0018940459736704201,0.0,0.0,5
30,0,0.003112825515983218,0.0,0.01,3
31,0,0.0017025571683186168,0.0,0.0,2
32,0,0.015728648824505254,0.0,0.0,1
33,0,0.002859991028885948,0.0,0.0,3
34,0,0.0013028262102125366,0.0,0.0,1
36,0,0.002660157488422784,0.0,0.0,2
37,0,0.0016694862120878143,0.0,0.0,3
39,0,0.028726655163694995,0.0,0.0,4
40,0,0.004354752008669508,0.0,0.0,3
41,0,0.023477914552562453,0.0,0.0,4
43,0,0.005803305987368083,0.0,0.01,2
44,0,0.02098695841442226,0.0,0.0,5
45,0,0.06312389367189383,0.0,0.0,4
46,0,0.003829590173585537,0.0,0.0,5
47,0,0.015250135336111546,0.0,0.0,4
48,0,0.07088235567635182,0.0,0.0,3
49,0,0.004947008488821273,0.0,0.0,4
50,1,0.6705388891582172,1.0,0.98,2
51,0,0.11469778024444395,0.0,0.0,3
52,0,0.014041330488255907,0.0,0.0,1
53,0,0.004940459109814156,0.0,0.0,4
54,0,0.005848724372556432,0.0,0.0,1
57,0,0.01096931497171815,0.0,0.0,3
58,0,0.0022075627163227144,0.0,0.0,4
59,0,0.10886642175970196,0.0,0.0,5
60,0,0.08354862905646993,0.0,0.0,5
62,0,0.004179745557916233,0.0,0.0,5
63,0,0.006000657872019853,0.0,0.0,1
64,0,0.010069197860395515,0.0,0.0,2
66,0,0.002787365509325942,0.0,0.06,2
67,0,0.0177607544871167,0.0,0.0,3
68,0,0.002362452080408247,0.0,0.0,3
69,1,0.8757417506339977,1.0,0.8,3
70,0,0.010085834251497672,0.0,0.0,5
71,0,0.03547559124037122,0.0,0.0,2
72,0,0.012410796895615403,0.0,0.01,5
73,0,0.010753075327125952,0.0,0.0,2
74,0,0.007063151636937639,0.0,0.01,4
75,0,0.02754161525506131,0.0,0.24,4
77,1,0.014080377814912007,0.0,0.02,2
78,0,0.0097438216302902,0.0,0.01,2
79,0,0.00022835397345420333,0.0,0.0,3
81,0,0.00682172769583804,0.0,0.0,3
82,0,0.001683839866456401,0.0,0.01,4
83,0,0.0012690804399592666,0.0,0.0,5
84,0,0.005577518389924107,0.0,0.0,2
85,0,0.0008846262213225666,0.0,0.0,3
86,0,0.0015465349451894035,0.0,0.0,3
87,0,0.0004980406208789482,0.0,0.0,4
88,0,0.0021694712780287164,0.0,0.01,2
89,0,0.0009838659575390205,0.0,0.0,2
90,0,0.0007756341657831094,0.0,0.0,5
91,0,0.0018372989828379215,0.0,0.0,1
93,0,0.0041062366023305995,0.0,0.01,1
94,0,0.0015651477344137564,0.0,0.0,4
95,0,0.008083848448362357,0.0,0.0,3
96,0,0.0012804329883596443,0.0,0.0,4
98,0,0.0004992128723910788,0.0,0.0,2
99,0,0.01431724399117884,0.0,0.01,1
100,0,0.00231149773695356,0.0,0.0,5
102,0,0.008495658368626377,0.0,0.0,4
103,0,0.0013001306556336236,0.0,0.0,5
104,0,0.006261073336324246,0.0,0.01,1
105,0,0.0011901906890659255,0.0,0.01,4
106,0,0.019074006434682197,0.0,0.01,2
107,0,0.013982142103765602,0.0,0.0,2
109,0,0.002080579899462728,0.0,0.0,5
110,0,0.0033909978574639303,0.0,0.0,4
111,0,0.00457650979582584,0.0,0.0,4
112,0,0.002816307278323797,0.0,0.0,4
113,0,0.005149583913584773,0.0,0.0,4
114,0,0.001963336799172908,0.0,0.0,2
115,0,0.012222809291448446,0.0,0.0,5
116,0,0.0020627191302079488,0.0,0.0,2
117,0,0.003320561806911979,0.0,0.0,4
118,0,0.0014190567166990798,0.0,0.0,3
121,0,0.02051068467878619,0.0,0.0,1
122,0,0.0179037174905783,0.0,0.01,1
123,0,0.032784841322646655,0.0,0.0,4
124,0,0.0062474586408024805,0.0,0.0,1
125,0,0.0024032737907072692,0.0,0.0,1
126,0,0.2610993358793073,0.0,0.02,4
127,0,0.0163896574959844,0.0,0.0,2
130,0,0.009588297009570338,0.0,0.0,5
134,0,0.07357232184943488,0.0,0.01,2
135,0,0.002693506318739948,0.0,0.0,2
137,0,0.05869752518490488,0.0,0.0,2
138,0,0.035920621526873316,0.0,0.0,2
139,0,0.06197456212732844,0.0,0.02,4
141,0,0.005107254726268613,0.0,0.0,3
142,0,0.007349474283174215,0.0,0.0,5
144,0,0.004651769275615328,0.0,0.01,3
145,0,0.0035730824252454187,0.0,0.0,1
146,0,0.009860492348689421,0.0,0.0,5
147,0,0.01647975320724278,0.0,0.0,5
149,0,0.010574258968231194,0.0,0.01,3
150,0,0.014340894485750865,0.0,0.0,4
151,0,0.004437395482047612,0.0,0.0,1
152,0,0.034252690396113415,0.0,0.0,2
153,0,0.031831536799261685,0.0,0.0,1
154,0,0.011837436358046245,0.0,0.0,1
155,0,0.012261137295143222,0.0,0.0,1
158,0,0.012819139401148049,0.0,0.04,2
159,0,0.12077654350115087,0.0,0.05,1
160,1,0.4016761101895979,1.0,0.74,1
161,1,0.2016034353205922,1.0,0.55,4
162,0,0.0015742034175244572,0.0,0.0,1
164,0,0.0016798956473719486,0.0,0.01,1
165,0,0.0006569639807138154,0.0,0.0,1
167,0,0.001712003731949358,0.0,0.01,1
168,1,0.26616914021353266,1.0,0.47,5
169,0,0.04454742501098167,0.0,0.04,3
170,0,0.0011076227620689,0.0,0.0,3
171,0,0.03163289526254117,0.0,0.0,4
172,0,0.0007707432550583705,0.0,0.0,3
173,0,0.0008844719198405672,0.0,0.01,1
174,0,0.04248918721999772,0.0,0.03,1
175,0,0.002176439586175888,0.0,0.0,4
176,0,0.001877556163208316,0.0,0.0,2
177,0,0.0030193108292945773,0.0,0.0,2
178,0,0.02278881429333948,0.0,0.0,4
179,0,0.003764206804878345,0.0,0.0,5
180,0,0.029613472356354312,0.0,0.0,1
181,0,0.0005763641098196034,0.0,0.0,4
182,0,0.0024112450783327862,0.0,0.0,2
183,0,0.003496711587527697,0.0,0.0,4
184,0,0.0018999620930546344,0.0,0.0,1
185,0,0.0013408363386564956,0.0,0.0,1
186,0,0.021671955594453944,0.0,0.0,3
187,0,0.002102835883997446,0.0,0.0,4
188,0,0.0015258203687206699,0.0,0.0,3
189,0,0.00843131362248888,0.0,0.0,4
190,0,0.03231458067157425,0.0,0.0,2
191,0,0.004087155633794445,0.0,0.0,2
192,0,0.01467579571204538,0.0,0.0,5
193,0,0.0038116000599563906,0.0,0.0,1
194,1,0.2421851306232692,1.0,0.7,5
195,0,0.004442909751251903,0.0,0.0,2
198,0,0.00262444823555769,0.0,0.0,3
199,0,0.013320270675898525,0.0,0.0,2
200,0,0.004790201094837682,0.0,0.0,4
201,0,0.014347305725826166,0.0,0.0,5
202,0,0.004409559536167882,0.0,0.0,3
203,0,0.002493361206113288,0.0,0.0,3
205,0,0.020497537187986883,0.0,0.0,4
206,0,0.006339475583605893,0.0,0.0,1
207,1,0.27412498073426517,0.0,0.15,5
208,0,0.006261827107502986,0.0,0.0,3
209,0,0.013168143728828605,0.0,0.0,3
211,0,0.0023987722280375463,0.0,0.0,2
212,0,0.021920760270436344,0.0,0.0,1
213,0,0.0060849519552992355,0.0,0.0,2
216,0,0.0054666822548280316,0.0,0.0,1
217,0,0.0060619132300398235,0.0,0.01,1
218,0,0.003138244517245971,0.0,0.0,1
219,0,0.012418942280624205,0.0,0.0,2
220,0,0.09587258788551384,0.0,0.01,3
222,0,0.005145306977481384,0.0,0.0,1
223,0,0.004490925889686763,0.0,0.0,5
224,0,0.0011469074376392885,0.0,0.0,3
225,0,0.08179711513716868,0.0,0.0,5
226,0,0.018511562307955687,0.0,0.0,3
227,0,0.006065495043889292,0.0,0.0,4
228,0,0.013217144081119792,0.0,0.0,5
229,0,0.0016673581250095655,0.0,0.0,2
230,0,0.004800538961845129,0.0,0.0,2
231,0,0.012785685112983067,0.0,0.0,1
234,0,0.021698972658061377,0.0,0.0,4
235,0,0.009704619117544786,0.0,0.01,2
236,0,0.009168873122522757,0.0,0.0,4
237,0,0.006124612038330457,0.0,0.0,3
238,0,0.0636195861595855,0.0,0.0,4
239,0,0.0036015249103942045,0.0,0.0,3
241,0,0.004989899637795242,0.0,0.0,5
243,0,0.02528328825504331,0.0,0.02,5
245,0,0.004051854503033405,0.0,0.02,4
246,0,0.006336184490477924,0.0,0.01,2
247,0,0.0543009233467108,0.0,0.01,5
250,0,0.0008708166000126145,0.0,0.0,3
251,0,0.001048021387410738,0.0,0.01,2
252,0,0.0015247369509251661,0.0,0.0,5
253,0,0.002281754312552664,0.0,0.01,3
254,0,0.0012515672938624993,0.0,0.0,4
255,0,0.0012296026377129562,0.0,0.0,2
256,0,0.1089890083205028,0.0,0.23,1
257,0,0.00034830405144400657,0.0,0.0,5
258,0,0.0010345487780850577,0.0,0.0,4
259,1,0.21455022445566366,1.0,0.55,5
260,0,0.01616445341984624,0.0,0.0,3
262,0,0.0004034030366191899,0.0,0.0,2
263,0,0.00035107467890760157,0.0,0.01,2
264,0,0.005670123348196721,0.0,0.0,4
265,0,0.0007357213260553421,0.0,0.0,1
266,0,0.001986003190365186,0.0,0.03,1
268,0,0.0005880541137691519,0.0,0.0,3
269,0,0.0012740450998244962,0.0,0.0,2
270,0,0.001288771849953084,0.0,0.0,4
271,0,0.0011786568101128463,0.0,0.0,3
273,0,0.006383047840600639,0.0,0.0,2
275,0,0.06197763828203053,0.0,0.0,4
276,0,0.0008495891803551306,0.0,0.0,3
277,0,0.0188388824927165,0.0,0.0,4
278,0,0.0005851164145392712,0.0,0.0,1
279,0,0.0012418146877959506,0.0,0.0,3
280,0,0.004397493112203687,0.0,0.0,4
282,0,0.010374931723182544,0.0,0.0,2
284,0,0.008775995984791994,0.0,0.0,4
285,0,0.003011617756350858,0.0,0.0,5
286,0,0.0023629982744762606,0.0,0.0,1
288,0,0.0009273996460013593,0.0,0.01,2
290,0,0.00944243755792373,0.0,0.0,3
291,0,0.00812712656816194,0.0,0.0,1
292,0,0.0006728779230688952,0.0,0.02,3
294,0,0.014844351142033939,0.0,0.01,5
295,0,0.002713786334061162,0.0,0.0,4
296,0,0.007024624328149483,0.0,0.0,2
297,0,0.0012500151750121783,0.0,0.0,1
298,0,0.008405773795085319,0.0,0.0,5
299,0,0.001960304711581329,0.0,0.0,3
300,0,0.011856724574093105,0.0,0.0,5
301,0,0.0019883614069654085,0.0,0.0,3
302,0,0.0009755895232336042,0.0,0.0,5
303,0,0.007051248875469122,0.0,0.0,3
304,0,0.002625026210450531,0.0,0.0,3
305,0,0.020405100546254926,0.0,0.0,2
307,0,0.0037886757265165236,0.0,0.0,4
308,0,0.005452257450363841,0.0,0.01,5
309,0,0.0029168234089614864,0.0,0.0,4
310,0,0.009447627265192422,0.0,0.0,3
311,0,0.008141892224169726,0.0,0.0,2
312,0,0.0017769556754414658,0.0,0.0,5
315,0,0.04968710906689706,0.0,0.0,5
316,0,0.014227650138336599,0.0,0.0,5
317,0,0.003321495401778997,0.0,0.01,4
319,0,0.0036214007849596427,0.0,0.0,3
320,0,0.0035963321409384907,0.0,0.01,4
321,0,0.0017622702380234827,0.0,0.0,4
322,0,0.0056420746198153566,0.0,0.0,4
324,0,0.010522497163477796,0.0,0.0,1
325,0,0.002988854517621879,0.0,0.0,2
326,0,0.013225759592062887,0.0,0.0,2
328,0,0.006715610458147902,0.0,0.01,1
329,0,0.005046810052297215,0.0,0.01,5
331,0,0.055561929648338795,0.0,0.1,2
332,0,0.000986243553413814,0.0,0.0,1
333,0,0.0004160876076771466,0.0,0.0,5
334,0,0.0014768647190448324,0.0,0.0,3
335,0,0.00028003269545700225,0.0,0.0,2
336,0,0.0007930686496824158,0.0,0.0,5
337,0,0.0004654525942848065,0.0,0.0,2
338,0,0.0011500706020489435,0.0,0.0,2
339,0,0.0008635363122805266,0.0,0.0,5
340,0,0.0006208444894260994,0.0,0.0,3
341,0,0.00015425074188247858,0.0,0.0,4
343,0,0.004171186182966382,0.0,0.0,4
344,0,0.03020698618578766,0.0,0.02,4
345,0,0.0005903066823145414,0.0,0.0,1
346,0,0.002060719123692092,0.0,0.0,5
347,0,0.0024292688581290145,0.0,0.0,3
348,0,0.0004889632360032643,0.0,0.0,3
349,0,0.000777000675352255,0.0,0.0,2
350,0,0.0010807574847978636,0.0,0.01,1
352,0,0.005345879411464331,0.0,0.0,2
353,0,0.00042423729301231254,0.0,0.0,5
355,0,0.003957119870725292,0.0,0.0,4
356,0,0.004162062710940184,0.0,0.0,5
357,0,0.0005942289135343358,0.0,0.0,4
359,0,0.0005898116457373308,0.0,0.0,3
360,0,0.0011519938995796033,0.0,0.0,1
361,0,0.0032286433899574333,0.0,0.0,1
362,0,0.0004002707646678298,0.0,0.0,4
363,0,0.01180903816086174,0.0,0.0,4
364,0,0.054409135935422515,0.0,0.0,4
366,0,0.0037113051085516375,0.0,0.0,1
367,0,0.002509052747059418,0.0,0.0,1
368,0,0.0019287728188145488,0.0,0.0,5
369,0,0.0009466983139856261,0.0,0.0,4
370,0,0.0035559173997102146,0.0,0.0,4
371,0,0.006623190686545032,0.0,0.01,1
372,0,0.015187681498147797,0.0,0.0,2
373,0,0.0018016909626877567,0.0,0.01,3
374,0,0.004102246181403589,0.0,0.0,1
376,0,0.017467033029986805,0.0,0.0,4
378,0,0.003947138776108464,0.0,0.0,4
379,0,0.0014284892537848723,0.0,0.0,2
381,0,0.00601179040011674,0.0,0.0,2
382,0,0.005486302340298458,0.0,0.0,4
383,0,0.0030733361859431717,0.0,0.0,4
384,0,0.0011363719871557928,0.0,0.0,5
385,0,0.004060930161761048,0.0,0.0,3
387,0,0.07092430684828091,0.0,0.01,1
389,0,0.05130470123501608,0.0,0.0,1
390,0,0.016064147608842633,0.0,0.0,2
391,0,0.0026144634629571353,0.0,0.0,5
392,0,0.007753228272072936,0.0,0.0,5
393,0,0.017240114210872303,0.0,0.0,2
394,0,0.006614842699663639,0.0,0.0,2
395,0,0.00666675433341915,0.0,0.0,5
396,0,0.011123815870072539,0.0,0.0,4
397,0,0.0039001186407060075,0.0,0.0,3
399,0,0.0304984612321484,0.0,0.01,1
400,0,0.009321181563304061,0.0,0.0,3
401,0,0.007206771597325517,0.0,0.0,1
402,0,0.004671808012601331,0.0,0.0,2
403,0,0.0826682729876811,0.0,0.08,4
406,0,0.08775164634400083,0.0,0.0,1
407,0,0.025331333085282903,0.0,0.0,1
408,0,0.006654369823631975,0.0,0.0,2
410,0,0.012112924321320622,0.0,0.0,4
411,0,0.011294673646986286,0.0,0.0,5
412,0,0.022245331269101994,0.0,0.03,5
413,0,0.004518241801212139,0.0,0.02,3
414,0,0.0034296621807287844,0.0,0.06,4
415,0,0.02492948861435011,0.0,0.01,3
416,0,0.00487380524491653,1.0,0.13,4
419,0,0.0002879207398017778,0.0,0.0,5
421,0,0.00025310199761160383,0.0,0.0,5
422,0,0.007326435463678065,0.0,0.0,3
423,0,0.0024313347546129427,0.0,0.0,1
424,0,0.0015668445697797323,0.0,0.0,3
425,0,0.00013966112271210503,0.0,0.0,3
427,0,0.001179090197802115,0.0,0.0,4
428,0,0.0007046160283126322,0.0,0.0,3
429,0,0.014697620891962849,0.0,0.05,5
430,0,0.0011763385645956886,0.0,0.0,2
432,0,0.00048298625694556153,0.0,0.0,5
434,0,0.0020856922413625585,0.0,0.0,3
435,0,0.0020669451538504603,0.0,0.0,1
436,0,0.0004098623136125837,0.0,0.0,2
437,0,0.0016192531854034875,0.0,0.0,1
438,0,0.007115797880634776,0.0,0.0,4
439,0,0.00028065648134480934,0.0,0.01,2
440,0,0.00038331609155564363,0.0,0.0,4
441,0,0.001753698992288921,0.0,0.01,1
442,1,0.14334065697732634,1.0,0.25,1
443,0,0.002441044749885842,0.0,0.0,3
444,0,0.0024049370693558347,0.0,0.0,1
445,0,0.0010001956861201435,0.0,0.0,2
446,0,0.0007295508288194206,0.0,0.0,5
447,0,0.055026408829061166,0.0,0.11,1
448,0,0.011187654770881982,0.0,0.0,2
449,0,0.004725586923265391,0.0,0.0,4
450,0,0.0006853794420693836,0.0,0.01,3
451,0,0.003054965085762996,0.0,0.0,3
452,0,0.0005622003751873558,0.0,0.0,4
453,0,0.0008753692587800058,0.0,0.0,4
454,0,0.00751070597036299,0.0,0.0,2
455,0,0.09342877236103628,0.0,0.01,4
456,0,0.007229715694118838,0.0,0.0,1
457,0,0.008963241595476887,0.0,0.0,1
458,0,0.003626550151783281,0.0,0.0,5
460,0,0.0012518281846426304,0.0,0.0,1
461,0,0.0011227767686159333,0.0,0.01,1
462,0,0.0032842280872234023,0.0,0.0,4
463,1,0.34205889203367795,1.0,0.92,5
464,0,0.0011935253917417035,0.0,0.0,1
465,0,0.002234936297871837,0.0,0.0,4
466,0,0.0069146708963982815,0.0,0.0,5
467,0,0.008416555590321406,0.0,0.0,5
468,0,0.0013557306613768859,0.0,0.0,1
469,0,0.0005549268426793425,0.0,0.0,2
471,0,0.0013309597642352981,0.0,0.0,3
472,0,0.00281812327052627,0.0,0.0,3
473,0,0.0011109868898214823,0.0,0.0,5
475,0,0.001089064756302975,0.0,0.0,5
476,0,0.003970183252412671,0.0,0.0,5
477,0,0.0012129435564092494,0.0,0.0,4
478,0,0.001264439344448216,0.0,0.0,5
479,0,0.03757451676147549,0.0,0.01,5
480,0,0.0011930640833844543,0.0,0.0,4
481,0,0.0038816877999913032,0.0,0.0,5
483,0,0.05144570096814212,0.0,0.0,4
484,0,0.0016584415720549003,0.0,0.0,5
485,0,0.001657802242867363,0.0,0.06,2
486,0,0.0024902680999846346,0.0,0.0,1
487,0,0.00044826665987765784,0.0,0.0,4
488,0,0.026577011763178972,0.0,0.0,1
489,0,0.03958992615009965,0.0,0.05,5
490,0,0.0014829869928010607,0.0,0.0,2
491,0,0.00877468107449376,0.0,0.0,5
492,0,0.00535296832825678,0.0,0.02,1
493,0,0.0032595108216000785,0.0,0.0,1
494,0,0.009825272931144659,0.0,0.09,4
495,0,0.022535678058167634,0.0,0.0,2
496,0,0.005178657848758483,0.0,0.01,2
498,0,0.0016558964819767055,0.0,0.03,5
499,0,0.002220449924101188,0.0,0.03,5
500,0,0.004491172937639294,0.0,0.02,1
501,0,0.016634029955692648,0.0,0.0,1
502,0,0.005692601110364551,0.0,0.2,5
503,0,0.0013583877593767815,0.0,0.0,3
505,0,0.0005652591020612568,0.0,0.0,4
506,0,0.00015200284984710996,0.0,0.0,3
507,0,0.001656576668697277,0.0,0.0,3
508,0,0.0006750772062174006,0.0,0.0,2
509,0,0.00017374002791575844,0.0,0.0,3
510,0,0.0005163463747779879,0.0,0.0,3
511,0,0.00033751253004329413,0.0,0.0,3
512,0,0.001208511795246554,0.0,0.0,4
513,0,0.00024310748626617476,0.0,0.0,1
514,0,0.00046284973264612485,0.0,0.0,4
515,0,0.0002631753871422331,0.0,0.0,5
516,0,0.0006596678514847003,0.0,0.0,1
517,0,0.015186914779105406,0.0,0.04,1
519,0,0.0006158523996039432,0.0,0.0,5
521,0,0.00018960833447598515,0.0,0.0,3
522,0,0.0005952305457156411,0.0,0.0,3
523,0,0.0013573199273722123,0.0,0.01,1
524,0,0.0009325092098123571,0.0,0.0,4
525,0,0.0021721598114202937,0.0,0.0,2
526,0,0.0032779505531279054,0.0,0.0,5
527,0,0.0004648238144767244,0.0,0.0,4
529,0,0.0008113561442184502,0.0,0.0,4
531,0,0.0003945058129861657,0.0,0.0,5
532,0,0.002085992007848288,0.0,0.0,3
533,0,0.0005779021424175172,0.0,0.0,1
534,0,0.0006748231052727338,0.0,0.0,5
535,0,0.004126559485904606,0.0,0.01,1
536,0,0.00030131995357420433,0.0,0.0,5
537,0,0.0014650216244206059,0.0,0.0,2
538,0,0.0003041490615420617,0.0,0.0,2
540,0,0.004298670872253707,0.0,0.0,4
543,0,0.0006098725556236837,0.0,0.0,3
544,0,0.001034118843359959,0.0,0.0,4
546,0,0.0008241667513922484,0.0,0.0,4
547,0,0.0006858601288900157,0.0,0.0,4
548,0,0.008889632492701504,0.0,0.0,5
549,0,0.001273771489223023,0.0,0.0,1
550,0,0.0011973827938594438,0.0,0.0,1
551,0,0.007360453620452149,0.0,0.01,2
554,0,0.0006836828029098378,0.0,0.0,4
556,0,0.006999245408825296,0.0,0.0,4
557,0,0.0064385777169064465,0.0,0.0,3
558,0,0.002777445903027055,0.0,0.0,5
559,0,0.003073174864451598,0.0,0.0,4
560,0,0.045379831183187155,0.0,0.0,2
562,0,0.00047488588494720344,0.0,0.0,3
563,0,0.0009714589395532577,0.0,0.0,3
564,0,0.0012296671959387288,0.0,0.0,3
565,0,0.0011848557711446712,0.0,0.0,3
566,0,0.00047115608001298547,0.0,0.0,4
567,0,0.0011329400110103311,0.0,0.0,1
569,0,0.0017448254321817509,0.0,0.0,2
570,0,0.004338507831850174,0.0,0.0,3
571,0,0.0007736903796715116,0.0,0.02,3
573,0,0.012336245846366802,0.0,0.01,1
574,0,0.001803863675832394,0.0,0.0,3
576,0,0.025561591780028266,0.0,0.02,1
577,0,0.006189672144869313,0.0,0.0,2
578,0,0.002700868266353542,0.0,0.0,4
579,0,0.00271644896871591,0.0,0.0,2
580,0,0.0016933529158776866,0.0,0.0,5
581,0,0.0036775039644260173,0.0,0.12,5
582,0,0.011343566870655507,0.0,0.28,5
583,0,0.0035271035908137393,0.0,0.01,5
584,0,0.013313858350807442,0.0,0.17,3
586,1,0.07160094309045008,0.0,0.24,4
587,0,0.0024953655120527702,1.0,0.2,3
589,0,0.007391059161761638,0.0,0.08,5
590,0,0.0032972932815431046,0.0,0.06,2
593,0,0.0009315875473203083,0.0,0.03,1
594,0,0.0003169435351669009,0.0,0.03,5
595,0,0.0014913448549193772,0.0,0.01,2
596,0,0.00016174799303011512,0.0,0.0,3
598,0,0.0035428121562181927,0.0,0.0,2
599,0,7.360838978957124e-05,0.0,0.0,2
601,0,0.003428482740861293,0.0,0.0,4
602,0,0.0011081433622304418,0.0,0.01,1
603,1,0.3427390808565798,1.0,0.74,4
604,0,0.00015271650888641568,0.0,0.0,3
605,0,0.0002526512567466148,0.0,0.0,4
606,0,0.007702063052115931,0.0,0.0,2
607,0,0.0001518549613723866,0.0,0.0,3
608,0,0.0018263732086520248,0.0,0.0,3
609,0,0.000530154408631337,0.0,0.0,4
610,0,0.0002460974712781711,0.0,0.0,1
611,0,0.0017701049236487916,0.0,0.0,2
612,0,0.000298248325044203,0.0,0.0,1
613,0,0.0003158321044559536,0.0,0.0,4
614,0,0.0012233359012425297,0.0,0.0,2
615,0,0.0003163622555248602,0.0,0.0,5
616,0,0.00018061730273166707,0.0,0.02,2
617,0,0.00045589486567102475,0.0,0.0,1
619,0,0.004673229357559726,0.0,0.0,2
620,0,0.0027496293935667395,0.0,0.0,3
621,0,0.0016986574011798082,0.0,0.0,3
622,0,0.0011302064718647024,0.0,0.0,2
623,0,0.0017216835549316648,0.0,0.0,5
625,0,0.0008033874445579087,0.0,0.0,2
626,0,0.0006884888158002062,0.0,0.0,4
627,0,0.0016842312049142906,0.0,0.0,2
628,0,0.01792455754781272,0.0,0.01,4
629,0,0.00990049727672352,0.0,0.0,3
630,0,0.009474214706368831,0.0,0.0,1
631,0,0.0015712856482992764,0.0,0.01,2
633,0,0.0033492103576087586,0.0,0.0,1
634,0,0.00334489504642076,0.0,0.0,3
635,0,0.001278241896697584,0.0,0.01,2
636,0,0.004078808564561037,0.0,0.01,2
638,0,0.001583643949696204,0.0,0.0,5
639,0,0.016864275128114645,0.0,0.0,4
640,0,0.0011857594106432967,0.0,0.0,2
641,0,0.006311541259836805,0.0,0.0,4
642,0,0.0121209296309751,0.0,0.0,1
643,0,0.0006296664871407639,0.0,0.0,5
644,0,0.0003454953553689423,0.0,0.0,5
645,0,0.002418705894495262,0.0,0.0,5
646,0,0.003141985465072931,0.0,0.0,5
648,0,0.007206113866566559,0.0,0.0,1
649,0,0.0014382574667411471,0.0,0.02,5
650,0,0.0019412924300779896,0.0,0.0,4
651,0,0.0035332368547601554,0.0,0.0,1
654,0,0.0027454736617078712,0.0,0.0,5
655,0,0.0015709219011710487,0.0,0.0,5
657,0,0.1272530789118149,0.0,0.05,5
658,0,0.0036457442265740493,0.0,0.0,2
659,0,0.029063646544013583,0.0,0.0,5
660,0,0.0008466801741327473,0.0,0.02,2
661,0,0.006985341491873497,0.0,0.01,5
662,0,0.0018463914783202102,0.0,0.0,5
664,0,0.012077112099831129,0.0,0.0,4
665,0,0.002605368853415305,0.0,0.0,2
666,0,0.0125215718090893,0.0,0.0,1
667,0,0.03701084250255261,0.0,0.0,5
668,0,0.0012634703282115313,0.0,0.0,4
669,0,0.0017687574612833177,0.0,0.0,1
670,0,0.004619222235268667,0.0,0.0,5
671,0,0.0030443830722995716,0.0,0.01,3
672,0,0.005459448620734163,0.0,0.0,3
673,0,0.03400974944723023,0.0,0.07,2
674,0,0.0005031843087582535,0.0,0.03,2
675,0,0.0008015436730826256,0.0,0.01,1
676,0,0.0001996360785231645,0.0,0.0,3
678,0,0.014691563299528166,1.0,0.03,2
680,0,0.0004411805939788072,0.0,0.0,2
682,0,0.001996734885959678,0.0,0.0,3
683,0,0.0009558654065281179,0.0,0.0,1
686,0,0.0006207779417653665,0.0,0.0,3
687,0,0.0016350576243239845,0.0,0.0,5
688,0,0.0001400926445354782,0.0,0.02,2
690,0,0.00029348178882269423,0.0,0.0,1
691,0,0.0017840818246828297,0.0,0.0,5
692,0,0.0015559861286249376,0.0,0.0,5
693,0,0.0005203032617772512,0.0,0.0,3
694,0,0.005899514207299582,0.0,0.0,4
695,0,0.004381313342170989,0.0,0.0,5
696,0,0.0004908037533733271,0.0,0.0,5
697,0,0.0005587177052230126,0.0,0.0,4
698,0,0.0030060836408157556,0.0,0.0,4
699,0,0.00020286797312776144,0.0,0.0,4
700,0,0.0007861090071888612,0.0,0.0,3
701,0,0.002814704250058264,0.0,0.0,1
702,0,0.015105235672818924,0.0,0.0,4
703,0,0.0011104476637483294,0.0,0.0,3
705,0,0.0014908858846662374,0.0,0.0,4
707,0,0.0028147373275167202,0.0,0.0,5
708,0,0.0026045116212166457,0.0,0.0,3
709,0,0.0044863229098503115,0.0,0.0,1
710,0,0.0005521585976100185,0.0,0.0,5
711,0,0.006852206326674475,0.0,0.0,5
712,0,0.0007131851581721595,0.0,0.0,3
713,0,0.007230980214890068,0.0,0.0,5
714,0,0.003054634363170728,0.0,0.0,3
715,0,0.06598155651794677,0.0,0.01,3
718,0,0.0018920344249468298,0.0,0.0,4
719,0,0.18364679411166168,0.0,0.03,3
720,0,0.0012908676205413041,0.0,0.0,1
722,0,0.005016626627730035,0.0,0.0,4
723,0,0.010393104710308907,0.0,0.0,1
724,0,0.003438042748298054,0.0,0.0,4
725,0,0.0035165466968015537,0.0,0.0,4
726,0,0.004245644155132695,0.0,0.0,3
727,0,0.0006915565234809004,0.0,0.0,4
728,0,0.01750129769588169,0.0,0.0,3
729,0,0.005478273860588106,0.0,0.0,5
730,0,0.03447937197493969,0.0,0.0,1
731,0,0.042257592793660946,0.0,0.0,1
733,0,0.001913355463053273,0.0,0.04,4
736,0,0.004718588283481882,0.0,0.0,2
737,0,0.0017613872471205169,0.0,0.0,5
738,0,0.029721153150994193,0.0,0.0,1
739,0,0.0020699826215060226,0.0,0.01,2
740,0,0.010436571153929543,0.0,0.0,4
741,0,0.004560444451439307,0.0,0.0,3
742,0,0.008419516857251034,0.0,0.0,1
743,0,0.047670396144815275,0.0,0.13,4
745,0,0.06315079295428619,0.0,0.02,5
746,1,0.21449175589148534,1.0,0.61,3
748,0,0.01592216260322642,0.0,0.11,4
749,0,0.014449547396016508,0.0,0.09,1
750,0,0.004802904814844443,0.0,0.05,5
751,0,0.003137918928266755,0.0,0.01,3
752,0,0.03483424287300577,0.0,0.22,2
753,0,0.014664865770201992,0.0,0.15,4
755,0,0.009953226364667032,0.0,0.01,2
756,0,0.02748794119456505,1.0,0.15,4
757,0,0.004701334929193525,0.0,0.17,1
758,0,0.020605120939977378,0.0,0.09,1
759,0,0.003986195726617375,0.0,0.14,3
760,0,0.010742638477453633,0.0,0.04,3
761,0,0.014368299463858042,0.0,0.12,5
762,0,0.009171897792337968,0.0,0.05,3
763,0,0.0015021740827974406,0.0,0.0,2
764,0,0.009016507037738916,0.0,0.0,5
765,0,0.004365735849822584,0.0,0.0,3
766,0,0.0010531473421501434,0.0,0.0,1
767,0,9.301939499559655e-05,0.0,0.0,3
769,0,0.0006001567653662718,0.0,0.01,1
770,0,0.013055003117091887,0.0,0.0,4
771,0,0.009007996430580997,0.0,0.03,1
772,0,0.005695773370180533,0.0,0.0,3
774,0,0.006998830584310176,0.0,0.0,4
775,0,0.0026847781950813028,0.0,0.0,3
776,0,0.0007182031625600879,0.0,0.0,4
777,0,0.0019969635991240473,0.0,0.0,5
778,0,0.0002582175732581181,0.0,0.0,5
780,0,0.00456918538990466,0.0,0.0,2
781,0,0.000598826425539557,0.0,0.0,1
782,0,0.0007962089758247251,0.0,0.0,3
783,0,0.0003233648719135415,0.0,0.01,1
784,0,0.0008637114256979539,0.0,0.0,1
785,0,0.003174958501202142,0.0,0.0,4
786,0,0.0011574636293035364,0.0,0.0,4
790,0,0.0026403474260597117,0.0,0.0,5
791,0,0.0013489446688504168,0.0,0.0,2
792,0,0.0008196947920039505,0.0,0.0,3
793,0,0.0008717751456722101,0.0,0.0,5
795,0,0.0025951257927973865,0.0,0.0,2
796,0,0.0014207579267415814,0.0,0.01,4
798,0,0.0008536969286867285,0.0,0.0,5
799,0,0.0009316039954187683,0.0,0.0,1
800,0,0.0017123478291734887,0.0,0.0,4
801,0,0.0068963331202312505,0.0,0.01,4
802,0,0.0013705248137876743,0.0,0.0,3
804,0,0.0015928225673241616,0.0,0.0,5
805,0,0.005043613118386547,0.0,0.0,3
806,0,0.028766852592499448,0.0,0.0,1
807,0,0.0016908917730865888,0.0,0.0,2
808,0,0.004749755374474616,0.0,0.01,1
809,0,0.010093126555055811,0.0,0.0,3
811,0,0.004447643321663799,0.0,0.0,2
813,0,0.005168946878637542,0.0,0.0,4
814,0,0.009473623571670526,0.0,0.0,4
815,0,0.0012071223061985833,0.0,0.0,2
816,0,0.02394308568179696,0.0,0.0,1
817,0,0.02738090789307596,0.0,0.01,4
818,0,0.007093912205971352,0.0,0.0,1
819,0,0.011715888313141532,0.0,0.0,1
820,0,0.0024769821106610684,0.0,0.0,3
821,0,0.007036923092259949,0.0,0.0,1
822,0,0.0010421487659572639,0.0,0.0,2
824,0,0.004748910999372944,0.0,0.0,2
826,0,0.0030090506455740834,0.0,0.0,5
827,0,0.011054805284871703,0.0,0.0,4
828,0,0.005525106776633413,0.0,0.0,3
829,0,0.004404366285551004,0.0,0.0,1
830,0,0.007629899640613778,0.0,0.0,4
831,0,0.012615428374422305,0.0,0.0,5
832,0,0.006223324845589462,0.0,0.0,4
834,0,0.011999899200372241,0.0,0.01,1
835,0,0.0009550665442502626,0.0,0.0,4
836,0,0.006748454860001022,0.0,0.0,3
837,0,0.042072023513695433,0.0,0.0,5
838,0,0.0025271801554881254,0.0,0.02,3
839,0,0.02948043760456237,0.0,0.0,1
845,0,0.009023630040103396,0.0,0.17,1
847,1,0.7052735023914003,1.0,0.75,1
848,0,0.03943536426112026,0.0,0.03,4
849,0,0.0002813296342914987,0.0,0.03,3
851,0,0.0013563025942994866,0.0,0.01,5
853,0,0.0060545538381856605,0.0,0.01,4
854,0,0.0006818364779544229,0.0,0.0,3
855,0,0.00018467188307767435,0.0,0.01,2
856,0,0.0008446254656228056,0.0,0.0,1
857,0,0.003601324382474422,0.0,0.01,2
858,0,0.00035099374120965704,0.0,0.0,2
859,0,0.001126231146313292,0.0,0.0,5
860,0,9.367975751836978e-05,0.0,0.0,2
861,0,0.0011730207720179102,0.0,0.0,5
862,0,0.0003188906032344474,0.0,0.0,3
863,0,0.0015362633364998917,0.0,0.0,3
864,0,0.0029612272957700754,0.0,0.0,5
865,0,0.0109561331424257,0.0,0.0,4
867,0,0.00041222047823180445,0.0,0.01,3
868,0,0.0006675066728044476,0.0,0.0,5
869,0,0.0039025216438709808,0.0,0.0,3
872,0,0.004230010800561611,0.0,0.0,2
875,0,0.003178234828246939,0.0,0.02,3
876,0,0.0025600951153044275,0.0,0.0,4
877,0,0.0007425050687641042,0.0,0.0,4
878,0,0.002901152693330653,0.0,0.0,5
879,0,0.021155948948993093,0.0,0.01,3
880,1,0.613214151122663,1.0,0.62,1
882,0,0.000716792090109782,0.0,0.0,1
883,0,0.00045878530568121994,0.0,0.0,3
885,0,0.031538374420766624,0.0,0.01,1
886,0,0.0023183329217720035,0.0,0.03,5
887,0,0.0046391478449968335,0.0,0.15,5
888,0,0.00048361368240197025,0.0,0.0,5
889,0,0.005510049991677587,0.0,0.0,5
890,0,0.025240865456413863,0.0,0.0,5
891,0,0.01614401482295345,0.0,0.01,1
892,0,0.043919740209488634,0.0,0.01,1
893,0,0.0017624840501000967,0.0,0.0,2
894,0,0.016649700955774505,0.0,0.0,5
895,0,0.027697288681235346,0.0,0.0,5
896,0,0.0033968374933310073,0.0,0.0,1
898,0,0.036928021733952036,0.0,0.0,4
900,0,0.002479735446733919,0.0,0.0,3
901,0,0.07744636710891738,0.0,0.16,5
902,0,0.020615451688757603,0.0,0.02,1
903,1,0.023853171074404555,0.0,0.02,2
904,0,0.034695560542756285,0.0,0.06,1
905,0,0.007158997637299026,0.0,0.0,4
906,0,0.03131857327485368,0.0,0.0,5
907,0,0.0010903124722484673,0.0,0.0,2
908,0,0.0020712158037164007,0.0,0.0,5
909,0,0.003484351040704239,0.0,0.02,5
910,0,0.003925426040468556,0.0,0.01,5
911,0,0.008487240459813892,0.0,0.0,4
912,0,0.018930391629071144,0.0,0.01,5
915,0,0.004566119883852847,0.0,0.0,4
917,0,0.12738186257661724,0.0,0.01,4
918,0,0.003923049098798315,0.0,0.0,1
919,0,0.060869030655682575,0.0,0.0,5
920,0,0.028594606831538895,0.0,0.0,1
922,0,0.04650298034002384,0.0,0.1,2
923,0,0.011683496139512953,0.0,0.01,4
925,0,0.0031297034763169106,1.0,0.26,1
927,0,0.004864646667517343,0.0,0.02,3
928,0,0.0008435410999062792,0.0,0.0,2
929,0,0.010922988940136028,0.0,0.0,4
930,0,0.003370407055290993,0.0,0.0,4
931,0,0.0008712239972160294,0.0,0.0,4
932,0,0.0030096378015797374,0.0,0.0,2
933,0,0.0011648542045319186,0.0,0.0,2
934,0,0.0018775416750754386,0.0,0.08,5
935,0,0.001336546138215223,0.0,0.0,5
936,0,0.001395392721108723,0.0,0.01,2
937,0,0.028348723556971843,0.0,0.06,3
938,0,0.0008403990237398534,0.0,0.01,5
942,0,0.002021507242528397,0.0,0.0,4
944,0,0.00041734748766571856,0.0,0.0,5
946,0,0.009436367042309504,0.0,0.0,4
948,0,0.0022081512173765675,0.0,0.0,1
949,0,0.0008666107758598958,0.0,0.0,3
950,0,0.001139260447818044,0.0,0.0,2
952,0,0.010077731160134105,0.0,0.0,5
953,0,0.001872179255535575,0.0,0.0,4
954,0,0.0005806123285360257,0.0,0.0,2
955,0,0.000980605230985342,0.0,0.0,5
957,0,0.00041557515971542335,0.0,0.02,5
958,0,0.00584748164806772,0.0,0.0,5
960,0,0.0015472791326829917,0.0,0.0,2
961,0,0.003418708239651217,0.0,0.01,1
963,0,0.0007388739056224973,0.0,0.0,2
964,0,0.0007752750680115603,0.0,0.02,5
965,0,0.01981180149935719,0.0,0.0,1
967,0,0.00182193947145917,0.0,0.0,5
968,0,0.0050031378834956034,0.0,0.0,2
969,0,0.0020901645437743726,0.0,0.0,1
970,0,0.0024204378628040523,0.0,0.0,1
971,0,0.00952013592199595,0.0,0.0,4
972,0,0.005481654668626769,0.0,0.0,1
975,0,0.0036328610106292816,0.0,0.0,2
980,0,0.004003368810934228,0.0,0.0,4
981,0,0.0022927420328643657,0.0,0.0,5
983,0,0.0014002321143679968,0.0,0.0,3
985,0,0.0016215875037579738,0.0,0.0,4
987,0,0.0007163918705097906,0.0,0.0,2
988,0,0.0014070956666837715,0.0,0.0,3
990,0,0.021338033542466054,0.0,0.0,4
992,0,0.009620596927653345,0.0,0.0,4
993,0,0.0010450133746138371,0.0,0.0,5
994,0,0.050518065526267475,1.0,0.31,5
995,0,0.003743991930184426,0.0,0.0,3
996,0,0.008133470858128284,0.0,0.05,5
998,0,0.010409430746692214,0.0,0.0,4
999,0,0.0032792238046755674,0.0,0.0,1
1000,0,0.0026064862023815003,0.0,0.0,5
1001,0,0.009417621352081077,0.0,0.0,1
1002,0,0.009893593331590452,0.0,0.0,5
1004,0,0.0036710448201509906,0.0,0.0,5
1005,0,0.0657338659493316,0.0,0.04,1
1006,0,0.1183726690916922,0.0,0.18,3
1008,0,0.0007959827344965844,0.0,0.0,1
1010,0,0.00017450934033264007,0.0,0.0,2
1012,0,0.0001892212524052621,0.0,0.0,4
1013,0,9.395220441385405e-05,0.0,0.0,2
1014,0,0.0009866294351273226,0.0,0.0,1
1015,0,0.00039858763360891766,0.0,0.01,3
1016,1,0.15809562577004177,1.0,0.55,2
1017,0,0.0006248756617018352,0.0,0.0,1
1018,0,0.014290786620936692,0.0,0.07,5
1020,0,0.032945761674333496,0.0,0.02,1
1021,0,0.0007289205426168365,0.0,0.0,3
1022,0,0.0003983103881728473,0.0,0.0,2
1023,0,0.0012883260179036777,0.0,0.0,1
1025,0,0.0004902374379465407,0.0,0.0,1
1026,0,0.0005007541016501287,0.0,0.0,3
1027,0,0.001798049375556251,0.0,0.0,3
1029,0,0.00013627832357445633,0.0,0.0,3
1030,0,0.0012794202141201555,0.0,0.0,4
1033,0,0.0008406767666774717,0.0,0.03,3
1034,0,0.00047413053641327037,0.0,0.0,3
1035,0,0.0046845271419105735,0.0,0.0,2
1036,0,0.0008624749673348243,0.0,0.0,1
1037,0,0.0008786645131479684,0.0,0.01,1
1041,0,0.0010229819294517762,0.0,0.0,5
1042,0,0.0014670890291744918,0.0,0.0,3
1043,0,0.004261396966510951,0.0,0.0,4
1044,0,0.00574216880965868,0.0,0.0,3
1046,0,0.003539363941927444,0.0,0.01,1
1047,0,0.03190466699343119,0.0,0.0,3
1048,0,0.0017190667542648476,0.0,0.0,1
1049,0,0.0024764226060642034,0.0,0.0,2
1051,0,0.0032247082041514073,0.0,0.01,1
1053,0,0.0007468560671550858,0.0,0.0,1
1054,0,0.0005261636804842252,0.0,0.01,3
1055,0,0.0024471116807709935,0.0,0.0,4
1056,0,0.005050157858167662,0.0,0.0,2
1057,0,0.002388045022639575,0.0,0.0,2
1058,0,0.0009472524729125924,0.0,0.0,5
1060,0,0.019334277672261875,0.0,0.0,4
1061,0,0.020194985192203516,0.0,0.0,5
1062,0,0.00979784313849726,0.0,0.0,3
1063,0,0.0022988101800567175,0.0,0.0,5
1065,0,0.0009825699362540118,0.0,0.0,4
1066,0,0.005179214614670026,0.0,0.0,3
1068,0,0.014582808624884003,0.0,0.0,1
1070,0,0.001230148957572864,0.0,0.0,4
1071,0,0.03402653226116064,0.0,0.0,1
1072,0,0.0073336256931200855,0.0,0.0,3
1073,0,0.01834996692677291,0.0,0.0,3
1075,0,0.035279995158715036,0.0,0.0,3
1076,0,0.010983652722645057,0.0,0.0,2
1077,0,0.004755773885935596,0.0,0.0,5
1078,0,0.0021018929468966563,0.0,0.02,3
1079,0,0.004884963176840111,0.0,0.0,5
1080,0,0.005595330095499069,0.0,0.0,2
1081,0,0.011643109287870155,0.0,0.0,4
1086,0,0.056756035063487274,0.0,0.06,2
1087,1,0.002207586294004805,0.0,0.03,2
1090,0,0.000716289610996389,0.0,0.0,2
1093,0,0.00031967413805936856,0.0,0.0,4
1094,0,0.0006950365921665242,0.0,0.0,5
1095,1,0.2003449901549764,1.0,0.83,3
1097,0,0.0024028463667755684,0.0,0.0,1
1098,0,0.0006140679015339407,0.0,0.0,5
1099,0,0.001730550372402437,0.0,0.0,5
1100,0,0.00041410401645386886,0.0,0.0,5
1101,0,0.0005175238946377168,0.0,0.01,1
1102,0,0.013441411221835398,0.0,0.0,5
1103,0,0.0011726998376423842,0.0,0.01,1
1105,0,0.00040854127812491774,0.0,0.0,4
1106,0,0.0019305166159195803,0.0,0.0,1
1107,0,0.0020426365682068024,0.0,0.0,5
1110,0,0.004422660536054692,0.0,0.02,5
1111,0,0.004052642216474726,0.0,0.0,2
1112,0,0.013471522834052929,0.0,0.0,2
1113,0,0.000585030061564887,0.0,0.0,3
1114,0,0.0005826350032706955,0.0,0.0,2
1115,0,0.0030688601087052025,0.0,0.0,4
1116,0,0.0007238225230539834,0.0,0.0,2
1117,0,0.003012352866724881,0.0,0.0,3
1118,0,0.0016847317731790486,0.0,0.0,5
1119,0,0.06193273756629819,0.0,0.03,4
1120,0,0.0005514969903578153,0.0,0.03,5
1121,0,0.0012676148531150853,0.0,0.0,2
1122,0,0.002174205174219865,0.0,0.0,5
1123,1,0.11688779687188257,1.0,0.27,2
1124,1,0.22061045010996433,1.0,0.7,3
1125,0,0.009291204123110406,0.0,0.0,1
1126,0,0.0020052777793794206,0.0,0.0,5
1128,0,0.0016345393295818795,0.0,0.0,1
1129,0,0.0012161208922749145,0.0,0.0,3
1130,0,0.007039813210847143,0.0,0.0,4
1131,0,0.0006079594324321532,0.0,0.0,1
1132,0,0.08384594198907504,0.0,0.15,1
1133,0,0.007512228865047015,0.0,0.0,1
1134,0,0.020004702418281395,0.0,0.0,1
1135,0,0.004826020919289819,0.0,0.0,4
1136,0,0.004367188332914403,0.0,0.0,5
1137,0,0.0011240049933372125,0.0,0.0,2
1138,0,0.0027327305520046213,0.0,0.0,3
1139,0,0.0011456719302629784,0.0,0.0,1
1140,0,0.002845519455901065,0.0,0.02,5
1141,0,0.0017813085960899629,0.0,0.0,2
1142,0,0.005810578472196698,0.0,0.0,4
1143,0,0.0026352899814683283,0.0,0.0,2
1144,1,0.6085152218394267,1.0,0.82,3
1145,0,0.0013137148435130868,0.0,0.0,2
1146,0,0.016121466985649025,0.0,0.0,1
1147,0,0.0005971828671908382,0.0,0.01,4
1148,0,0.13581294430124527,0.0,0.0,1
1149,0,0.0023078524359462192,0.0,0.0,4
1151,0,0.009412001433654055,0.0,0.03,4
1153,0,0.0056024224875515565,0.0,0.01,4
1154,0,0.0013511661809954966,0.0,0.0,2
1155,0,0.007040222874786983,0.0,0.0,1
1156,0,0.002381684797644367,0.0,0.01,1
1157,0,0.009714339300141947,0.0,0.0,5
1158,0,0.030675670113976948,0.0,0.0,5
1159,0,0.008756461215157383,0.0,0.0,3
1160,0,0.0019829737215378953,0.0,0.0,2
1161,1,0.3071159683105423,1.0,0.5,1
1162,1,0.25272210543077916,0.0,0.1,3
1163,0,0.013380168993904082,0.0,0.25,4
1164,0,0.01113706787149833,0.0,0.08,3
1165,0,0.001958421161819905,0.0,0.08,4
1166,0,0.004102413118435817,0.0,0.04,1
1167,1,0.05606908671046619,0.0,0.37,5
1168,0,0.009368251949652852,0.0,0.01,2
1170,0,0.004089845315302983,1.0,0.1,1
1171,0,0.011489382061376995,1.0,0.15,3
1172,0,0.0027080830736680565,0.0,0.23,5
1173,0,0.01238756030195666,1.0,0.31,1
1174,0,0.0003311230700790931,0.0,0.0,4
1175,0,0.0005612535894843356,0.0,0.0,5
1176,0,0.0003064077061902711,0.0,0.0,3
1177,0,0.0013705688048157806,0.0,0.0,1
1178,0,0.05032556103294619,0.0,0.16,5
1179,0,0.0012773786258392604,0.0,0.0,1
1180,0,0.00018913856561310287,0.0,0.0,3
1182,0,0.0028901651180562207,0.0,0.0,2
1184,0,0.005946614975882931,0.0,0.0,5
1185,0,0.004732107153551931,0.0,0.0,2
1186,0,0.0029832687932768217,0.0,0.0,3
1188,0,0.004296903403531409,0.0,0.01,3
1189,0,0.0005471232440433795,0.0,0.0,3
1190,0,0.001122798224559096,0.0,0.0,5
1191,0,0.000701461658934656,0.0,0.0,4
1192,0,0.0010290940923290137,0.0,0.0,4
1193,0,0.0049818503685902646,0.0,0.02,1
1194,0,0.0021259105384202506,0.0,0.0,4
1195,0,0.0025387786607793416,0.0,0.0,2
1196,0,0.00024183401082218385,0.0,0.0,4
1197,0,0.004118269765914165,0.0,0.0,1
1199,0,0.0009966008120997198,0.0,0.0,5
1201,0,0.014494415633915325,0.0,0.0,4
1202,0,0.005077753480418171,0.0,0.01,1
1203,0,0.00336209231044574,0.0,0.0,1
1204,0,0.0006464623890570262,0.0,0.0,4
1205,0,0.024515270353072133,0.0,0.0,1
1206,0,0.006548564780759652,0.0,0.02,1
1207,0,0.0008686505350450137,0.0,0.0,1
1208,0,0.005534376260720467,0.0,0.0,3
1209,0,0.0665963303088001,1.0,0.73,4
1211,0,0.0027458626585080788,0.0,0.0,2
1212,0,0.04999966744098424,0.0,0.02,4
1213,0,0.002163087850114518,0.0,0.0,3
1214,0,0.002150424196708706,0.0,0.0,2
1215,0,0.0016184613163804436,0.0,0.0,1
1216,0,0.005556606078751304,0.0,0.0,1
1218,0,0.001442251764645501,0.0,0.0,4
1219,0,0.0007503581297808214,0.0,0.01,1
1220,0,0.0004861062788700808,0.0,0.0,4
1221,0,0.0033032618177655936,0.0,0.0,3
1222,0,0.1462455989031516,0.0,0.07,4
1223,0,0.025794639127481846,0.0,0.0,3
1225,0,0.0029419975157666894,0.0,0.0,3
1226,0,0.005526413123799244,0.0,0.0,2
1227,0,0.0027116661285462077,0.0,0.0,5
1228,0,0.00353374933866802,0.0,0.0,4
1229,0,0.01664027237600768,0.0,0.01,3
1230,0,0.0022337974681835766,0.0,0.0,1
1232,0,0.0023850791583530013,0.0,0.0,1
1233,0,0.042210270741047475,0.0,0.0,3
1234,0,0.05065316015528405,0.0,0.01,4
1236,0,0.0039017613552235343,0.0,0.0,5
1237,0,0.0018238027913246816,0.0,0.0,5
1239,0,0.0017706627326131317,0.0,0.01,2
1240,0,0.0025500565465945476,0.0,0.0,5
1242,0,0.01395440084812718,0.0,0.0,2
1243,0,0.07443738133794255,0.0,0.02,1
1244,0,0.003739839401554363,0.0,0.0,3
1245,0,0.0021925315702141096,0.0,0.0,5
1246,0,0.004251435962285499,0.0,0.1,3
1248,0,0.0071583120278723485,0.0,0.1,4
1249,0,0.002354111666271101,0.0,0.17,4
1250,0,0.0050146058920434045,0.0,0.2,5
1252,0,0.024588089005701724,0.0,0.1,1
1253,0,0.008617800743849074,0.0,0.03,1
1254,0,0.002078362135660647,0.0,0.0,3
1255,0,0.0021991105141801015,0.0,0.0,2
1256,0,0.0002861866811402238,0.0,0.0,3
1257,0,0.0009672948869173131,0.0,0.0,2
1258,0,0.005018083255152011,0.0,0.0,2
1259,0,0.0003780845751248622,0.0,0.01,2
1260,0,0.00018083830196940546,0.0,0.0,5
1261,0,0.0006412421596327812,0.0,0.0,1
1263,0,0.028993349243523973,0.0,0.05,1
1264,0,0.002524510548413034,0.0,0.0,5
1265,0,0.0006320414718523181,0.0,0.0,1
1266,0,0.001068817782573093,0.0,0.0,1
1267,0,0.0007588261553321513,0.0,0.0,1
1268,0,0.00510264792684379,0.0,0.0,4
1269,0,0.0010869159950968868,0.0,0.0,3
1270,0,0.06112802493338099,0.0,0.5,3
1271,0,0.000656862301288186,0.0,0.0,5
1274,0,0.0012340491615084278,0.0,0.0,1
1275,0,0.0016010981604923187,0.0,0.01,4
1276,0,0.001865952094907421,0.0,0.0,3
1277,0,0.0022864312934776795,0.0,0.0,4
1278,0,0.0204687114797922,0.0,0.04,1
1279,0,0.0016184183766828869,0.0,0.0,4
1280,0,0.0007283269900311605,0.0,0.0,1
1282,0,0.001212866746348014,0.0,0.0,2
1283,0,0.0018897425023619366,0.0,0.0,3
1284,1,0.0053480729008808636,0.0,0.0,4
1285,0,0.0023678684007220462,0.0,0.0,5
1287,0,0.0018211878816476721,0.0,0.01,4
1288,0,0.008620125283074879,0.0,0.0,2
1289,0,0.0010692836505071762,0.0,0.0,1
1291,0,0.0006024358001625391,0.0,0.0,5
1292,0,0.0015950778700193735,0.0,0.0,5
1293,0,0.0009131341601331853,0.0,0.0,1
1294,0,0.0032543428065540687,0.0,0.0,5
1295,0,0.05925494958784415,0.0,0.03,1
1296,0,0.002627323377395689,0.0,0.0,5
1297,0,0.003491197352288521,0.0,0.0,4
1298,0,0.016918324250773067,0.0,0.0,1
1302,0,0.022292791023961055,0.0,0.01,1
1304,0,0.01207341904424457,0.0,0.0,5
1305,0,0.0026903955834639225,0.0,0.0,1
1306,0,0.005747559542673423,0.0,0.0,5
1309,0,0.0021632186592291216,0.0,0.0,2
1311,0,0.0012023368839081366,0.0,0.0,1
1312,0,0.007747036684841829,0.0,0.0,2
1315,0,0.025517668007997915,0.0,0.0,5
1316,0,0.0023500176437852363,0.0,0.0,2
1317,0,0.01418247381998407,0.0,0.0,5
1318,0,0.0016552177118411054,0.0,0.0,1
1319,0,0.010964124155844517,0.0,0.03,3
1321,0,0.045384968711998916,0.0,0.04,5
1322,0,0.03529113811707485,0.0,0.0,1
1323,0,0.03736746962411041,0.0,0.07,5
1324,1,0.7839571946680981,1.0,0.63,3
1327,0,0.006646481648354491,0.0,0.0,2
1328,0,0.0026567539241927588,0.0,0.04,4
1329,0,0.0023026089675948773,0.0,0.07,3
1330,0,0.006877968335103585,0.0,0.03,1
1332,0,0.007525843521794945,0.0,0.03,2
1333,0,0.003145802335165864,0.0,0.0,4
1334,1,0.026448611163455447,0.0,0.3,2
1335,1,0.0837985117022773,1.0,0.83,4
1336,0,0.004413469979243531,0.0,0.24,1
1339,0,0.0002103713826901971,0.0,0.0,3
1340,0,0.0005490075836027126,0.0,0.0,1
1342,0,0.00018626786643096208,0.0,0.0,2
1346,0,0.00025471528946541624,0.0,0.0,1
1347,0,0.0003617050485578413,0.0,0.0,4
1348,0,0.0006954925971023308,0.0,0.0,3
1350,0,0.0034898900858707734,0.0,0.01,1
1351,0,0.002899245561163392,0.0,0.0,5
1352,0,0.0002718670711608572,0.0,0.0,2
1354,0,0.0016222568304674152,0.0,0.03,1
1355,0,0.0015718046893826614,0.0,0.0,4
1356,0,0.0015366980800445296,0.0,0.0,2
1357,0,0.003546364965790923,0.0,0.0,2
1358,0,0.0007514439352447621,0.0,0.0,4
1359,0,0.006395417181124336,0.0,0.0,2
1360,0,0.0002759799124062279,0.0,0.0,1
1362,0,0.0025514991472724647,0.0,0.0,1
1363,0,0.03545935010139878,0.0,0.0,2
1365,0,0.0016551087993235286,0.0,0.0,5
1366,0,0.018888154638376075,0.0,0.02,4
1367,0,0.0012618504082116408,0.0,0.0,4
1369,0,0.0011950690651672945,0.0,0.0,1
1371,0,0.0006878350422452556,0.0,0.0,5
1372,0,0.004014698712866243,0.0,0.0,4
1373,0,0.04009406970892142,0.0,0.03,1
1374,0,0.0016209343195414594,0.0,0.0,4
1375,0,0.0007143207798259758,0.0,0.0,3
1376,0,0.0001770239720341875,0.0,0.0,4
1377,0,0.008762630995367128,0.0,0.0,3
1380,0,0.00203215369564749,0.0,0.0,5
1381,0,0.0013159726495742756,0.0,0.0,5
1382,0,0.001043966144118017,0.0,0.0,2
1383,0,0.0033817416285884328,0.0,0.0,1
1385,0,0.002262041626449727,0.0,0.0,1
1386,0,0.0021078966210154085,0.0,0.0,1
1387,0,0.002796752604668366,0.0,0.0,2
1388,0,0.008392354833448289,0.0,0.0,1
1389,0,0.01109173456045284,0.0,0.0,2
1392,0,0.014943161634837068,0.0,0.0,2
1393,0,0.0020473518563448585,0.0,0.0,4
1394,0,0.018287866035042243,0.0,0.0,1
1395,0,0.0022220264594844286,0.0,0.0,3
1396,0,0.0030502347488056245,0.0,0.0,4
1397,0,0.0065810042980912,0.0,0.0,2
1398,0,0.021009778324444287,0.0,0.0,5
1399,0,0.018616922878367612,0.0,0.0,2
1400,0,0.22996836127815692,1.0,0.15,1
1401,0,0.002361804410787988,0.0,0.01,5
1404,0,0.008834429291117532,0.0,0.0,5
1406,0,0.029743675352147794,0.0,0.0,2
1407,0,0.0027881942536746034,0.0,0.0,5
1408,0,0.05111591646183173,0.0,0.0,1
1409,0,0.011135737873619104,0.0,0.0,1
1410,0,0.08794907887042039,0.0,0.0,4
1411,0,0.012288968654279973,0.0,0.0,4
1412,0,0.056504408112336105,0.0,0.02,4
1413,0,0.0032973517350217787,0.0,0.0,1
1414,0,0.021825857122235396,0.0,0.0,2
1415,0,0.005709075075201382,0.0,0.0,1
1416,0,0.010445192245827788,0.0,0.13,3
1417,0,0.009626910563753314,0.0,0.02,5
1419,1,0.0698037298353169,1.0,0.48,5
1420,0,0.001533368516329737,0.0,0.0,4
1421,0,0.003953353515211263,0.0,0.15,1
1422,0,0.0002621544432504682,0.0,0.0,3
1423,0,0.00023734775415298252,0.0,0.0,1
1424,0,0.0031749585631920757,0.0,0.0,5
1430,0,0.002829429962287316,0.0,0.0,5
1431,0,0.0003331708006887007,0.0,0.01,5
1432,0,0.001298640997713887,0.0,0.03,1
1434,0,0.002525501011967642,0.0,0.01,4
1435,0,0.0014284068894500786,0.0,0.09,5
1436,0,0.002503869893140808,0.0,0.0,3
1437,1,0.0014606613331429787,0.0,0.0,3
1438,0,0.001006224341489157,0.0,0.0,4
1439,0,0.0005901927481123962,0.0,0.0,5
1440,0,0.00048421874872400496,0.0,0.0,1
1441,0,0.001717984262706145,0.0,0.0,5
1442,0,0.0005297098050122582,0.0,0.0,4
1443,0,0.0030853625445547215,0.0,0.0,1
1444,0,0.0007714774825116651,0.0,0.0,4
1445,0,0.00029179357500344865,0.0,0.0,2
1446,0,0.0013853452883734053,0.0,0.0,4
1447,0,0.0010867078701624962,0.0,0.0,4
1450,0,0.0006072154579860247,0.0,0.01,4
1451,0,0.0011371597138582316,0.0,0.0,3
1452,0,0.001211994468766809,0.0,0.0,1
1453,0,0.0012886913263203245,0.0,0.0,3
1454,0,0.006297267435429018,0.0,0.0,1
1455,0,0.01792749245311537,0.0,0.0,1
1456,0,0.004475030155233167,0.0,0.0,3
1457,0,0.002951662875925957,0.0,0.0,5
1458,0,0.019815138741017178,0.0,0.02,4
1459,0,0.000681662519788573,0.0,0.0,1
1460,0,0.009371496270117923,0.0,0.0,2
1461,0,0.00808104424935966,0.0,0.0,3
1462,0,0.0007459267948432359,0.0,0.0,2
1463,0,0.006753231626831663,0.0,0.0,3
1464,0,0.005311175538324479,0.0,0.0,5
1465,0,0.005866603832636007,0.0,0.0,3
1466,0,0.01101676167169143,0.0,0.02,2
1467,0,0.00040789428331850896,0.0,0.01,1
1468,0,0.0026330926478182626,0.0,0.01,3
1469,0,0.00478151732388945,0.0,0.0,4
1470,0,0.0032747586038231508,0.0,0.01,4
1471,0,0.05340857699208261,0.0,0.02,2
1472,0,0.0038493899815860103,0.0,0.0,1
1473,0,0.0031907344823442416,0.0,0.0,3
1474,0,0.18576342324674636,0.0,0.24,3
1476,0,0.0013041418683543303,0.0,0.01,3
1477,0,0.0025958593184661153,0.0,0.0,5
1478,0,0.003045324718037865,0.0,0.0,4
1479,0,0.00215493921953906,0.0,0.0,3
1482,0,0.05140362806146795,0.0,0.0,2
1483,0,0.0034221141640006277,0.0,0.0,2
1484,0,0.005046810141721237,0.0,0.01,2
1485,0,0.0027371503717482397,0.0,0.0,4
1486,0,0.0009969902445474549,0.0,0.0,2
1487,0,0.027833883848914602,0.0,0.0,3
1488,0,0.005294213548817115,0.0,0.0,4
1489,0,0.0013960421126257496,0.0,0.0,4
1490,0,0.003574115498232981,0.0,0.0,5
1491,0,0.004659246546501422,0.0,0.0,3
1492,1,0.40857259851912114,0.0,0.01,3
1493,0,0.032585722462007555,0.0,0.0,1
1494,0,0.013383773725700225,0.0,0.02,2
1495,0,0.0030820409346834195,0.0,0.0,4
1496,1,0.6833995610314699,1.0,0.9,1
1497,0,0.009146725121404726,0.0,0.0,4
1498,0,0.006389423804589231,0.0,0.0,2
1499,0,0.025433374844866012,0.0,0.0,2
1500,0,0.011525194659953227,0.0,0.0,5
1501,0,0.03248499633538491,0.0,0.01,5
1503,0,0.006081755640667677,0.0,0.03,4
1504,0,0.07525873412263112,0.0,0.07,2
1505,0,0.02009382077499257,0.0,0.01,5
1506,0,0.006362293493485942,0.0,0.01,2
1507,0,0.14081504942435427,0.0,0.24,5
1509,1,0.003658918276370427,0.0,0.2,3
1510,0,0.0006846809544575597,0.0,0.0,3
1511,0,0.0003361972675293812,0.0,0.0,5
1512,0,0.0002516202188934887,0.0,0.0,1
1513,0,0.00029457952206108035,0.0,0.0,2
1514,0,0.0014221544234917097,0.0,0.0,5
1515,0,0.0008647043289418955,0.0,0.0,4
1516,0,0.0041565879262438305,0.0,0.01,5
1517,0,0.0002254715885514411,0.0,0.02,4
1519,0,0.0006910584095496234,0.0,0.0,1
1520,0,0.0008701181929791722,0.0,0.0,2
1521,0,0.0005355508486160243,0.0,0.0,1
1522,0,0.0008221432565539649,0.0,0.0,5
1523,0,0.0007289132811931405,0.0,0.0,3
1525,0,0.04660372083729594,0.0,0.08,1
1526,0,0.0011232976663191239,0.0,0.0,3
1528,0,0.0005785863487592572,0.0,0.0,5
1529,0,0.0009906898029187175,0.0,0.0,5
1530,0,0.002207066426255679,0.0,0.0,4
1531,0,0.0006980529008796778,0.0,0.0,3
1532,0,0.00033958138092425377,0.0,0.01,3
1533,0,0.004538866551457708,0.0,0.0,1
1534,0,0.0016533405992169088,0.0,0.0,2
1535,0,0.002191825380503431,0.0,0.0,4
1536,0,0.010096826744446133,0.0,0.01,3
1537,0,0.0010285387366827194,0.0,0.01,4
1539,0,0.005368066504578535,0.0,0.0,2
1540,0,0.001928134160654453,0.0,0.0,5
1541,0,0.027938984658165054,0.0,0.19,3
1542,0,0.03952448748141518,0.0,0.01,5
1544,0,0.0757007334530399,0.0,0.0,4
1545,0,0.002684606634319774,0.0,0.0,1
1546,0,0.00986761702607562,0.0,0.0,2
1547,0,0.041524387044157625,0.0,0.0,3
1548,0,0.011581332151660916,0.0,0.0,4
1549,0,0.0028298751004646873,0.0,0.0,1
1550,0,0.00288507296702912,0.0,0.0,4
1551,0,0.00359140941384306,0.0,0.0,1
1552,0,0.003694630646901271,0.0,0.0,3
1553,0,0.12190696907236295,0.0,0.0,2
1554,0,0.0007940017284414476,0.0,0.02,3
1555,0,0.00843865947652589,0.0,0.0,3
1556,0,0.008197007959003575,0.0,0.0,3
1557,0,0.0012027348525054467,0.0,0.0,3
1558,0,0.0083812571359351,0.0,0.0,4
1559,0,0.008005511460040369,0.0,0.0,4
1560,0,0.004857563397192785,0.0,0.0,5
1562,0,0.04159492906385558,0.0,0.0,3
1563,0,0.04948709859863179,0.0,0.0,3
1565,0,0.008631261363943665,0.0,0.0,5
1566,0,0.0062793707403616915,0.0,0.0,3
1569,0,0.009351959042908014,0.0,0.0,5
1570,0,0.01198401899981209,0.0,0.0,2
1572,0,0.09407369492406356,0.0,0.04,3
1573,0,0.012502719996300269,0.0,0.0,2
1575,0,0.012893344634419471,0.0,0.0,5
1576,0,0.01936742694734043,0.0,0.0,1
1577,0,0.025122002707131778,0.0,0.0,4
1578,0,0.015852673107755073,0.0,0.0,4
1579,0,0.02356215793066725,0.0,0.0,1
1580,0,0.0302391039117268,0.0,0.0,2
1581,0,0.0025814089617659875,0.0,0.0,5
1582,0,0.013056360634019085,0.0,0.0,2
1583,1,0.34640701292194015,1.0,0.35,1
1585,0,0.05056039245320649,0.0,0.01,3
1587,0,0.015474235820154352,0.0,0.0,1
1588,0,0.018980790032813194,0.0,0.0,1
1589,0,0.009710800667966422,0.0,0.01,5
1590,0,0.007287792318145719,0.0,0.06,2
1591,0,0.03774443691283392,0.0,0.31,2
1592,0,0.02395729282553073,0.0,0.02,2
1593,0,0.006181480794052491,0.0,0.04,3
1594,0,0.059476578176977594,0.0,0.09,1
1595,1,0.11353227835202848,1.0,0.7,2
1596,0,0.0011329688510834217,0.0,0.0,3
1597,0,0.002110248188826153,0.0,0.0,5
1598,0,0.0005594585354846485,0.0,0.0,5
1599,0,0.006313708988425251,0.0,0.0,3
1601,0,0.002506794401043886,0.0,0.0,2
1602,0,0.0003361406566805744,0.0,0.0,2
1603,0,0.0005145660414574349,0.0,0.0,5
1604,0,0.000846617962075574,0.0,0.0,2
1606,0,0.0016799758192137832,0.0,0.0,2
1607,0,0.006200033222661529,0.0,0.0,2
1608,0,0.0003049282806381077,0.0,0.01,2
1609,0,0.0011189985139961431,0.0,0.0,3
1610,0,0.002300445918014158,0.0,0.0,2
1611,0,0.0004481066365634498,0.0,0.0,3
1612,0,0.001920587627147136,0.0,0.0,3
1613,0,0.11040962387122773,0.0,0.19,1
1614,0,0.0010696961715474,0.0,0.0,4
1615,0,0.012473630364260524,0.0,0.0,3
1617,0,0.0015121958784503947,0.0,0.0,1
1618,0,0.05004533646307767,0.0,0.03,5
1619,0,0.0027006948303754945,0.0,0.0,4
1620,0,0.01013127633109011,0.0,0.0,1
1621,0,0.001492843264868515,0.0,0.0,4
1622,0,0.001345175552261368,0.0,0.0,4
1623,0,0.004906136550765917,0.0,0.0,4
1625,0,0.005361365507426595,0.0,0.0,5
1627,0,0.001989526095355975,0.0,0.0,5
1628,0,0.0011899561162937691,0.0,0.0,2
1629,0,0.019853217928194847,0.0,0.0,4
1631,0,0.0016211573595151076,0.0,0.0,5
1632,0,0.004943117562006591,0.0,0.0,5
1633,0,0.012980912486034488,0.0,0.0,3
1634,0,0.10361700363753194,0.0,0.04,2
1635,0,0.10329673276700765,0.0,0.0,3
1637,0,0.007869391058607081,0.0,0.0,4
1638,0,0.0067767771964855434,0.0,0.01,5
1639,0,0.005942366323305774,0.0,0.0,1
1640,0,0.004941139694019494,0.0,0.0,5
1641,0,0.002714564452367659,0.0,0.0,3
1642,0,0.0020756155155751,0.0,0.0,4
1643,0,0.0018379016261471687,0.0,0.0,2
1644,0,0.005881450348183823,0.0,0.0,1
1645,0,0.008897440461364635,0.0,0.0,1
1646,0,0.012604597546783253,0.0,0.0,2
1647,0,0.005145050135256513,0.0,0.0,2
1648,0,0.027859102346770345,0.0,0.0,3
1651,0,0.07728240589808094,0.0,0.0,5
1653,0,0.24178890369933856,0.0,0.03,4
1654,0,0.5429470244734161,0.0,0.41,3
1655,0,0.004980189648896799,0.0,0.0,3
1656,0,0.02528905680618562,0.0,0.0,2
1657,0,0.01693203447753555,0.0,0.0,4
1658,0,0.002562720917862804,0.0,0.0,4
1659,0,0.008828806575430847,0.0,0.0,3
1660,0,0.037604996405375964,0.0,0.0,5
1661,0,0.02304634039646335,0.0,0.0,5
1662,0,0.025934288097432867,0.0,0.0,3
1663,0,0.0076097184238527816,0.0,0.01,4
1665,0,0.008500633885224542,0.0,0.0,5
1666,0,0.010058086928880895,0.0,0.0,3
1668,0,0.006249968371934425,0.0,0.0,3
1671,0,0.022490692788744788,0.0,0.02,4
1672,0,0.14057347705314577,0.0,0.0,1
1673,0,0.00944184330070185,0.0,0.01,3
1674,0,0.019604037731255946,0.0,0.1,4
1675,0,0.023044208330100603,0.0,0.08,4
1676,0,0.01226919312177435,0.0,0.28,3
1677,0,0.005743945215430691,0.0,0.04,2
1679,0,0.027846119388414352,0.0,0.26,3
1680,0,0.01587411813732736,0.0,0.15,5
1682,1,0.014232281953211006,0.0,0.05,2
1684,0,0.002872482032310744,0.0,0.01,2
1687,0,0.0009932680369576924,0.0,0.01,5
1688,0,0.0028148812563333512,0.0,0.0,1
1689,0,0.0032406457867076226,0.0,0.0,4
1690,0,0.0014401563018409723,0.0,0.0,3
1693,0,0.0003000618279652331,0.0,0.0,2
1695,0,0.004282375110867563,0.0,0.0,3
1696,0,0.0031807816286913144,0.0,0.0,3
1697,0,0.005808331470813038,0.0,0.0,3
1698,0,0.001770782709150597,0.0,0.0,4
1699,0,0.0036054227041971594,0.0,0.01,1
1700,0,0.001442539250035651,0.0,0.0,4
1702,0,0.009180335469304919,0.0,0.0,2
1703,0,0.0035567208562443924,0.0,0.0,3
1704,0,0.008031435458093955,0.0,0.0,5
1705,0,0.0008653645571406306,0.0,0.0,2
1706,0,0.009421736665848912,0.0,0.0,2
1707,0,0.0031451422062033106,1.0,0.0,5
1708,0,0.0016697609125241385,0.0,0.01,5
1711,0,0.016644486622485785,0.0,0.01,2
1712,0,0.0015109197544092875,0.0,0.0,5
1714,0,0.01701321189144855,0.0,0.0,1
1715,0,0.0026548415723064434,0.0,0.0,3
1716,0,0.004428539657914879,0.0,0.0,1
1717,0,0.0596477155144655,0.0,0.0,2
1718,0,0.002020857459381734,0.0,0.0,2
1719,0,0.003467243830151082,0.0,0.0,3
1720,0,0.012667372413250791,0.0,0.0,5
1721,0,0.008060181927500912,0.0,0.0,4
1722,0,0.003969946823662365,0.0,0.0,3
1723,0,0.00787130591633783,0.0,0.0,2
1726,0,0.006510992437790929,0.0,0.0,1
1729,0,0.006803451358087996,0.0,0.0,2
1730,0,0.05117023706724093,0.0,0.0,5
1734,0,0.005066985048184902,0.0,0.0,5
1735,0,0.01961248871746659,0.0,0.0,5
1736,0,0.006627976694395625,0.0,0.0,4
1737,0,0.0050523039220493485,0.0,0.0,5
1740,0,0.007004698584427363,0.0,0.0,1
1741,0,0.02281788159341753,0.0,0.0,5
1742,0,0.04591181823001688,0.0,0.0,5
1743,0,0.001673373424736903,0.0,0.0,2
1744,0,0.13351131429021573,0.0,0.0,3
1745,0,0.004873232689093625,0.0,0.0,1
1746,0,0.03054135769185194,0.0,0.0,1
1747,0,0.22040725901135824,0.0,0.16,1
1748,0,0.0038569405456426033,0.0,0.02,3
1749,0,0.008885603519667046,0.0,0.0,4
1751,0,0.017198612524182217,0.0,0.04,4
1752,0,0.009304936217215341,0.0,0.03,4
1756,0,0.43649163051373785,0.0,0.13,5
1757,0,0.17327991754770047,0.0,0.05,5
1759,0,0.01271825751999902,0.0,0.03,5
1760,0,0.029766730064215912,0.0,0.01,5
1761,0,0.02183991227839791,0.0,0.04,1
1762,0,0.07216279168925588,0.0,0.03,2
1763,1,0.002571553820084846,0.0,0.05,3
1764,0,0.008478680829947401,0.0,0.01,4
1765,0,0.012123212482392301,0.0,0.03,5
1766,0,0.0006565796308329828,0.0,0.0,4
1767,0,0.0033993105173515063,0.0,0.0,4
1768,0,0.0022129198695769524,0.0,0.0,5
1769,0,0.004623266425239043,0.0,0.0,2
1770,0,0.00033652959738898,0.0,0.01,4
1771,0,0.005981563570531984,0.0,0.0,5
1772,0,0.02675610919077041,0.0,0.0,1
1773,0,0.1310238601152991,0.0,0.02,2
1774,0,0.0009580531136323928,0.0,0.0,3
1775,0,0.011755172905130335,0.0,0.0,4
1776,0,0.0007341507698238875,0.0,0.01,4
1777,0,0.0009841179714091997,0.0,0.0,2
1778,0,0.02301050485560222,0.0,0.03,1
1779,0,0.004929386666062227,0.0,0.0,3
1782,0,0.0032546517447047383,0.0,0.0,2
1783,0,0.005204764376643596,0.0,0.0,1
1784,1,0.48275662016571586,1.0,0.91,2
1785,0,0.004087997908728035,0.0,0.0,4
1786,0,0.0017814631401313523,0.0,0.0,3
1787,0,0.00490805112173943,0.0,0.03,1
1788,0,0.01758617348944302,0.0,0.0,1
1789,1,0.47216313604518334,1.0,0.72,4
1790,0,0.0018780797563415527,0.0,0.0,2
1792,0,0.014707939392853546,0.0,0.0,1
1793,0,0.0030753178095893267,0.0,0.0,3
1794,0,0.009470835970677079,0.0,0.0,4
1795,0,0.0022995818318252708,0.0,0.0,1
1796,0,0.002432513489037468,0.0,0.0,5
1797,0,0.006493226676841943,0.0,0.0,5
1798,0,0.05444756363437444,0.0,0.0,2
1800,0,0.002257063857547151,0.0,0.0,4
1801,0,0.005883481222676371,0.0,0.0,1
1802,0,0.008925463957758317,0.0,0.0,2
1803,0,0.0019927308308454236,0.0,0.0,3
1804,0,0.058957858448671914,0.0,0.0,3
1805,0,0.08912118412205262,0.0,0.04,3
1807,0,0.0018412957581820895,0.0,0.0,2
1808,1,0.4829823135285322,0.0,0.62,3
1810,0,0.07597576556836085,0.0,0.0,2
1814,0,0.010876691451971631,0.0,0.0,5
1815,0,0.005049378055496864,0.0,0.0,3
1816,0,0.041994165986306134,0.0,0.0,5
1817,0,0.002952251321594404,0.0,0.01,4
1818,0,0.00528754404503876,0.0,0.0,1
1819,0,0.013455235853419019,0.0,0.0,2
1820,0,0.03386843326259682,0.0,0.0,3
1822,0,0.0132538870839063,0.0,0.0,1
1823,0,0.062233622054534365,0.0,0.0,1
1824,0,0.35598520626779845,0.0,0.0,3
1825,0,0.006938213362053807,0.0,0.01,2
1826,0,0.013019688719449559,0.0,0.0,1
1827,0,0.038859050870397614,0.0,0.01,5
1828,0,0.25289996781872565,0.0,0.02,1
1829,0,0.009841385176265451,0.0,0.0,2
1830,0,0.01223316220560644,0.0,0.0,3
1831,0,0.05698181489899615,0.0,0.01,2
1832,0,0.041993741073048214,0.0,0.0,5
1834,0,0.009896663522264204,0.0,0.0,2
1835,0,0.00747695674168831,0.0,0.01,5
1836,0,0.011400994648302916,0.0,0.01,1
1837,0,0.01571607874239556,0.0,0.05,5
1838,0,0.010236610213548684,0.0,0.0,1
1839,0,0.0014886045397727616,0.0,0.01,5
1840,0,0.0010310229766402636,0.0,0.0,2
1841,0,0.006719010482805486,0.0,0.0,3
1842,0,0.0005133216329153514,0.0,0.0,4
1844,0,0.00351319521838773,0.0,0.0,2
1845,0,0.0012583572435994562,0.0,0.0,5
1846,0,0.0008425976746207208,0.0,0.0,4
1851,0,0.005380577551417105,0.0,0.0,1
1852,0,0.0024655968539052738,0.0,0.0,4
1854,0,0.0025515366542584366,0.0,0.0,3
1855,0,0.03624506094180253,0.0,0.15,4
1856,0,0.0010407945562207607,0.0,0.0,4
1857,0,0.006058252866246322,0.0,0.01,5
1858,0,0.0008438168637174764,0.0,0.02,4
1859,0,0.004622329879749902,0.0,0.0,4
1860,0,0.0010990420562810735,0.0,0.0,4
1862,0,0.014007885618698344,0.0,0.0,5
1863,0,0.0023000771274283792,0.0,0.0,3
1864,0,0.003360057501714552,0.0,0.0,5
1865,0,0.001656335601024856,0.0,0.0,2
1866,0,0.0007055260229125946,0.0,0.0,3
1868,0,0.10170586191396327,0.0,0.0,1
1869,0,0.001956259963180662,0.0,0.0,4
1870,0,0.008048660700538135,0.0,0.0,5
1871,0,0.0019111134073930146,0.0,0.0,4
1872,0,0.10578790758818236,0.0,0.0,4
1873,0,0.1324540862518852,0.0,0.03,5
1875,0,0.017153432455340078,0.0,0.0,2
1876,0,0.1245358511086659,0.0,0.09,4
1877,0,0.0017833716710284936,0.0,0.0,4
1878,0,0.015085699041118948,0.0,0.0,5
1880,0,0.00296447664007208,0.0,0.0,2
1881,0,0.056882198196950694,0.0,0.0,3
1882,0,0.02836212304637493,0.0,0.0,3
1883,0,0.020189047774059433,0.0,0.01,2
1884,0,0.0034288655623330466,0.0,0.0,1
1885,0,0.011038920163534291,0.0,0.0,4
1886,0,0.011645480529984795,0.0,0.0,4
1887,0,0.003600669956893522,0.0,0.0,5
1888,0,0.007996692693807159,0.0,0.0,1
1890,0,0.016203643361318694,0.0,0.01,4
1891,0,0.008723768621131209,0.0,0.0,3
1893,0,0.002239589706313237,0.0,0.0,2
1895,0,0.10251842612335757,0.0,0.02,1
1897,0,0.007861453379462103,0.0,0.01,4
1898,0,0.11662710525360467,0.0,0.02,5
1899,0,0.004781458554722687,0.0,0.0,1
1900,0,0.0022875864232008523,0.0,0.01,3
1901,0,0.009897684423808282,0.0,0.0,5
1902,0,0.00644224863934326,0.0,0.0,3
1906,0,0.1756711869857803,0.0,0.0,4
1907,0,0.03369097948681994,0.0,0.0,4
1908,0,0.014831504182395318,0.0,0.0,5
1909,0,0.045036221801453405,0.0,0.0,1
1910,0,0.007413198956968409,0.0,0.02,3
1911,0,0.14776964341835522,0.0,0.1,5
1912,0,0.010218309632264635,0.0,0.01,2
1913,0,0.012343633775806747,0.0,0.01,5
1915,0,0.01759490307986904,0.0,0.02,1
1917,0,0.061930656107863594,0.0,0.07,3
1918,0,0.0010024386217195856,0.0,0.0,5
1920,0,0.005843918911839349,0.0,0.06,3
1921,0,0.0015936475797065964,0.0,0.0,1
1922,0,0.00045628939513157256,0.0,0.0,3
1923,0,0.0005424330731322338,0.0,0.0,5
1924,0,0.006436254116263002,0.0,0.0,5
1925,0,0.0013111584121588277,0.0,0.0,2
1927,0,0.0009157537618221141,0.0,0.0,2
1928,0,0.0007267199294507989,0.0,0.0,1
1929,0,0.022562600606335928,0.0,0.0,1
1930,0,0.001437262643563983,0.0,0.0,5
1931,0,0.0021751246332440714,0.0,0.01,1
1932,0,0.0008001369161394532,0.0,0.0,4
1933,0,0.0036970573478352625,0.0,0.0,1
1934,0,0.0036306529344851497,0.0,0.0,3
1935,0,0.02600445265643548,0.0,0.01,5
1936,0,0.004951548215335262,0.0,0.0,5
1937,0,0.0017988712254733605,0.0,0.0,2
1939,0,0.008798966047656601,0.0,0.0,3
1940,0,0.0029423255268937834,0.0,0.0,1
1941,0,0.1781531720353514,0.0,0.04,1
1942,0,0.0032136081559675117,0.0,0.0,2
1943,0,0.003333961670240729,0.0,0.0,1
1944,0,0.002360748812044369,0.0,0.0,3
1945,0,0.0013884713796095667,0.0,0.0,2
1947,0,0.03126191032381564,0.0,0.0,2
1948,0,0.0073590354230730045,0.0,0.0,4
1949,0,0.007003099954931026,0.0,0.0,1
1951,0,0.0023163989715035524,0.0,0.0,4
1952,0,0.0767222045798909,0.0,0.03,5
1953,0,0.004064651089936178,0.0,0.0,1
1954,0,0.020707561366658876,0.0,0.0,4
1955,0,0.032967801171720816,0.0,0.0,5
1956,0,0.0045503211815180866,0.0,0.01,4
1958,0,0.003429600094394117,0.0,0.01,4
1960,0,0.06653827038119724,0.0,0.0,3
1961,0,0.0636975548352031,0.0,0.0,2
1962,0,0.024435069466508346,0.0,0.0,1
1963,0,0.004088705011539702,0.0,0.0,5
1965,0,0.002749098800896202,0.0,0.0,5
1966,0,0.009955653982916875,0.0,0.0,5
1967,0,0.01070059544205892,0.0,0.0,3
1969,0,0.0013370209487698263,0.0,0.0,4
1970,0,0.23571878399449578,0.0,0.57,3
1971,0,0.031182329500760716,0.0,0.02,4
1972,0,0.0030919558701971886,0.0,0.0,4
1973,0,0.0026908387720673646,0.0,0.0,5
1974,0,0.06950641281535246,0.0,0.0,1
1975,0,0.01876272260530305,0.0,0.0,5
1977,0,0.002130367394552609,0.0,0.0,2
1979,0,0.015864373013745978,0.0,0.0,1
1980,0,0.11914277671326289,0.0,0.0,3
1983,0,0.01641850099582874,0.0,0.02,2
1985,0,0.027954223221576396,0.0,0.0,5
1986,0,0.03401089174726394,0.0,0.0,3
1987,0,0.0029022226711300316,0.0,0.0,4
1988,0,0.0022484947469413644,0.0,0.01,2
1989,0,0.005763883974562267,0.0,0.0,1
1991,0,0.011403383632753677,0.0,0.0,3
1992,0,0.024021481206793063,0.0,0.03,2
1993,0,0.014455333122966455,0.0,0.0,4
1994,0,0.01590214301738427,0.0,0.0,3
1995,0,0.08838284839416838,0.0,0.0,1
1997,0,0.017663693430547495,0.0,0.0,1
1998,0,0.0004761637305620401,0.0,0.0,1
2000,0,0.007039719994862269,0.0,0.04,1
2002,0,0.00029854125529564073,0.0,0.0,3
2003,0,0.0015561647157988853,0.0,0.0,1
2004,0,0.009097700062036165,0.0,0.01,3
2005,0,0.0012748620101439496,0.0,0.0,5
2006,0,0.006455417425280152,0.0,0.01,5
2007,0,0.0008772507695308531,0.0,0.0,3
2008,0,0.0016585175005276104,0.0,0.0,4
2009,0,0.0008619126310517062,0.0,0.0,5
2010,0,0.053953419723478564,0.0,0.01,3
2012,0,0.004298697608204586,0.0,0.0,3
2013,0,0.0063647819896324965,0.0,0.0,4
2014,0,0.0638699058321276,0.0,0.0,2
2015,1,0.2776066049927988,1.0,0.6,5
2016,0,0.005207454134047266,0.0,0.0,5
2017,0,0.0061511584697269495,0.0,0.0,4
2018,0,0.003854944557438186,0.0,0.0,2
2019,0,0.00036400843263618537,0.0,0.0,5
2020,0,0.00060839988343899,0.0,0.0,3
2021,0,0.00464658673536712,0.0,0.0,3
2024,0,0.0003628492735167309,0.0,0.0,2
2025,0,0.003331109320819733,0.0,0.0,1
2026,0,0.01796706321058999,0.0,0.0,4
2027,0,0.0013753271758279088,0.0,0.0,3
2028,0,0.0038003962610296885,0.0,0.0,1
2031,0,0.26516873970827115,0.0,0.18,3
2032,0,0.004969671935244841,0.0,0.0,5
2034,0,0.010833941632590957,0.0,0.0,2
2035,0,0.0006066727670417982,0.0,0.0,4
2036,0,0.005773533532286907,0.0,0.0,4
2037,0,0.0020531017004584155,0.0,0.01,5
2038,0,0.11582239813584823,0.0,0.0,2
2040,0,0.002928168821749031,0.0,0.0,3
2041,0,0.0014346496729050117,0.0,0.0,3
2044,0,0.007431110686437473,0.0,0.0,5
2045,0,0.004187477032000501,0.0,0.0,2
2048,0,0.008221239187451289,0.0,0.0,5
2049,0,0.007744093764661742,0.0,0.0,4
2052,0,0.010208717227365459,0.0,0.0,1
2054,0,0.0012215175185330256,0.0,0.0,2
2055,0,0.0069275016762261245,0.0,0.0,2
2056,0,0.07154851257408068,0.0,0.0,2
2057,0,0.026046258304444566,0.0,0.0,5
2058,0,0.008807532826798359,0.0,0.0,4
2059,0,0.004770967068676361,0.0,0.01,2
2060,0,0.014590555911233106,0.0,0.0,1
2061,0,0.04636712720802763,0.0,0.0,4
2062,0,0.012771585869581378,0.0,0.0,3
2063,0,0.06612467143066353,0.0,0.0,5
2064,0,0.012078000240624658,0.0,0.0,5
2065,0,0.020840763537456973,0.0,0.0,2
2066,0,0.0052059288620842125,0.0,0.0,2
2067,0,0.010827045255003883,0.0,0.0,3
2068,0,0.011538213300793524,0.0,0.07,1
2069,0,0.022063826922958947,0.0,0.03,5
2070,0,0.04723800588968206,0.0,0.0,5
2071,0,0.24893919067029685,0.0,0.02,3
2072,0,0.011049082847203417,0.0,0.0,3
2073,0,0.0132924826868788,0.0,0.0,4
2074,0,0.005492399595289726,0.0,0.04,3
2075,1,0.48529948602024914,1.0,0.17,2
2076,0,0.012904118003339496,0.0,0.02,1
2077,0,0.014094893772781749,0.0,0.0,2
2078,0,0.005052421591990248,0.0,0.03,5
2079,0,0.008500529849467458,0.0,0.07,2
2082,0,0.003463840077977745,0.0,0.01,4
2083,0,0.0004481092320987098,0.0,0.0,2
2084,0,0.005033839066700242,0.0,0.0,2
2085,0,0.007443492599666789,0.0,0.0,2
2088,0,0.0017384462548168055,0.0,0.0,2
2089,0,0.0030072451327710814,0.0,0.0,1
2090,0,0.00675967198012698,0.0,0.0,4
2091,0,0.0017645564067455394,0.0,0.0,2
2092,0,0.011043853303586365,0.0,0.0,3
2093,0,0.004928414365740875,0.0,0.0,4
2095,0,0.006056602540287227,0.0,0.0,4
2096,0,0.03338960368596221,0.0,0.01,1
2098,0,0.1379180818748127,0.0,0.0,2
2099,0,0.0010567807447808542,0.0,0.0,1
2106,0,0.0011637367805894365,0.0,0.0,4
2107,0,0.007398477357200441,0.0,0.0,1
2108,0,0.019059634870490165,0.0,0.0,2
2109,0,0.006766941413643753,0.0,0.0,5
2111,0,0.02386781301603694,0.0,0.0,1
2112,0,0.0028659259278570174,0.0,0.0,1
2113,0,0.0025831801566027217,0.0,0.0,5
2115,0,0.01676721338684656,0.0,0.0,1
2117,0,0.004014764881152833,0.0,0.0,3
2120,0,0.0018421322771153888,0.0,0.0,4
2121,0,0.0026716322020008316,0.0,0.0,4
2122,0,0.00450952916802832,0.0,0.0,2
2123,0,0.004262517487305859,0.0,0.0,3
2124,0,0.002969106289551623,0.0,0.0,5
2125,1,0.6552002855169471,1.0,0.69,3
2127,0,0.0027361658536644976,0.0,0.0,5
2128,0,0.0033565963413313294,0.0,0.0,2
2130,0,0.32335529181116224,0.0,0.06,3
2131,0,0.022642039642036423,0.0,0.0,4
2132,0,0.0029575457365582374,0.0,0.0,5
2133,0,0.005751629682994627,0.0,0.0,1
2135,0,0.0988035634928672,0.0,0.0,5
2136,0,0.05263579441526666,0.0,0.02,1
2138,0,0.013142068490039007,0.0,0.0,3
2139,0,0.04452643776266061,0.0,0.0,1
2140,0,0.03129476272028822,0.0,0.0,3
2141,0,0.005512274664948616,0.0,0.0,4
2142,0,0.5081297407408758,0.0,0.03,3
2143,0,0.05895579739213611,0.0,0.0,2
2144,0,0.012487002024467257,0.0,0.0,4
2145,0,0.12268561294210964,0.0,0.0,2
2146,0,0.013129004627820089,0.0,0.0,3
2147,0,0.00615982076704514,0.0,0.0,5
2148,0,0.010776140154997648,0.0,0.0,4
2149,0,0.007486819443799382,0.0,0.0,3
2150,0,0.01733894275936555,0.0,0.0,1
2151,0,0.0334915560126462,0.0,0.01,5
2152,0,0.0034377698968113576,0.0,0.01,5
2153,0,0.0205408613940256,0.0,0.02,1
2154,0,0.004064488097724811,0.0,0.0,2
2155,0,0.03337236154630617,0.0,0.04,3
2156,0,0.01681011264535346,0.0,0.0,1
2157,0,0.009742301941667584,0.0,0.07,1
2158,0,0.08156429716871885,0.0,0.11,5
2159,0,0.006071748026348511,0.0,0.0,5
2162,0,0.007353803832047412,0.0,0.22,2
2163,0,0.010674916560013459,0.0,0.08,2
2164,0,0.017598186460719478,0.0,0.02,2
2165,0,0.1902153434035359,0.0,0.26,1
2166,1,0.012663200693154771,0.0,0.06,2
2167,0,0.003686831505899121,0.0,0.0,4
2168,0,0.008355543680536098,0.0,0.02,4
2170,0,0.0033544464946373524,0.0,0.0,5
2171,0,0.009518459451538947,0.0,0.0,1
2173,0,0.0022245890123003403,0.0,0.0,5
2174,0,0.0011886624686637788,0.0,0.0,1
2175,0,0.0015120083609706956,0.0,0.0,1
2177,0,0.0044252479372730935,0.0,0.0,2
2178,0,0.004327635146872756,0.0,0.0,5
2179,0,0.0020573576138778467,0.0,0.0,4
2180,0,0.002179452870728867,0.0,0.0,1
2182,0,0.08443343770622518,0.0,0.06,1
2183,0,0.005493924473185221,0.0,0.0,4
2184,0,0.008472271719244303,0.0,0.0,1
2185,0,0.0021319640943019665,0.0,0.0,5
2186,0,0.00451279324508491,0.0,0.0,5
2187,0,0.010089163515697606,0.0,0.02,1
2188,0,0.0049366788892691625,0.0,0.0,2
2189,0,0.005483865456566313,0.0,0.0,4
2191,0,0.006458666533594203,0.0,0.0,4
2194,0,0.0026742978146424103,0.0,0.0,1
2196,0,0.002146100566568366,0.0,0.0,3
2198,0,0.005540871343641917,0.0,0.0,4
2200,0,0.004977023095552505,0.0,0.0,4
2201,0,0.005560203094611673,0.0,0.0,2
2202,0,0.0030397565775644544,0.0,0.0,5
2204,0,0.004885275212401747,0.0,0.0,3
2205,0,0.007558908484635812,0.0,0.0,2
2206,0,0.11675924452099808,0.0,0.01,1
2207,0,0.011396585666267927,0.0,0.0,2
2208,0,0.004104262596481824,0.0,0.0,2
2209,0,0.0319086673231103,0.0,0.01,3
2210,0,0.13586823739283788,0.0,0.01,1
2211,0,0.19092213882798426,0.0,0.17,4
2213,0,0.0060949175807202445,0.0,0.0,2
2214,0,0.005146149426181383,0.0,0.0,1
2215,0,0.05993097567434371,0.0,0.0,5
2216,0,0.006095793855565528,0.0,0.0,1
2217,0,0.1350450591592874,0.0,0.0,3
2219,0,0.03825172662249335,0.0,0.0,1
2220,0,0.0030791830371479324,0.0,0.0,5
2221,0,0.4701295788490611,0.0,0.03,5
2222,0,0.0074391031863856654,0.0,0.0,3
2223,0,0.05714762316646388,0.0,0.01,5
2224,0,0.006248323583792857,0.0,0.01,4
2226,0,0.003771270957252166,0.0,0.1,1
2227,0,0.019414765957340426,0.0,0.0,4
2228,0,0.033375278688996146,0.0,0.0,1
2229,0,0.012221224215599708,0.0,0.0,3
2230,0,0.056622602610627355,0.0,0.01,5
2231,0,0.4329132332643667,0.0,0.0,4
2232,0,0.014791584674075434,0.0,0.0,4
2233,1,0.6534342235251153,1.0,0.62,1
2234,0,0.022039455853267567,0.0,0.0,2
2235,0,0.021869414269733278,0.0,0.0,5
2236,0,0.017760527269055793,0.0,0.02,1
2238,0,0.19838639169637168,0.0,0.0,2
2239,0,0.08369827474133701,0.0,0.0,2
2240,0,0.05915307236380459,0.0,0.0,5
2241,0,0.01905077394054146,0.0,0.01,1
2242,0,0.011100470697246265,0.0,0.03,4
2243,0,0.006010468729540221,0.0,0.02,4
2244,1,0.019227151069933283,0.0,0.0,5
2245,0,0.001427540443828543,0.0,0.0,3
2246,0,0.00728580466206584,0.0,0.0,5
2247,0,0.005591995803917692,0.0,0.0,5
2249,0,0.007699709203157603,0.0,0.0,3
2252,0,0.0017795763404213846,0.0,0.0,2
2253,0,0.04224855321946517,0.0,0.01,3
2254,0,0.002951171747127969,0.0,0.02,3
2255,0,0.0016415293126301738,0.0,0.0,1
2257,0,0.0047065092262335104,0.0,0.0,2
2259,0,0.056430511592856884,0.0,0.02,1
2260,0,0.0008604244586258451,0.0,0.05,2
2264,0,0.0035930457236339505,0.0,0.0,4
2265,0,0.009734033325365455,0.0,0.0,2
2266,0,0.28860699098147835,0.0,0.07,4
2267,0,0.03337045811521274,0.0,0.01,5
2268,0,0.019117759408392117,0.0,0.02,4
2269,0,0.005744467568097714,0.0,0.05,3
2271,0,0.004365109998196777,0.0,0.0,3
2272,0,0.05237950805431836,0.0,0.0,1
2273,0,0.002433637623699565,0.0,0.0,5
2274,0,0.0011742169360581785,0.0,0.0,2
2275,0,0.007964298064827596,0.0,0.0,2
2276,0,0.09144905658816069,0.0,0.0,4
2278,0,0.0008925905756719828,0.0,0.0,5
2279,0,0.006559419026642057,0.0,0.0,2
2280,0,0.1860423133547563,0.0,0.05,1
2281,0,0.0070874633757399535,0.0,0.0,2
2282,0,0.03790102156084218,0.0,0.0,3
2283,0,0.04169002180986422,0.0,0.0,2
2284,0,0.07491406737792575,0.0,0.03,5
2285,0,0.1888728436142647,0.0,0.03,1
2286,0,0.12778088893668174,0.0,0.0,5
2287,0,0.003956253608769453,0.0,0.0,3
2288,0,0.008559904963971467,0.0,0.0,1
2289,0,0.00484942950677794,0.0,0.0,2
2290,0,0.024324489137382232,0.0,0.01,1
2291,0,0.0026031804874596257,0.0,0.02,3
2292,0,0.13835183352130093,0.0,0.0,2
2293,0,0.0077737380807491605,0.0,0.0,3
2294,0,0.007254623528586851,0.0,0.0,1
2295,0,0.00534042844989314,0.0,0.0,2
2296,0,0.04887517438404725,0.0,0.0,4
2297,0,0.0071007548639087275,0.0,0.0,3
2298,0,0.0049393977638896676,0.0,0.0,3
2299,1,0.770401082823737,1.0,0.46,5
2300,0,0.05080868282628194,0.0,0.01,3
2301,0,0.006882843380905868,0.0,0.0,5
2303,0,0.12415859335099885,0.0,0.02,5
2304,0,0.007306516295004699,0.0,0.0,3
2305,0,0.012232485264452768,0.0,0.02,5
2306,0,0.11028918813596775,0.0,0.03,4
2307,0,0.004053766403960984,0.0,0.0,2
2308,0,0.22507896740001507,0.0,0.01,1
2309,0,0.0048997797999309365,0.0,0.0,3
2310,0,0.10655183565874388,0.0,0.0,2
2311,0,0.006905134318375218,0.0,0.01,5
2312,0,0.002039909040603355,0.0,0.0,4
2313,0,0.0033184768728311493,0.0,0.0,4
2315,0,0.012251303189681371,0.0,0.0,3
2316,0,0.020541211895238144,0.0,0.0,2
2317,0,0.006899029476821559,0.0,0.0,1
2318,0,0.12273240986890895,0.0,0.0,2
2319,0,0.021095698699847842,0.0,0.01,1
2320,0,0.00571386359670606,0.0,0.02,1
2321,0,0.05243561832599385,0.0,0.01,1
2322,0,0.045881731054395636,0.0,0.0,3
2323,0,0.030909038532661595,0.0,0.0,4
2325,0,0.017026111220523808,0.0,0.02,4
2326,0,0.34877998008735767,0.0,0.13,2
2327,0,0.10192035935773018,0.0,0.05,4
2328,0,0.027019981690462123,0.0,0.04,3
2329,0,0.031044092445472467,0.0,0.03,4
2330,0,0.07787464934818979,0.0,0.05,5
2331,1,0.2790303131175627,1.0,0.61,4
2332,1,0.12754153615341218,0.0,0.41,2
2333,0,0.07990135186786936,0.0,0.24,3
2334,0,0.0583808051697821,0.0,0.18,5
2335,0,0.0020862095140097726,0.0,0.0,2
2336,0,0.010570895255370997,0.0,0.0,4
2337,0,0.0021356208579182603,0.0,0.0,5
2338,0,0.0005335556870661359,0.0,0.0,2
2340,0,0.003104564422358536,0.0,0.0,5
2341,0,0.007748901256644707,0.0,0.0,1
2342,0,0.000536593218944089,0.0,0.0,2
2343,0,0.12645777177697312,0.0,0.1,4
2344,0,0.0012159667992370834,0.0,0.01,4
2345,0,0.002448259688974856,0.0,0.0,4
2346,0,0.008553240898078983,0.0,0.0,3
2347,0,0.0031424331749845334,0.0,0.01,5
2348,0,0.0025053713498641487,0.0,0.0,2
2349,0,0.0010991073123423397,0.0,0.01,2
2351,0,0.01476683887077744,0.0,0.0,4
2352,0,0.005049240224353212,0.0,0.0,1
2353,0,0.0016013694104470202,0.0,0.0,3
2354,0,0.000897688127545058,0.0,0.0,3
2355,0,0.07876557710092276,0.0,0.01,3
2356,0,0.0016212327229349907,0.0,0.0,4
2357,0,0.0021366061073132933,0.0,0.0,3
2358,0,0.0017969645385862403,0.0,0.0,5
2359,0,0.0017066325138297327,0.0,0.0,1
2360,0,0.03291039218020694,0.0,0.0,1
2361,0,0.004488679108157738,0.0,0.0,4
2362,0,0.004504846761093881,0.0,0.0,2
2363,0,0.03408594573934533,0.0,0.0,1
2364,0,0.017584668400751992,0.0,0.03,3
2365,0,0.002975638755871741,0.0,0.0,3
2366,0,0.023690090808597686,0.0,0.0,1
2367,0,0.0032745785111970376,0.0,0.0,2
2368,0,0.006806190811160182,0.0,0.03,1
2369,0,0.0021218658239794638,0.0,0.0,3
2370,0,0.007526798708696787,0.0,0.0,4
2371,0,0.009337928869261523,0.0,0.0,2
2372,0,0.021646473134407113,0.0,0.0,3
2373,0,0.03871331355299587,0.0,0.0,1
2374,0,0.004416271770934521,0.0,0.0,2
2375,0,0.0005133220553042545,0.0,0.0,2
2376,0,0.0347638677645328,0.0,0.0,1
2377,0,0.0703804011169471,0.0,0.0,4
2378,0,0.14954057654133301,0.0,0.01,1
2379,0,0.014316964478875593,0.0,0.0,2
2380,0,0.15174783114565304,0.0,0.12,2
2381,0,0.0024966997458400575,0.0,0.0,3
2382,0,0.0031463663485841787,0.0,0.0,3
2384,0,0.004407699991251315,0.0,0.0,3
2385,0,0.003011496727549947,0.0,0.0,3
2386,0,0.012837783233649359,0.0,0.0,4
2387,0,0.038730967625147585,0.0,0.0,2
2389,0,0.027106801998570913,0.0,0.0,1
2390,0,0.01417021048799141,0.0,0.0,2
2391,0,0.005876190792815048,0.0,0.0,4
2392,0,0.0319564869994937,0.0,0.0,2
2393,0,0.03575851465059432,0.0,0.0,3
2394,0,0.016161335789189952,0.0,0.0,4
2395,0,0.0075549624145654845,0.0,0.04,5
2398,0,0.03616706669058206,0.0,0.0,5
2399,0,0.010866473562055032,0.0,0.0,5
2400,0,0.3086425505119661,0.0,0.01,3
2402,0,0.0494702745202407,0.0,0.0,4
2403,0,0.11924835976646307,0.0,0.0,5
2405,0,0.011676241410955013,0.0,0.0,2
2406,0,0.014984356803368034,0.0,0.0,3
2407,0,0.052766932139389267,0.0,0.0,1
2408,0,0.14278056600350783,0.0,0.03,1
2409,0,0.1931849556820105,0.0,0.0,4
2410,0,0.01975538820702997,0.0,0.0,2
2411,0,0.02704579227762548,0.0,0.0,5
2412,0,0.0509379913499975,0.0,0.01,3
2415,0,0.0011886014593827587,0.0,0.0,5
2416,0,0.0034359797395211744,0.0,0.0,5
2418,0,0.0030696278383620904,0.0,0.0,5
2419,0,0.0035896526975293342,0.0,0.0,4
2422,0,0.05316296195722101,0.0,0.01,3
2423,0,0.0027473982709789167,0.0,0.0,3
2424,0,0.0014855575566563425,0.0,0.0,5
2425,0,0.08191862212469898,0.0,0.0,5
2426,1,0.24730414713239737,0.0,0.31,4
2428,0,0.0038906627601409983,0.0,0.02,2
2429,0,0.021162917951498553,0.0,0.02,1
2431,0,0.02040799475403449,0.0,0.01,5
2432,0,0.010631871413665825,0.0,0.0,2
2434,0,0.0014769882091266815,0.0,0.06,1
2435,0,0.0036221941085961312,0.0,0.0,4
2436,0,0.00133792748947002,0.0,0.0,5
2437,0,0.0030741361852850637,0.0,0.0,1
2438,0,0.020611640213133768,0.0,0.0,4
2439,0,0.004598673776377274,0.0,0.0,5
2440,0,0.01924248632364816,0.0,0.0,3
2441,0,0.004277662006627458,0.0,0.0,4
2442,0,0.014171399175018072,0.0,0.0,4
2447,0,0.0281174863027083,0.0,0.0,1
2449,0,0.002978145848525044,0.0,0.0,1
2450,0,0.0030122925187740183,0.0,0.0,3
2451,0,0.003389900429086967,0.0,0.0,1
2452,0,0.0400489828591657,0.0,0.01,5
2454,0,0.004887414310496088,0.0,0.0,4
2455,0,0.010466749749803847,0.0,0.0,4
2457,0,0.006491281560176297,0.0,0.0,1
2458,0,0.015886851575036758,0.0,0.0,2
2460,0,0.03381165716413064,0.0,0.0,4
2461,0,0.00598863333021293,0.0,0.0,1
2462,0,0.024272949735239583,0.0,0.0,2
2463,0,0.014277965929731792,0.0,0.0,2
2464,0,0.01673163526257148,0.0,0.0,2
2465,0,0.007858852765891431,0.0,0.0,3
2467,0,0.0019869370802490043,0.0,0.0,2
2468,0,0.00931466546223751,0.0,0.0,1
2469,0,0.006168037186663617,0.0,0.0,4
2470,0,0.025061361153419087,0.0,0.0,3
2472,0,0.24262551365554655,0.0,0.0,3
2473,0,0.00709098577231475,0.0,0.0,4
2475,0,0.015483559678870709,0.0,0.0,2
2476,0,0.00882572786605084,0.0,0.0,5
2477,0,0.29444869788648864,0.0,0.0,4
2478,0,0.07278276087216431,0.0,0.0,2
2479,0,0.010937029075907951,0.0,0.0,3
2480,0,0.021518331166877337,0.0,0.0,2
2481,0,0.03180347030178193,0.0,0.01,5
2483,0,0.042556567399018225,0.0,0.0,5
2485,0,0.012572761903716858,0.0,0.0,5
2486,0,0.00857036363842274,0.0,0.0,3
2487,0,0.0024490686646338154,0.0,0.0,2
2488,0,0.060819173218547955,0.0,0.01,5
2489,0,0.011883523311043167,0.0,0.0,2
2492,0,0.33236436067257397,1.0,0.23,5
2494,1,0.13081802141553953,1.0,0.47,5
2495,0,0.01834041061702224,0.0,0.03,3
2496,0,0.019784273294719858,0.0,0.02,1
2498,0,0.12912232421344166,0.0,0.11,1
2499,0,0.025422551474784096,0.0,0.18,1
2500,0,0.013139051234784654,0.0,0.07,4
2501,0,0.030699086109899784,0.0,0.09,5
2502,1,0.3016631548914592,0.0,0.34,3
2503,0,0.005093011487478804,0.0,0.01,1
2504,0,0.004920526570601852,0.0,0.0,3
2505,0,0.006591027675459096,0.0,0.0,4
2506,0,0.0003382400464160586,0.0,0.0,4
2507,0,0.0029005957096595297,0.0,0.0,1
2509,0,0.0009121455754703708,0.0,0.0,1
2510,0,0.03509050198465901,0.0,0.0,4
2511,0,0.002149575352081644,0.0,0.0,3
2512,0,0.002486200206570119,0.0,0.0,4
2513,0,0.0010370744257936465,0.0,0.0,1
2514,0,0.00425395328722536,0.0,0.0,3
2515,0,0.0005143553329496706,0.0,0.0,3
2516,0,0.0016922457064206377,0.0,0.0,3
2517,0,0.0024677077074353017,0.0,0.01,2
2518,0,0.010270351958647565,0.0,0.0,2
2520,0,0.005129386008128244,0.0,0.0,2
2521,0,0.001431625391496323,0.0,0.0,3
2522,0,0.0016163617571965877,0.0,0.0,2
2523,0,0.004523628110455719,0.0,0.0,4
2524,0,0.004363830568960162,0.0,0.0,2
2525,0,0.0017902162688793073,0.0,0.0,1
2526,0,0.0008850178718329241,0.0,0.0,5
2527,0,0.03613624263877535,0.0,0.0,2
2528,0,0.0012665421600829097,0.0,0.0,1
2529,0,0.0009623881107677255,0.0,0.0,5
2530,0,0.041958540144846686,0.0,0.01,5
2532,0,0.004045884846059886,0.0,0.0,3
2533,0,0.0005079957930906346,0.0,0.0,2
2535,0,0.002344769239568945,0.0,0.0,2
2536,0,0.014827966139705648,0.0,0.01,3
2538,0,0.03497450480948419,0.0,0.0,5
2540,0,0.00326786393168588,0.0,0.0,3
2541,0,0.0009561100067481535,0.0,0.0,1
2542,0,0.0011030405735899926,0.0,0.0,1
2543,0,0.002226784883430146,0.0,0.01,1
2545,0,0.002152452648370175,0.0,0.0,3
2546,0,0.003984379852853595,0.0,0.0,3
2548,0,0.0009706607747203185,0.0,0.0,3
2549,0,0.013626158112627176,0.0,0.0,4
2550,0,0.014656938335987739,0.0,0.02,3
2551,0,0.006130493325205489,0.0,0.0,4
2552,0,0.006425068602420868,0.0,0.0,4
2553,0,0.008072968009619074,0.0,0.0,1
2555,0,0.0044193855010851765,0.0,0.0,5
2557,0,0.0488486401426569,0.0,0.0,5
2558,0,0.004930259458671514,0.0,0.0,2
2559,0,0.1003174951993425,0.0,0.0,1
2560,0,0.29707079574028666,0.0,0.09,3
2561,0,0.0038018718515069184,0.0,0.0,5
2562,0,0.014609220446945759,0.0,0.0,3
2563,0,0.004711085501035854,0.0,0.0,3
2564,0,0.007600163408506716,0.0,0.0,1
2565,0,0.02227873386447189,0.0,0.0,2
2568,0,0.021013928092876413,0.0,0.0,4
2570,0,0.003805890564274398,0.0,0.0,2
2571,0,0.011781569102090637,0.0,0.0,3
2572,0,0.006617789776758358,0.0,0.0,3
2573,0,0.025808994377006532,0.0,0.0,4
2574,0,0.01291146854000366,0.0,0.0,4
2575,0,0.07893815768182787,0.0,0.01,5
2577,0,0.04825720661164797,0.0,0.02,3
2578,0,0.03382789311992773,0.0,0.02,1
2579,0,0.00740087251002694,0.0,0.0,3
2580,0,0.07152408948365009,1.0,0.2,3
2581,1,0.461881502469686,1.0,0.32,5
2582,0,0.010855217379752353,0.0,0.0,2
2583,0,0.07432850869296943,0.0,0.07,1
2584,0,0.11215398655911901,0.0,0.0,2
2585,0,0.01378451772550521,0.0,0.0,2
2586,0,0.07967318860129143,0.0,0.01,1
2587,0,0.16485014885111035,0.0,0.03,1
2588,0,0.01164235326627229,0.0,0.04,4
2589,0,0.1432715963430399,1.0,0.26,5
2590,0,0.0057247965113467825,0.0,0.0,5
2591,0,0.01259601890778924,0.0,0.0,2
2592,0,0.014266044100763457,0.0,0.0,1
2593,0,0.017177620629020222,0.0,0.0,2
2594,0,0.0004250979421079924,0.0,0.0,2
2595,0,0.0015910544517065094,0.0,0.0,1
2596,0,0.0008528588510907075,0.0,0.0,1
2597,0,0.001208794190675059,0.0,0.0,1
2598,1,0.3864364577886562,1.0,0.79,4
2600,0,0.007217605118152062,0.0,0.0,2
2601,0,0.025276334947713256,0.0,0.0,4
2602,0,0.0014994364167715312,0.0,0.0,3
2603,0,0.0012869981337142403,0.0,0.0,2
2604,0,0.0019387000528691399,0.0,0.0,3
2607,0,0.01813106313795947,0.0,0.0,1
2609,0,0.0025497803777775442,0.0,0.0,3
2610,0,0.003176327653945546,0.0,0.0,4
2611,0,0.004391137691207621,0.0,0.0,5
2613,0,0.002987701053576873,0.0,0.0,3
2614,0,0.006444266900586808,0.0,0.0,2
2615,0,0.003099968646531724,0.0,0.0,2
2616,0,0.19013705421032726,0.0,0.55,4
2617,0,0.008710831893839286,0.0,0.0,2
2619,0,0.011319089137578276,0.0,0.0,5
2620,0,0.0032523519082929982,0.0,0.0,4
2621,0,0.004587953649523811,0.0,0.0,2
2622,0,0.0011843708164439822,0.0,0.0,1
2623,0,0.09834400641227808,0.0,0.06,4
2626,0,0.0017829158368567425,0.0,0.0,2
2628,0,0.029125173754245583,0.0,0.0,5
2629,0,0.011789883137593327,0.0,0.0,4
2630,0,0.001819597312205089,0.0,0.03,1
2631,0,0.009250886401315255,0.0,0.0,2
2632,0,0.0013222414071795414,0.0,0.0,5
2633,0,0.012657231370797299,0.0,0.0,4
2634,0,0.0015327688953559895,0.0,0.0,2
2636,0,0.16891087122881374,0.0,0.04,1
2637,0,0.012340113072410654,0.0,0.0,3
2638,0,0.004035198773284868,0.0,0.0,2
2639,0,0.020774930940680263,0.0,0.0,1
2641,0,0.009579666899675805,0.0,0.01,4
2642,0,0.018761712012321085,0.0,0.0,3
2643,0,0.02237644743771492,0.0,0.0,3
2644,0,0.029764474363226934,0.0,0.0,4
2645,0,0.006659930427178205,0.0,0.0,2
2646,0,0.012179556474077721,0.0,0.0,1
2647,0,0.027009655525642495,0.0,0.0,1
2648,0,0.14722142288510218,0.0,0.01,4
2649,0,0.015542256207193066,0.0,0.0,5
2650,0,0.2015106492539624,0.0,0.03,3
2651,0,0.021512234592293067,0.0,0.0,5
2652,0,0.0033397081746083033,0.0,0.0,2
2653,0,0.008783728073976649,0.0,0.0,5
2654,0,0.0129379983533513,0.0,0.0,1
2655,0,0.004981051627677033,0.0,0.0,2
2656,0,0.07789985998913666,0.0,0.0,1
2658,0,0.021218780290676777,0.0,0.0,2
2659,0,0.0031187719615762507,0.0,0.0,2
2661,0,0.03349336428864157,0.0,0.0,2
2662,0,0.007350622184475571,0.0,0.0,3
2663,0,0.009594802675561908,0.0,0.0,5
2664,0,0.024531709092878124,0.0,0.0,2
2665,0,0.13251415486737475,0.0,0.03,2
2667,0,0.02821287619539472,0.0,0.0,4
2668,0,0.009040160721054905,0.0,0.04,1
2669,0,0.00922558465593336,0.0,0.05,3
2670,0,0.09975581707876686,0.0,0.0,2
2673,0,0.0021162435528461385,0.0,0.0,5
2674,0,0.001991153192078314,0.0,0.0,1
2675,0,0.001569618845046945,0.0,0.0,5
2676,0,0.001798858100969517,0.0,0.0,4
2677,0,0.0016584802844833045,0.0,0.0,3
2678,0,0.0025305387628643894,0.0,0.01,2
2679,0,0.0074311374264217685,0.0,0.0,4
2681,0,0.0004820530499704575,0.0,0.0,5
2682,0,0.001215234165181329,0.0,0.0,5
2683,0,0.00026543588775403815,0.0,0.0,2
2684,0,0.0007869852397690115,0.0,0.0,2
2685,0,0.0011249794816651703,0.0,0.0,2
2686,0,0.0006090887909989094,0.0,0.0,4
2687,0,0.01801060907034474,0.0,0.0,3
2688,0,0.023572743336809556,0.0,0.0,4
2689,0,0.0013669495476481255,0.0,0.0,1
2690,0,0.0009862321758085499,0.0,0.0,5
2691,0,0.015360138226889695,0.0,0.0,4
2692,0,0.0012343093462787872,0.0,0.0,5
2694,0,0.005942563952147962,0.0,0.0,1
2695,0,0.0031174170528190125,0.0,0.0,4
2696,0,0.013074324800324319,0.0,0.0,1
2697,0,0.0007074566119763422,0.0,0.0,5
2698,0,0.006870706701607547,0.0,0.0,1
2699,0,0.21335065228583225,0.0,0.06,5
2701,0,0.017725917702763324,0.0,0.0,1
2702,0,0.0017492572111957082,0.0,0.0,2
2705,0,0.4033032217258099,0.0,0.33,2
2706,0,0.003383487220337191,0.0,0.0,4
2708,0,0.036502908207301926,0.0,0.15,3
2709,0,0.0082084753036252,0.0,0.0,2
2710,0,0.010108379091839868,0.0,0.0,2
2711,0,0.03726320162585366,0.0,0.0,3
2712,0,0.028411316858463286,0.0,0.02,3
2714,0,0.06081855157661938,0.0,0.01,2
2715,0,0.0017865611250247884,0.0,0.0,2
2716,0,0.023425437994118965,0.0,0.0,2
2717,0,0.008613816441930369,0.0,0.0,1
2718,0,0.013128368715515277,0.0,0.0,1
2719,0,0.0028015481786987043,0.0,0.02,2
2720,0,0.014006907929529484,0.0,0.0,4
2721,0,0.0012672360956190434,0.0,0.0,1
2722,0,0.004534052606672659,0.0,0.0,1
2723,0,0.041560694877971635,0.0,0.0,2
2724,0,0.009594122126807237,0.0,0.0,1
2725,0,0.005150526285831742,0.0,0.0,1
2726,0,0.005352237593293185,0.0,0.0,3
2727,0,0.0036857595722257896,0.0,0.0,4
2728,0,0.005420735777688493,0.0,0.0,4
2729,0,0.18958629314193937,0.0,0.02,1
2730,0,0.02079375723148121,0.0,0.0,2
2731,0,0.003351692634347681,0.0,0.0,4
2732,0,0.2101744196446289,0.0,0.0,1
2733,0,0.0065943442949553685,0.0,0.0,4
2734,0,0.002507886331066555,0.0,0.0,5
2736,0,0.008931217161548525,0.0,0.0,1
2737,0,0.014482438608583177,0.0,0.0,4
2738,0,0.03462568220098346,0.0,0.0,1
2739,0,0.010971726075998103,0.0,0.0,5
2740,0,0.052856167964912416,0.0,0.01,1
2741,0,0.10346883801141891,0.0,0.01,5
2743,0,0.05543797483946734,0.0,0.0,4
2744,0,0.004210788329816095,0.0,0.0,3
2745,0,0.02406208637378177,0.0,0.0,2
2746,0,0.03513452240535218,0.0,0.0,3
2748,0,0.021998832614347267,0.0,0.0,3
2749,1,0.004769646816908015,0.0,0.0,3
2751,0,0.14304820317498929,0.0,0.01,1
2752,0,0.01221703703085779,0.0,0.14,4
2753,0,0.008634770212817623,0.0,0.0,2
2754,0,0.007794796084118343,0.0,0.01,3
2755,0,0.01278453348433754,0.0,0.0,2
2756,0,0.037938427766954254,0.0,0.01,4
2757,0,0.004840377463995487,0.0,0.08,3
2758,0,0.03025447517466078,0.0,0.04,5
2759,0,0.03000719301105495,0.0,0.0,2
2760,0,0.022366789227654345,0.0,0.17,5
2761,1,0.7266729377945335,1.0,0.81,4
2762,0,0.07501122799439665,0.0,0.01,2
2764,0,0.013051567241022232,0.0,0.0,3
2766,0,0.002514826777877218,0.0,0.0,5
2767,0,0.0023993574631305248,0.0,0.0,1
2768,0,0.0011197137596411528,0.0,0.0,3
2769,0,0.000756335743502202,0.0,0.0,5
2770,0,0.0025885433848301656,0.0,0.01,2
2771,0,0.0012801292565807212,0.0,0.0,5
2772,0,0.0035670440502380526,0.0,0.0,4
2774,0,0.005940466677035535,0.0,0.0,5
2775,0,0.05543209066130415,0.0,0.0,1
2776,0,0.016184039609076138,0.0,0.0,5
2777,0,0.004594052642825885,0.0,0.0,1
2779,0,0.015112299465406829,0.0,0.0,1
2780,0,0.0013588083242857991,0.0,0.0,2
2784,0,0.0684821265500051,0.0,0.01,4
2785,0,0.0008023388041393288,0.0,0.0,4
2786,0,0.0004782154670358748,0.0,0.0,3
2788,0,0.021521287948809573,0.0,0.0,5
2791,0,0.002498159920836164,0.0,0.0,4
2792,0,0.001951882200153598,0.0,0.0,3
2793,0,0.0024723797848985843,0.0,0.0,1
2794,0,0.03476345810102758,0.0,0.0,5
2795,0,0.02014673038901268,0.0,0.0,2
2796,0,0.003613813172277218,0.0,0.0,1
2797,0,0.05705672351612817,0.0,0.0,4
2798,0,0.016943558972388254,0.0,0.0,4
2799,0,0.008386443830640276,0.0,0.0,2
2800,0,0.023542896788017124,0.0,0.0,4
2802,0,0.03369775889982089,0.0,0.0,1
2805,0,0.016044715804035853,0.0,0.0,1
2807,0,0.00512461361710936,0.0,0.0,3
2811,0,0.0047225386993736095,0.0,0.0,1
2812,0,0.0034921671516610665,0.0,0.0,1
2813,0,0.009313066980602431,0.0,0.0,4
2816,0,0.04198260233449374,0.0,0.0,5
2818,0,0.007241076141425781,0.0,0.0,5
2819,0,0.05187974597544015,0.0,0.01,3
2820,0,0.06614498236652243,0.0,0.0,2
2821,0,0.007184987036250518,0.0,0.0,4
2823,0,0.373939215556347,0.0,0.03,5
2824,0,0.012379945921369012,0.0,0.0,5
2825,0,0.0026778505056826783,0.0,0.0,4
2826,0,0.006991329215043634,0.0,0.0,5
2827,0,0.16312514064706016,0.0,0.02,4
2828,0,0.012017485372575644,0.0,0.0,4
2829,0,0.02541928223532838,0.0,0.0,3
2830,0,0.008848443864378752,0.0,0.0,4
2831,0,0.11298658141899381,0.0,0.0,3
2832,0,0.012046945140428474,0.0,0.0,3
2833,0,0.017826863188623636,0.0,0.0,2
2834,0,0.03313037336476965,0.0,0.0,3
2835,0,0.007742314570212862,0.0,0.0,5
2836,0,0.04245377502730807,0.0,0.0,5
2837,0,0.025420598220910456,0.0,0.01,1
2839,0,0.00832815221636447,0.0,0.0,5
2840,0,0.013205027790567068,0.0,0.0,1
2841,0,0.01900677904764968,0.0,0.0,4
2843,0,0.05678844217480899,0.0,0.0,4
2844,0,0.056814531063409446,0.0,0.0,4
2845,0,0.3798661757208342,0.0,0.03,2
2846,0,0.05609978134668316,0.0,0.02,5
2847,0,0.04229427234145717,0.0,0.0,2
2848,0,0.5061316403997324,1.0,0.18,2
2850,0,0.07508198020860166,0.0,0.0,5
2851,0,0.11949161138978011,0.0,0.13,3
2853,0,0.0365979610707908,0.0,0.03,4
2854,0,0.05021895251877594,0.0,0.01,5
2855,0,0.0290646440122988,0.0,0.03,2
2857,0,0.02260984178822099,0.0,0.11,4
2858,1,0.38396483386179736,0.0,0.48,3
2859,0,0.24466283073316247,0.0,0.11,1
2860,0,0.2698242180697275,0.0,0.32,3
2862,0,0.04084762883107676,0.0,0.24,5
2863,0,0.15178958428620648,0.0,0.17,5
2866,0,0.004658394995503073,0.0,0.0,3
2867,0,0.005217601449817969,0.0,0.03,2
2868,0,0.00881779631875691,0.0,0.0,3
2870,0,0.0029574342239055917,0.0,0.0,2
2871,0,0.0017161632688194636,0.0,0.0,3
2872,0,0.0019949426768221803,0.0,0.0,1
2873,0,0.0030430925688372176,0.0,0.0,5
2874,0,0.04464208101112143,0.0,0.0,3
2875,0,0.003267875219649293,0.0,0.0,4
2876,0,0.0007094592912732718,0.0,0.0,1
2877,0,0.002337930671998918,0.0,0.0,5
2879,1,0.33563295908278645,0.0,0.21,4
2880,0,0.004472069611172041,0.0,0.0,3
2882,0,0.006147006735596481,0.0,0.0,2
2883,0,0.004009084107444697,0.0,0.01,1
2885,0,0.007625982439055581,0.0,0.0,3
2886,0,0.002870193031547477,0.0,0.0,2
2888,0,0.016144026889869264,0.0,0.01,1
2889,0,0.0038410838393389077,0.0,0.0,2
2890,0,0.0028154250573598637,0.0,0.0,5
2891,0,0.00455564845219557,0.0,0.0,2
2892,0,0.0618160683736548,0.0,0.02,3
2893,0,0.0037257139136761277,0.0,0.0,1
2894,0,0.0028274327694371116,0.0,0.0,4
2895,0,0.040323973532777876,0.0,0.0,1
2896,0,0.0033599572142286433,0.0,0.0,4
2898,0,0.012486802362896737,0.0,0.0,3
2899,0,0.004722698968723858,0.0,0.0,2
2900,0,0.006013814749838587,0.0,0.0,1
2901,0,0.006447679346857404,0.0,0.0,5
2902,0,0.004018855479039443,0.0,0.0,4
2904,0,0.480007651202413,0.0,0.38,4
2906,0,0.005001024319606707,0.0,0.0,4
2907,0,0.008045793372920329,0.0,0.0,1
2908,0,0.18800055805858665,0.0,0.05,5
2909,0,0.05083224722771312,0.0,0.0,1
2910,0,0.026631712406143905,0.0,0.0,5
2913,0,0.00595705311454311,0.0,0.0,3
2914,0,0.003813708996640926,0.0,0.0,3
2915,0,0.3213393846400102,0.0,0.03,5
2916,0,0.010979268868478578,0.0,0.0,5
2918,0,0.0026315515405783895,0.0,0.0,1
2919,0,0.016377406933117022,0.0,0.0,5
2920,0,0.011408809119835836,0.0,0.0,5
2921,0,0.010443776152627404,0.0,0.09,3
2923,0,0.09393318433361751,0.0,0.0,5
2924,0,0.05289946345726222,0.0,0.0,4
2925,0,0.08498072719093769,0.0,0.0,1
2926,0,0.4379134597833001,0.0,0.01,2
2927,0,0.08582437460104236,0.0,0.03,4
2928,0,0.06399001531140021,0.0,0.02,3
2929,0,0.010959881693715857,0.0,0.0,3
2930,0,0.11564558288802902,0.0,0.0,1
2931,0,0.03209704958750111,0.0,0.01,3
2932,0,0.04111910961478521,0.0,0.0,4
2933,0,0.014071155086982444,0.0,0.0,5
2934,0,0.06505908360629464,0.0,0.0,4
2935,0,0.0075741576945189916,0.0,0.0,1
2937,0,0.031397632026293185,0.0,0.03,1
2938,0,0.008288797942345166,0.0,0.0,4
2940,0,0.35964293602844893,0.0,0.1,2
2942,0,0.04328967331826437,0.0,0.0,4
2944,0,0.0008701778089076165,0.0,0.0,2
2947,0,0.0005454618708334263,0.0,0.0,3
2948,0,0.004875454910372408,0.0,0.0,4
2950,0,0.008878188207506873,0.0,0.0,3
2951,0,0.0049525031202889685,0.0,0.0,4
2953,0,0.0034591138196323596,0.0,0.0,3
2954,0,0.0008619153059087019,0.0,0.0,4
2955,0,0.0056710188847778975,0.0,0.01,1
2956,0,0.0009008999792303647,0.0,0.0,2
2957,0,0.029259643317820473,0.0,0.0,3
2958,0,0.012293943727197153,0.0,0.0,2
2959,0,0.0034731763763159304,0.0,0.0,5
2960,0,0.019821668506809036,0.0,0.0,4
2961,0,0.00515334907475319,0.0,0.0,2
2962,0,0.009350076684897969,0.0,0.0,1
2964,0,0.004578550536448505,0.0,0.0,3
2966,0,0.0286068447942129,0.0,0.0,5
2967,0,0.050127232636700526,0.0,0.01,1
2968,0,0.0031787429781604134,0.0,0.02,4
2969,0,0.02228086337531143,0.0,0.0,1
2971,0,0.005092670472518341,0.0,0.01,3
2973,0,0.03951860126059241,0.0,0.0,1
2974,0,0.0038904543821723712,0.0,0.0,2
2975,0,0.007779998538850613,0.0,0.02,1
2976,0,0.010215893854301135,0.0,0.0,3
2977,0,0.06807234978324121,0.0,0.0,3
2978,0,0.00856324894670783,0.0,0.0,4
2979,0,0.013061432246799695,0.0,0.0,5
2980,0,0.004715787043963136,0.0,0.0,2
2981,0,0.011943633379361647,0.0,0.0,5
2982,0,0.015757045499937828,0.0,0.03,4
2983,0,0.1338582146624161,0.0,0.02,3
2984,0,0.005699190510131518,0.0,0.0,4
2986,0,0.06668342772940336,0.0,0.01,3
2987,0,0.0027044836058735975,0.0,0.02,4
2989,0,0.02870003366517538,0.0,0.0,5
2990,0,0.005671605556073664,0.0,0.0,5
2991,0,0.03146858516841125,0.0,0.0,1
2992,0,0.004162338371085521,0.0,0.03,2
2993,0,0.14152660900178762,0.0,0.03,1
2995,0,0.016432924080984086,0.0,0.03,1
2996,0,0.006890973746103307,0.0,0.0,1
2998,0,0.015192457859135892,0.0,0.0,3
2999,0,0.6408497000822024,1.0,0.19,4
3000,1,0.9069559902230606,1.0,0.59,1
3001,0,0.03030671401343376,0.0,0.0,3
3002,0,0.017271062757355793,0.0,0.0,2
3003,0,0.015402907134460577,0.0,0.0,1
3004,0,0.2339431266088875,0.0,0.0,1
3005,0,0.010619901013564694,0.0,0.0,3
3007,0,0.043776461783687236,0.0,0.0,2
3008,0,0.014586747789262392,0.0,0.0,4
3009,0,0.009992137349592367,0.0,0.0,2
3010,0,0.02137400368725754,0.0,0.0,1
3011,0,0.1413715541690189,0.0,0.0,4
3012,0,0.05089487491097141,0.0,0.0,5
3014,0,0.13796032118175658,0.0,0.0,2
3015,0,0.005775927728718765,0.0,0.02,2
3016,0,0.1498187730049052,0.0,0.01,4
3017,0,0.09167315678981593,0.0,0.09,1
3018,0,0.014113736776310585,0.0,0.0,3
3019,1,0.2866085721757673,1.0,0.44,4
3020,0,0.03625221989226038,0.0,0.0,4
3021,0,0.18388337088772402,0.0,0.17,1
3023,0,0.02816679566340905,0.0,0.0,1
3024,0,0.04047439150528393,0.0,0.0,2
3025,0,0.14758490933478385,1.0,0.56,5
3027,0,0.0012024895510945042,0.0,0.02,4
3028,0,0.05320357863181142,0.0,0.03,5
3029,0,0.08294949682410277,0.0,0.01,1
3030,0,0.0007051989784572751,0.0,0.0,2
3031,0,0.0014893439028288765,0.0,0.0,1
3033,0,0.0025240028340077214,0.0,0.01,3
3035,0,0.0022336383060932038,0.0,0.0,2
3036,0,0.00412717325538993,0.0,0.01,3
3038,0,0.012373681640077032,0.0,0.0,3
3039,0,0.0019210825240846767,0.0,0.0,4
3040,0,0.002676687098950734,0.0,0.0,1
3041,0,0.005551801428799755,0.0,0.0,5
3042,0,0.005304647561911623,0.0,0.01,1
3044,0,0.006169635361325995,0.0,0.0,3
3046,0,0.0029055415788786904,0.0,0.0,3
3048,0,0.02349311141276689,0.0,0.0,4
3049,0,0.05788316500232029,0.0,0.01,5
3050,0,0.058314004091388774,0.0,0.0,5
3053,0,0.0009021344071274154,0.0,0.0,4
3054,0,0.00570433432733439,0.0,0.0,2
3056,0,0.003974679195978568,0.0,0.0,1
3057,0,0.014740278700633085,0.0,0.0,2
3058,0,0.009325295715788709,0.0,0.0,3
3060,0,0.00686635567322103,0.0,0.0,5
3061,0,0.2164266409804231,0.0,0.02,5
3062,0,0.017751537287011874,0.0,0.0,1
3063,0,0.01770396432309632,0.0,0.0,5
3064,0,0.005517235989570146,0.0,0.01,2
3066,0,0.011873502880657884,0.0,0.0,2
3067,0,0.006647741175719092,0.0,0.0,5
3068,0,0.002845984766799809,0.0,0.0,5
3069,0,0.01001313129890771,0.0,0.0,2
3070,0,0.0018483676949193097,0.0,0.0,3
3071,0,0.036693929798485764,0.0,0.01,2
3072,0,0.1971592623055074,0.0,0.01,3
3073,0,0.06255044002454674,0.0,0.0,3
3074,0,0.008994628903528491,0.0,0.0,3
3075,0,0.011330669758355368,0.0,0.01,2
3076,0,0.015910531910343178,0.0,0.0,2
3077,0,0.005446916326998427,0.0,0.0,3
3078,0,0.10046577583328599,0.0,0.02,4
3079,0,0.15809923214906949,0.0,0.0,4
3082,0,0.009777487872553838,0.0,0.0,1
3083,0,0.007019518638565309,0.0,0.0,3
3084,0,0.07734202781148088,0.0,0.01,1
3086,0,0.005995220846801009,0.0,0.0,2
3087,0,0.03578214989502785,0.0,0.0,3
3088,0,0.0046094300419951195,0.0,0.0,1
3089,0,0.006569286736242474,0.0,0.0,2
3090,0,0.025263474760856063,0.0,0.0,2
3092,0,0.12360327584348274,0.0,0.03,5
3093,0,0.13971885089293118,0.0,0.01,1
3094,0,0.03251872810534524,0.0,0.0,3
3095,0,0.012368939736015652,0.0,0.05,4
3097,0,0.03765743636133279,0.0,0.01,4
3099,0,0.058481603520667745,0.0,0.0,5
3100,0,0.10604660937761,0.0,0.0,3
3101,0,0.003573376523217452,0.0,0.0,4
3102,0,0.1039110138218728,0.0,0.0,3
3103,0,0.017117403216960897,0.0,0.01,1
3105,0,0.03307510138475695,0.0,0.01,4
3107,0,0.010708716447480407,0.0,0.05,3
3108,0,0.02492983268317104,0.0,0.02,5
3109,0,0.09548478858401002,0.0,0.0,4
3110,0,0.000225049820367165,0.0,0.0,2
3111,0,0.0027668956389112205,0.0,0.0,4
3112,0,0.03248282650518886,0.0,0.01,2
3113,0,0.03312306263190761,0.0,0.0,2
3114,0,0.0009742857385226928,0.0,0.01,3
3115,0,0.0039982251874996514,0.0,0.0,3
3116,0,0.0013630391247224302,0.0,0.0,3
3119,0,0.00211984444645536,0.0,0.0,5
3120,0,0.0052861915178241715,0.0,0.0,3
3121,0,0.01077644174548345,0.0,0.0,5
3122,0,0.014265023568138021,0.0,0.0,5
3123,0,0.0015949125492305636,0.0,0.0,1
3124,0,0.007782596990518516,0.0,0.0,2
3125,0,0.0017130390347033285,0.0,0.0,4
3126,0,0.0013174101160349542,0.0,0.0,5
3129,0,0.005459568171930666,0.0,0.0,1
3131,0,0.004654248857781209,0.0,0.0,1
3133,0,0.019167077113879053,0.0,0.0,1
3134,0,0.02928986210505093,0.0,0.0,4
3135,0,0.027384285938430463,0.0,0.01,3
3136,0,0.12427007928893291,0.0,0.02,5
3137,0,0.005285474826556751,0.0,0.0,1
3138,0,0.0034456929999975116,0.0,0.03,2
3139,0,0.002775306229226505,0.0,0.01,3
3140,1,0.2114407605676875,0.0,0.34,5
3141,0,0.03252161482745642,0.0,0.0,3
3142,0,0.009743185749633246,0.0,0.0,3
3143,0,0.0037435140987568923,0.0,0.0,1
3145,0,0.005114415930933449,0.0,0.0,4
3146,0,0.003003006582255937,0.0,0.01,3
3147,0,0.006892031612416075,0.0,0.0,1
3148,0,0.0018851461382357877,0.0,0.0,4
3151,0,0.016517189627567506,0.0,0.0,1
3152,0,0.009848296824217305,0.0,0.0,3
3153,0,0.06758912905966052,0.0,0.0,4
3154,0,0.035003119027518036,0.0,0.0,3
3155,0,0.11955215568835105,0.0,0.05,3
3156,0,0.0036603470364906386,0.0,0.0,3
3157,0,0.013172094369003769,0.0,0.0,3
3159,0,0.017717617377719038,0.0,0.01,2
3160,0,0.042045520620023286,0.0,0.0,4
3161,0,0.49770715249207914,0.0,0.07,5
3162,0,0.013586739840485638,0.0,0.0,4
3164,0,0.011372924078379844,0.0,0.0,2
3165,0,0.005956750345479154,0.0,0.0,3
3166,0,0.010286698942498217,0.0,0.0,5
3167,0,0.0187327069987301,0.0,0.01,2
3168,0,0.003051631516565216,0.0,0.0,2
3169,0,0.0279986227245969,0.0,0.0,1
3171,0,0.3997779428559474,0.0,0.0,1
3172,0,0.0187046342830745,0.0,0.0,5
3173,0,0.013448468265005984,0.0,0.0,4
3174,0,0.017842419056669234,0.0,0.0,4
3175,0,0.05350225366683949,0.0,0.0,2
3177,0,0.00514588631401776,0.0,0.0,3
3178,0,0.0853783020358515,0.0,0.02,4
3179,0,0.025395885148562905,0.0,0.0,3
3180,0,0.08023581128597722,0.0,0.0,4
3182,0,0.1564712813872109,0.0,0.0,5
3183,0,0.013986546729112299,0.0,0.0,5
3184,0,0.0192680548292801,0.0,0.0,1
3186,0,0.13536913153589822,0.0,0.03,3
3187,0,0.013498166180765008,0.0,0.01,4
3188,0,0.2014553094484328,0.0,0.02,1
3189,0,0.01753181346645695,0.0,0.01,1
3190,0,0.00732057224586788,0.0,0.0,2
3191,0,0.05971201271529332,0.0,0.11,2
3192,0,0.012226667713601697,0.0,0.02,1
3193,0,0.002929708773722705,0.0,0.01,2
3195,0,0.0010607971114039076,0.0,0.0,5
3196,0,0.002689878641824213,0.0,0.0,3
3197,0,0.0030598118106774375,0.0,0.0,1
3198,0,0.007590173312760661,0.0,0.0,4
3199,0,0.0009000885739418794,0.0,0.0,2
3200,0,0.004776825718763406,0.0,0.0,5
3202,0,0.004360367523796326,0.0,0.0,3
3203,0,0.0027321959332484843,0.0,0.0,4
3204,0,0.099670765836704,0.0,0.0,4
3205,0,0.0033768634246860146,0.0,0.0,2
3206,0,0.0017465556986221938,0.0,0.0,5
3207,0,0.0016708888591147216,0.0,0.0,5
3208,0,0.0020586201250997107,0.0,0.01,2
3209,0,0.0012862290306535863,0.0,0.0,3
3210,0,0.006683595376182493,0.0,0.02,1
3211,0,0.09617568887633879,0.0,0.0,4
3212,0,0.00493245676957432,0.0,0.0,1
3213,0,0.0053254571567856275,0.0,0.0,3
3214,0,0.025498493142728857,0.0,0.01,3
3215,0,0.013440253798013873,0.0,0.01,1
3216,0,0.0011170487212826701,0.0,0.01,2
3217,0,0.01642851714671613,0.0,0.0,3
3219,0,0.003560294370251723,0.0,0.0,4
3220,0,0.0024414104516362546,0.0,0.0,3
3222,0,0.009735294911418342,0.0,0.0,4
3223,0,0.0018852294891138627,0.0,0.0,3
3225,0,0.008671320177855922,0.0,0.0,2
3226,0,0.03671664373141924,0.0,0.0,5
3227,0,0.004451160443094308,0.0,0.0,2
3228,0,0.05309906807969947,0.0,0.0,5
3230,0,0.00721149760954929,0.0,0.0,3
3231,0,0.029645530885379967,0.0,0.0,1
3233,0,0.008095612326949234,0.0,0.0,3
3235,0,0.013867616957431111,0.0,0.01,1
3236,1,0.45917587461051196,0.0,0.16,5
3237,0,0.005938158916209471,0.0,0.0,1
3238,0,0.003361817791252115,0.0,0.02,1
3239,0,0.09710663966054582,0.0,0.0,4
3240,0,0.01643770567491044,0.0,0.0,2
3241,0,0.02210563730842093,0.0,0.0,1
3242,0,0.009872824641754816,0.0,0.0,3
3243,0,0.010858191955900043,0.0,0.0,5
3244,0,0.039356373525033364,0.0,0.0,1
3245,0,0.005154611921060116,0.0,0.0,3
3246,0,0.026312267507744246,0.0,0.02,3
3247,0,0.003280278143987496,0.0,0.0,2
3249,0,0.018250949459236655,0.0,0.0,5
3250,0,0.005536687390164878,0.0,0.04,1
3253,0,0.2888409097677136,0.0,0.01,4
3254,0,0.2174157288977226,0.0,0.02,2
3258,0,0.023463022552169793,0.0,0.0,3
3259,0,0.007940392320598363,0.0,0.0,2
3260,0,0.028849789705591558,0.0,0.0,2
3261,0,0.010410735062391699,0.0,0.0,2
3262,0,0.027136659088970613,0.0,0.0,5
3263,0,0.2858360623586212,0.0,0.1,2
3265,0,0.2650973825624654,0.0,0.07,1
3266,1,0.2541181391779443,0.0,0.33,1
3268,0,0.019784997068297023,0.0,0.01,2
3269,0,0.035339508094051585,0.0,0.0,3
3270,0,0.0472914962677584,0.0,0.11,5
3272,0,0.0074635801804737055,0.0,0.04,2
3273,0,0.025102179551524148,0.0,0.03,2
3274,0,0.0024349021474800807,0.0,0.01,5
3275,0,0.0009873036337206653,0.0,0.0,2
3276,0,0.0025064052436275133,0.0,0.0,3
3277,0,0.009068369402502033,0.0,0.0,5
3278,0,0.00689244988685302,0.0,0.0,1
3279,0,0.0340447865295455,0.0,0.02,3
3280,0,0.03496485167733145,0.0,0.0,5
3281,0,0.006826191108959183,0.0,0.0,3
3282,0,0.007237577888440871,0.0,0.01,3
3283,0,0.013347470158820611,0.0,0.0,5
3284,0,0.010360537178188696,0.0,0.03,2
3285,0,0.003329343114157906,0.0,0.01,1
3286,0,0.010210425973813445,0.0,0.0,3
3287,0,0.0010633503094479942,0.0,0.0,4
3288,0,0.002901495164756312,0.0,0.0,3
3289,0,0.031051031494325795,0.0,0.03,1
3290,0,0.003381418405967222,0.0,0.0,1
3291,0,0.013891469361765175,0.0,0.0,2
3292,0,0.007117214412805898,0.0,0.01,1
3293,0,0.03572793729719201,0.0,0.01,3
3294,0,0.006735985963443033,0.0,0.0,5
3296,0,0.0025568081828221006,0.0,0.06,1
3297,0,0.007076759348571827,0.0,0.0,3
3298,0,0.0036476965887039994,0.0,0.0,2
3299,0,0.01008159130266102,0.0,0.0,1
3300,0,0.0028978271751435108,0.0,0.0,4
3301,0,0.013795968259942937,0.0,0.01,1
3304,0,0.03469616397989427,0.0,0.0,3
3305,0,0.1089546548244479,0.0,0.0,3
3306,0,0.16920965674865135,0.0,0.0,3
3308,0,0.011085709276858546,0.0,0.0,2
3310,0,0.010127436411917658,0.0,0.01,2
3312,0,0.0025890293037013567,0.0,0.0,5
3313,0,0.020756403267467086,0.0,0.0,4
3314,0,0.02426435619618361,0.0,0.0,5
3315,0,0.01383492598990111,0.0,0.0,3
3316,0,0.08204224409907385,0.0,0.2,5
3317,0,0.002474692708400691,0.0,0.0,3
3319,0,0.010225122940356633,0.0,0.0,4
3322,0,0.08908789650293812,0.0,0.0,4
3323,0,0.018580661943155885,0.0,0.0,4
3324,0,0.007017325609536063,0.0,0.0,5
3325,0,0.007911015814656645,0.0,0.0,1
3326,0,0.014456153905919896,0.0,0.0,4
3327,0,0.2334055522766008,0.0,0.06,2
3329,0,0.007071216955618208,0.0,0.0,2
3330,0,0.07990351787550715,0.0,0.01,3
3331,0,0.10522775480193605,0.0,0.0,1
3332,0,0.007461935609474735,0.0,0.01,3
3333,0,0.025600680495227127,0.0,0.12,2
3334,0,0.004157942604111481,0.0,0.0,1
3335,0,0.018236410679963993,0.0,0.0,1
3336,0,0.007643484977758473,0.0,0.0,3
3337,0,0.007412660954194229,0.0,0.0,2
3338,0,0.01811399457236498,0.0,0.0,5
3339,0,0.07181404847787225,0.0,0.02,1
3340,0,0.022690593147222,0.0,0.0,2
3341,0,0.038141143721870094,0.0,0.02,2
3342,0,0.14874974659963505,0.0,0.0,5
3343,0,0.021505218376868473,0.0,0.0,1
3344,0,0.00883146034835031,0.0,0.0,5
3347,0,0.05474099877671371,0.0,0.0,4
3348,0,0.027592048457697693,0.0,0.0,5
3349,0,0.005996229615246949,0.0,0.0,2
3350,1,0.5398726212681305,1.0,0.4,2
3351,0,0.020778674324757544,0.0,0.0,1
3352,0,0.02179439569538824,0.0,0.0,4
3353,0,0.012197863134052737,0.0,0.0,2
3354,0,0.060342583440909786,0.0,0.01,5
3355,0,0.07368267778410736,0.0,0.08,4
3356,1,0.4761053087936103,0.0,0.38,2
3357,0,0.1628623333956322,0.0,0.02,1
3358,0,0.022686394847854518,0.0,0.01,1
3359,0,0.08557625114056727,0.0,0.03,5
3360,0,0.07636240990924961,0.0,0.16,1
3361,0,0.06609033866930131,0.0,0.03,1
3362,0,0.05763356221178492,0.0,0.09,2
3363,0,0.15579723098076115,0.0,0.02,4
3364,0,0.011488421940755522,0.0,0.02,5
3365,0,0.0005737751410304047,0.0,0.0,2
3366,0,0.002002993744060807,0.0,0.0,5
3367,0,0.0009249260137030608,0.0,0.0,4
3368,0,0.09275801588130037,0.0,0.09,2
3369,1,0.42060048574491177,1.0,0.88,2
3370,0,0.0014273817592633977,0.0,0.0,4
3371,0,0.005415380283249878,0.0,0.0,5
3372,0,0.004968525430997991,0.0,0.0,2
3374,0,0.020176215852685055,0.0,0.01,4
3375,0,0.01017578549746986,0.0,0.0,3
3377,0,0.000444087350042113,0.0,0.0,1
3378,0,0.001405136749436024,0.0,0.0,3
3379,0,0.0011269698272558433,0.0,0.0,4
3380,0,0.004543002038179092,0.0,0.0,2
3381,0,0.01035731898537404,0.0,0.0,1
3383,0,0.003929420033957322,0.0,0.0,3
3384,0,0.002593294511424401,0.0,0.0,3
3385,0,0.013060108089353772,0.0,0.0,4
3387,0,0.3152539401388473,1.0,0.52,2
3388,0,0.017673651795525585,0.0,0.0,3
3389,0,0.06133073115856207,0.0,0.0,5
3390,0,0.014295100619213404,0.0,0.0,5
3391,0,0.039063245013955875,0.0,0.0,1
3393,0,0.06508724838381176,0.0,0.0,5
3394,0,0.005467934982254229,0.0,0.0,2
3395,0,0.008472329146961851,0.0,0.0,1
3396,0,0.0010054535332791215,0.0,0.0,5
3397,0,0.0043386990212906954,0.0,0.0,1
3398,0,0.005541984677111935,0.0,0.0,1
3399,0,0.006034507869091074,0.0,0.0,5
3400,0,0.022320414850029478,0.0,0.0,2
3401,0,0.005156680356991679,0.0,0.0,5
3402,0,0.06935685769204754,0.0,0.0,2
3403,0,0.05296949336559075,0.0,0.01,3
3404,0,0.0100465727666497,0.0,0.0,1
3405,0,0.0049235391196342715,0.0,0.0,4
3407,0,0.048424173420286,0.0,0.01,4
3408,0,0.0036723983142868876,0.0,0.01,5
3410,0,0.008035894037000316,0.0,0.0,5
3411,0,0.3271182048801223,0.0,0.01,3
3413,0,0.013653432315462169,0.0,0.0,4
3414,0,0.04050518662998805,0.0,0.0,2
3415,0,0.016985718045092146,0.0,0.0,2
3416,0,0.03305994190746714,0.0,0.0,1
3418,0,0.024221482287351326,0.0,0.0,3
3419,0,0.014731334573845898,0.0,0.0,4
3421,0,0.0027745841130906047,0.0,0.0,3
3422,0,0.020407876142683856,0.0,0.0,5
3423,0,0.006650223723549431,0.0,0.0,4
3426,0,0.06382080534497375,0.0,0.04,2
3428,0,0.09350888554986589,0.0,0.0,4
3429,0,0.0037543000305165436,0.0,0.0,4
3430,0,0.014586220880830657,0.0,0.0,1
3431,0,0.03325637984628313,0.0,0.0,3
3432,0,0.029276814402493592,0.0,0.0,4
3433,0,0.027265440115296555,0.0,0.0,3
3434,0,0.024211019350560394,0.0,0.0,1
3435,0,0.3746021663070576,0.0,0.02,2
3437,0,0.2704463788661174,0.0,0.01,1
3439,0,0.052305442739640585,0.0,0.0,3
3440,0,0.038490042313675886,0.0,0.0,5
3441,0,0.06456943075859664,0.0,0.0,5
3442,0,0.4331456763055979,0.0,0.01,2
3443,0,0.04380868418644848,0.0,0.01,2
3444,0,0.17738375330543465,0.0,0.33,1
3445,0,0.02921815874671693,0.0,0.0,2
3447,0,0.04769465451893415,0.0,0.11,4
3448,0,0.016280810730912004,0.0,0.12,4
3449,0,0.03104894882156434,0.0,0.01,1
3452,0,0.0006609453342876614,0.0,0.0,2
3454,0,0.0028048978027156134,0.0,0.0,2
3457,1,0.3783144359793778,1.0,0.91,4
3458,0,0.005528942421773401,0.0,0.03,4
3460,0,0.0030439381013203913,0.0,0.0,2
3461,0,0.004654719648404819,1.0,0.19,4
3462,0,0.002387800615877915,0.0,0.0,3
3464,0,0.1267878148181055,0.0,0.34,3
3465,0,0.005106987392482509,0.0,0.01,1
3466,0,0.28045299423598774,0.0,0.05,2
3467,0,0.014653029480651097,0.0,0.0,1
3469,0,0.016417593173894237,0.0,0.0,1
3470,0,0.003261106438560954,0.0,0.0,4
3471,0,0.04851171647362718,0.0,0.01,1
3473,0,0.006306927772139278,0.0,0.0,3
3475,0,0.006694369557478516,0.0,0.0,3
3476,0,0.03195927765423349,0.0,0.0,3
3478,0,0.002050379672909333,0.0,0.0,2
3479,0,0.0018062591666964584,0.0,0.0,2
3480,0,0.3052755641427114,0.0,0.1,1
3481,0,0.0063231540364353305,0.0,0.0,5
3482,0,0.008055636084969122,0.0,0.01,2
3483,0,0.00803588372500043,0.0,0.0,1
3484,0,0.010202143697045488,0.0,0.01,2
3485,0,0.0409341449862706,0.0,0.0,5
3486,0,0.004961669968115579,0.0,0.0,4
3487,0,0.0057407116414378324,0.0,0.0,1
3488,0,0.14788738518248815,0.0,0.17,1
3489,0,0.008879880007830332,0.0,0.0,1
3490,0,0.006946521368700979,0.0,0.0,4
3491,0,0.00447335226538036,0.0,0.01,3
3492,0,0.46442376391836404,0.0,0.23,3
3493,0,0.011980513521511757,0.0,0.0,4
3494,0,0.012799805266493465,0.0,0.28,3
3495,0,0.02051836574772276,0.0,0.01,5
3496,0,0.018355663597453626,0.0,0.37,4
3497,0,0.011881657663938998,0.0,0.02,5
3498,0,0.08332900581580319,0.0,0.11,5
3501,0,0.38958248267393236,0.0,0.16,5
3504,0,0.02276489196268571,0.0,0.0,1
3505,0,0.006692075120149962,0.0,0.0,5
3506,0,0.03836743499132446,0.0,0.0,1
3507,0,0.00311734949895545,0.0,0.0,2
3508,0,0.01028654365543918,0.0,0.0,2
3509,0,0.013526604459787837,0.0,0.0,2
3511,0,0.10658790457907799,0.0,0.12,1
3512,0,0.05640560891938874,0.0,0.0,1
3514,0,0.08770975219397124,0.0,0.01,2
3516,0,0.0832446460474782,0.0,0.0,3
3517,0,0.015264297597573693,0.0,0.0,2
3518,0,0.030277363354463054,0.0,0.21,3
3520,0,0.028267365231679407,0.0,0.0,5
3521,0,0.039471650833044936,0.0,0.01,2
3522,0,0.025038494496518106,0.0,0.0,4
3524,0,0.04533531242084217,1.0,0.28,4
3525,0,0.013003008998826957,0.0,0.01,2
3526,0,0.005685324549353024,0.0,0.03,4
3528,1,0.3280720299047754,1.0,0.79,1
3529,1,0.08108817823434067,0.0,0.05,1
3530,0,0.003644491032069695,0.0,0.09,4
3532,0,0.0038123257473531586,0.0,0.0,1
3533,0,0.0030570337043097063,0.0,0.0,1
3534,0,0.0009542530008617255,0.0,0.0,3
3535,0,0.0009990578439379794,0.0,0.0,5
3539,0,0.004613887285426794,0.0,0.0,3
3540,0,0.0014551468162390339,0.0,0.0,4
3541,0,0.01972642517388138,0.0,0.0,3
3542,0,0.00609718387261726,0.0,0.0,3
3543,0,0.0011113750443420263,0.0,0.0,5
3544,0,0.0014528023630520552,0.0,0.0,4
3545,0,0.008284761631891098,0.0,0.0,3
3546,0,0.012621176323510844,0.0,0.24,5
3548,0,0.004687094836053629,0.0,0.0,3
3549,0,0.09246755821636468,0.0,0.05,3
3550,0,0.0025025118737942607,0.0,0.0,3
3552,0,0.022664023360253423,0.0,0.06,3
3553,0,0.010277187931230338,0.0,0.0,4
3554,0,0.024023993333170304,0.0,0.01,3
3555,0,0.009568861047077302,0.0,0.0,4
3556,0,0.011256776469652513,0.0,0.0,5
3558,0,0.004097404392302185,0.0,0.0,4
3559,0,0.0023362589778172073,0.0,0.01,4
3560,0,0.008920502744747287,0.0,0.0,5
3562,0,0.02335533660398667,0.0,0.0,4
3563,0,0.0015591857150602387,0.0,0.0,4
3564,0,0.010879852227898085,0.0,0.0,1
3565,0,0.07285404498734399,0.0,0.0,5
3566,0,0.3646948102418509,0.0,0.33,2
3567,0,0.005320855145315528,0.0,0.0,1
3568,0,0.14549823597982237,0.0,0.32,3
3569,0,0.0052786995744440205,0.0,0.0,4
3572,0,0.14100941843181794,0.0,0.0,3
3573,0,0.08203022626489176,0.0,0.0,2
3574,0,0.02674848542739305,0.0,0.0,5
3576,0,0.08232786482458856,0.0,0.01,4
3577,0,0.005475810764877441,0.0,0.0,5
3578,0,0.014541614187353369,0.0,0.0,1
3579,1,0.8371233637848382,1.0,0.89,3
3580,0,0.011385116927025608,0.0,0.01,5
3581,0,0.009048897768449362,0.0,0.0,5
3583,0,0.020061309269176146,0.0,0.0,4
3584,0,0.6273566878556837,0.0,0.81,1
3585,0,0.054166170871765916,0.0,0.0,1
3586,0,0.018986659659351996,0.0,0.0,4
3587,0,0.004941707222942111,0.0,0.0,4
3588,0,0.04945239042665613,0.0,0.0,3
3589,0,0.5230894740136651,0.0,0.23,3
3590,0,0.051374901341754244,0.0,0.01,2
3591,0,0.016731088840673383,0.0,0.0,5
3594,0,0.05436091513929616,0.0,0.0,5
3595,0,0.051761719699982355,0.0,0.0,4
3598,0,0.2915768230214326,0.0,0.01,5
3599,0,0.0921806811384448,0.0,0.01,1
3600,0,0.012170406043650564,0.0,0.0,5
3601,0,0.023903236994842758,1.0,0.28,5
3602,0,0.033587027257278114,0.0,0.01,4
3604,0,0.010868817044683095,0.0,0.0,3
3605,0,0.020705138136097062,0.0,0.0,5
3606,0,0.2389951764846403,0.0,0.42,3
3607,0,0.03122726034552292,0.0,0.0,3
3608,0,0.026376616203319533,0.0,0.0,5
3609,0,0.01494702140189674,0.0,0.01,2
3610,0,0.009141832774324371,0.0,0.0,3
3611,1,0.07719646385258278,0.0,0.14,5
3612,0,0.009155770782564392,0.0,0.0,4
3613,0,0.004845991103016941,0.0,0.0,5
3614,0,0.0018778303638546994,0.0,0.0,1
3615,0,0.001022666542772809,0.0,0.0,1
3616,0,0.001483916095740487,0.0,0.0,5
3619,0,0.005328366045853454,0.0,0.0,2
3620,0,0.002574435741816251,0.0,0.0,1
3621,0,0.0010215261886474044,0.0,0.0,3
3622,0,0.003905074180780865,0.0,0.0,3
3623,0,0.001385860760001587,0.0,0.0,2
3624,0,0.0019867141347017655,0.0,0.0,3
3625,0,0.005305907897094042,0.0,0.0,4
3626,0,0.02312287055318579,0.0,0.13,2
3627,0,0.0009407597795160693,0.0,0.0,2
3628,0,0.0019760144365631154,0.0,0.0,2
3629,0,0.005776329605084255,0.0,0.0,3
3630,0,0.0076585879726174585,0.0,0.0,5
3631,0,0.0005297743294506275,0.0,0.01,5
3632,0,0.0018292555367360685,0.0,0.0,3
3633,0,0.005732064682643644,0.0,0.0,1
3634,0,0.003616502665385584,0.0,0.0,1
3635,0,0.004231830650399254,0.0,0.0,2
3637,0,0.0016373337684314323,0.0,0.0,3
3638,0,0.008393259392140839,0.0,0.06,1
3639,0,0.007339361765901919,0.0,0.0,2
3641,0,0.010780347986023536,0.0,0.0,2
3642,0,0.09835792761002975,0.0,0.2,5
3644,0,0.001983022146243603,0.0,0.0,1
3645,0,0.008686630106337617,0.0,0.0,1
3646,0,0.006528799282990196,0.0,0.0,2
3647,0,0.010906767558738251,0.0,0.0,2
3649,0,0.00858923811618819,0.0,0.0,5
3650,0,0.005562211529521671,0.0,0.01,4
3652,0,0.02006566603577341,0.0,0.23,5
3653,0,0.0064260998971751694,0.0,0.0,5
3654,0,0.011045662035397728,0.0,0.01,5
3656,0,0.06340918477794617,0.0,0.01,4
3657,0,0.03521446438954938,0.0,0.03,3
3658,0,0.015537862371813212,0.0,0.0,5
3660,0,0.04978455041493504,0.0,0.0,4
3661,0,0.014538651489055891,0.0,0.01,3
3662,0,0.0050755103614169295,0.0,0.0,1
3663,0,0.007747383078162625,0.0,0.0,5
3664,0,0.005539882121918372,0.0,0.01,3
3665,0,0.030358015003787427,0.0,0.21,1
3667,0,0.021854788756748712,0.0,0.0,2
3669,0,0.011715634404689302,0.0,0.0,2
3670,0,0.005108588450266867,0.0,0.02,3
3672,0,0.013320559761732747,0.0,0.0,2
3673,0,0.019921565487265244,0.0,0.0,1
3674,0,0.10085142858592108,0.0,0.27,5
3675,0,0.007603402616758761,0.0,0.0,2
3676,0,0.017399425761998565,0.0,0.0,5
3677,0,0.09846052417968762,0.0,0.13,4
3679,0,0.05579782403736789,0.0,0.0,5
3680,0,0.0360619848674392,0.0,0.0,4
3684,1,0.6913078765631632,1.0,0.65,5
3685,0,0.11432809886211304,0.0,0.03,5
3687,0,0.006532641256609473,0.0,0.0,2
3689,0,0.02130240631154823,0.0,0.0,2
3690,0,0.06804387188143998,0.0,0.0,4
3691,0,0.1371494467235851,0.0,0.0,4
3692,0,0.009452518445498196,0.0,0.0,3
3693,0,0.005710833009942318,0.0,0.0,1
3694,0,0.10396047091936511,0.0,0.01,3
3696,0,0.012826450038530583,0.0,0.03,2
3697,0,0.006148020860435904,0.0,0.0,4
3698,0,0.0009252615394606887,0.0,0.0,1
3700,0,0.03532220513906189,0.0,0.01,2
3701,0,0.013852584993548174,0.0,0.01,1
3702,0,0.006683080452708662,0.0,0.0,5
3703,0,0.012011468059571836,0.0,0.08,3
3704,0,0.011686973380954004,1.0,0.12,4
3705,0,0.0010750533421265336,0.0,0.0,2
3706,0,0.011521669195914592,0.0,0.0,2
3707,0,0.001575288127319199,0.0,0.01,3
3708,0,0.02647306884788771,0.0,0.0,2
3709,0,0.002244460382630527,0.0,0.0,5
3710,0,0.0022927058768181523,0.0,0.0,3
3711,0,0.005307757408392352,0.0,0.0,1
3713,0,0.0041471175473347345,0.0,0.0,4
3714,0,0.0024407389426979605,0.0,0.0,2
3715,0,0.013062051823107124,0.0,0.0,5
3717,0,0.005877888959676241,0.0,0.0,1
3719,0,0.01857752561786876,0.0,0.0,2
3720,0,0.007715476986303399,0.0,0.0,5
3721,0,0.022212639368875946,0.0,0.0,4
3723,0,0.00230745653737573,0.0,0.0,5
3726,0,0.0027814894371807784,0.0,0.0,1
3728,0,0.020074075910271685,0.0,0.0,3
3730,0,0.020207846427395613,0.0,0.04,4
3731,0,0.004167933440738745,0.0,0.07,4
3732,0,0.02015614166750902,0.0,0.16,5
3734,0,0.007074240288341171,0.0,0.0,4
3735,0,0.35012040889388346,0.0,0.11,1
3736,0,0.0021152032205713632,0.0,0.0,2
3737,0,0.02767437552298573,0.0,0.33,3
3738,0,0.016981005422392694,0.0,0.01,2
3739,0,0.003679436380390181,0.0,0.0,4
3740,0,0.07355124891679708,0.0,0.01,1
3741,0,0.011262563200512497,0.0,0.0,5
3742,0,0.008209025919382058,0.0,0.0,3
3744,0,0.20222404562286228,0.0,0.0,2
3745,0,0.006318992420511755,0.0,0.01,5
3746,0,0.029147647023805404,0.0,0.01,3
3747,0,0.019989997229735972,0.0,0.0,4
3748,0,0.020167050244119356,0.0,0.0,4
3749,0,0.024793230771302167,0.0,0.0,3
3750,0,0.004352339867249727,0.0,0.0,5
3751,0,0.060418793220481666,0.0,0.0,4
3752,0,0.010272513970628339,0.0,0.0,5
3753,0,0.10123114555237317,0.0,0.0,3
3755,0,0.09580024986937083,0.0,0.23,1
3756,0,0.006882555089058372,0.0,0.0,3
3757,0,0.003617177716836381,0.0,0.0,2
3758,0,0.10118566593313111,0.0,0.0,3
3759,0,0.08143448852581366,0.0,0.0,5
3760,1,0.05927778079401164,1.0,0.37,5
3761,0,0.009928685939276424,0.0,0.0,1
3764,0,0.2561671925123305,0.0,0.26,5
3767,0,0.049751608378070675,0.0,0.0,3
3768,0,0.014917383142136538,0.0,0.0,3
3769,0,0.07634090485709599,0.0,0.0,1
3770,0,0.012308515817847292,0.0,0.0,2
3772,0,0.09822888003051375,0.0,0.0,5
3773,0,0.020238544440291197,0.0,0.0,3
3774,0,0.10033150912004676,0.0,0.0,4
3775,0,0.0185621001756273,0.0,0.0,1
3776,0,0.04296395316428723,0.0,0.05,1
3778,0,0.027021263315924852,0.0,0.32,1
3779,0,0.0032187746136923177,0.0,0.01,4
3780,0,0.0059893461306774415,0.0,0.0,1
3781,0,0.009960994326893322,0.0,0.0,2
3782,0,0.0026756848882657945,0.0,0.0,1
3783,0,0.007579062506460364,0.0,0.01,1
3784,0,0.0071272300307563844,0.0,0.0,4
3787,1,0.012053322729566666,1.0,0.41,5
3788,0,0.0778832357153369,0.0,0.04,4
3789,0,0.005064071626510184,0.0,0.0,1
3790,0,0.0330140559271104,0.0,0.08,4
3791,0,0.019438482987106438,0.0,0.01,5
3793,1,0.023532914880678643,1.0,0.39,1
3795,0,0.0022748577963202523,0.0,0.0,2
3796,0,0.002803416862780458,0.0,0.0,4
3797,0,0.012985982662411586,0.0,0.0,1
3798,0,0.005161396413937108,0.0,0.0,4
3799,0,0.0017355863131926596,0.0,0.0,5
3800,0,0.006007196797637438,0.0,0.0,4
3802,0,0.014348593891879015,0.0,0.0,3
3803,0,0.006021700710048169,0.0,0.0,3
3805,0,0.006882416834223504,0.0,0.0,4
3808,0,0.0021460528813727294,0.0,0.0,5
3809,0,0.1756619364339018,1.0,0.43,2
3810,0,0.008947826785030217,0.0,0.0,1
3811,0,0.0020791258325324503,0.0,0.01,5
3813,0,0.0359358014412948,0.0,0.01,1
3815,0,0.005735372955069879,0.0,0.0,1
3816,0,0.08170058760005977,0.0,0.02,4
3817,0,0.09792066167061365,0.0,0.02,4
3818,0,0.02986421501350204,0.0,0.0,5
3819,0,0.01257621894294366,0.0,0.0,2
3821,0,0.007838672966777122,0.0,0.0,2
3822,0,0.02180594023535007,0.0,0.0,1
3823,0,0.009609951798931942,0.0,0.0,1
3824,0,0.0046646869508039784,0.0,0.0,2
3825,0,0.05108365302356023,0.0,0.02,3
3826,0,0.014524627602950122,0.0,0.0,2
3827,0,0.01755299766228598,0.0,0.0,5
3828,0,0.00999464329436897,0.0,0.0,2
3829,1,0.01842858781673545,1.0,0.25,4
3831,0,0.015115912832669075,0.0,0.0,4
3832,0,0.026287074262457716,0.0,0.0,3
3834,0,0.13326715350835486,0.0,0.19,1
3835,0,0.017622063013849498,0.0,0.0,4
3837,0,0.12375514765638321,0.0,0.04,5
3838,0,0.03509643289850688,0.0,0.0,4
3840,0,0.01999367666819309,0.0,0.0,4
3841,0,0.13211441770660712,0.0,0.0,1
3842,0,0.05433644371644467,0.0,0.0,2
3844,0,0.1340795410450728,0.0,0.0,5
3845,0,0.012737504701235731,0.0,0.0,2
3846,0,0.08637118658451323,0.0,0.0,2
3847,0,0.06254385924847482,0.0,0.0,3
3848,0,0.021505656943133427,0.0,0.0,4
3849,0,0.03882678382111812,0.0,0.0,4
3850,0,0.015478752235881573,0.0,0.0,2
3852,0,0.07529305232561077,0.0,0.0,3
3853,0,0.04824098350562318,0.0,0.0,4
3854,1,0.9328085933241513,1.0,0.9,1
3855,0,0.009205422389264754,0.0,0.0,1
3857,0,0.022918260786213684,0.0,0.01,4
3860,0,0.017544307863160247,0.0,0.09,3
3861,0,0.0367716039556044,0.0,0.06,2
3863,0,0.01440169188398815,0.0,0.02,1
3864,0,0.016097925466920557,1.0,0.15,4
3865,1,0.020179959737821253,0.0,0.08,4
3867,1,0.2641688571805349,1.0,0.85,1
3868,0,0.003021495872903988,0.0,0.0,2
3869,0,0.012982283848489288,0.0,0.01,5
3870,0,0.01290737510390451,0.0,0.0,5
3871,0,0.00218800967732,0.0,0.02,5
3872,0,0.006854850248562375,0.0,0.0,2
3874,0,0.01343701692175084,1.0,0.39,2
3875,0,0.030172463486038543,0.0,0.0,2
3877,0,0.01706288779892981,0.0,0.0,1
3878,0,0.003075397350139982,0.0,0.0,2
3879,0,0.03382284008334055,0.0,0.01,3
3880,0,0.0008284100384206598,0.0,0.0,2
3881,0,0.021379134494009654,0.0,0.0,5
3882,0,0.007457095473449221,0.0,0.0,4
3883,0,0.0053281507723767565,0.0,0.0,3
3884,0,0.004288812053573759,0.0,0.0,2
3885,0,0.002449544467205456,0.0,0.0,2
3887,0,0.07115880410990111,0.0,0.0,1
3888,0,0.006278645677636577,0.0,0.0,5
3889,0,0.06935019495946446,0.0,0.01,1
3890,0,0.0800470681141897,0.0,0.0,1
3891,0,0.025115956325055325,0.0,0.01,4
3892,0,0.03241087004238606,0.0,0.12,3
3893,0,0.018273005848249823,0.0,0.0,1
3894,0,0.0056910225314168806,0.0,0.0,2
3896,0,0.003634085303972522,0.0,0.0,1
3897,0,0.003953940051096346,0.0,0.0,3
3898,0,0.00120607857212242,0.0,0.0,5
3899,0,0.0036784532138916535,0.0,0.02,4
3900,0,0.07258731771081736,0.0,0.0,1
3901,0,0.0025965491014314653,0.0,0.0,5
3903,0,0.004122084659883259,0.0,0.0,2
3904,0,0.051285605833285224,0.0,0.0,2
3905,0,0.004183467023760649,0.0,0.0,1
3906,0,0.4136410836520892,0.0,0.47,4
3907,0,0.00541460794708907,0.0,0.01,1
3911,0,0.030102705000780005,0.0,0.11,1
3913,0,0.004472303603284967,0.0,0.0,3
3914,0,0.004821739532366663,0.0,0.01,5
3915,0,0.011713497816190133,0.0,0.0,4
3917,0,0.0058285162826135495,0.0,0.0,2
3918,0,0.08368317283114346,0.0,0.21,5
3919,0,0.009009294794907037,0.0,0.01,3
3920,0,0.05556912710073943,0.0,0.01,5
3921,0,0.03697805250760356,0.0,0.0,5
3922,0,0.018457500116932445,0.0,0.0,5
3923,0,0.01835856191104968,0.0,0.0,4
3924,0,0.020630150477291612,0.0,0.0,2
3925,0,0.008258712245261632,0.0,0.0,4
3927,0,0.009280940480872631,0.0,0.02,1
3928,1,0.8060807750630651,1.0,0.27,2
3929,0,0.015597343770387434,0.0,0.0,2
3930,0,0.029701249282261817,0.0,0.0,2
3931,0,0.00859413916081232,0.0,0.0,1
3932,0,0.04766300616366441,0.0,0.0,4
3933,0,0.018585030502322773,0.0,0.0,2
3934,0,0.023283417377915384,0.0,0.0,5
3936,0,0.026693797092163556,0.0,0.0,5
3937,0,0.030076216246897235,0.0,0.0,4
3938,0,0.016973684579221462,0.0,0.0,4
3939,0,0.36102993870564515,0.0,0.05,1
3941,0,0.03713388782831862,0.0,0.0,3
3942,0,0.05633316009048302,0.0,0.04,2
3943,1,0.8901355446742077,1.0,0.91,4
3945,0,0.002471110631708737,0.0,0.0,2
3947,0,0.0013936884200367677,0.0,0.0,4
3948,0,0.0012485056963306821,0.0,0.0,2
3950,0,0.005365346573321584,0.0,0.0,4
3952,0,0.001763716882226917,0.0,0.0,1
3953,0,0.0021718399209747327,0.0,0.0,5
3954,0,0.002976290221504192,0.0,0.0,2
3956,0,0.0036727385096862655,0.0,0.0,4
3957,0,0.02037613582714258,0.0,0.0,2
3958,0,0.08847698347117387,0.0,0.39,2
3959,0,0.002674831621320244,0.0,0.0,4
3960,0,0.013882523345530211,0.0,0.02,2
3961,0,0.0020025769150433573,0.0,0.0,5
3962,0,0.003032890123110782,0.0,0.0,4
3963,0,0.0027980122426933605,0.0,0.0,5
3965,0,0.003746857483727125,0.0,0.0,1
3967,0,0.015315108283746087,0.0,0.0,3
3968,0,0.002715693986303479,0.0,0.0,2
3970,0,0.006590064988626294,0.0,0.19,1
3971,0,0.0051491893354072525,0.0,0.0,5
3972,0,0.0023816804427798928,0.0,0.0,5
3973,0,0.02016852102743175,0.0,0.0,3
3975,0,0.023041529763885283,0.0,0.0,5
3976,0,0.005974226618331961,0.0,0.24,2
3978,0,0.015491900360750634,0.0,0.05,3
3979,0,0.011211700786073692,0.0,0.0,4
3980,0,0.011265660129773106,0.0,0.18,3
3981,0,0.006379243064471491,0.0,0.0,1
3982,0,0.09113855467017425,0.0,0.0,2
3983,0,0.02242522962369587,0.0,0.0,3
3984,0,0.012388573157365279,0.0,0.0,4
3985,0,0.06659631442140732,0.0,0.01,2
3986,0,0.0012312261674194093,0.0,0.01,2
3987,0,0.01224930621701647,0.0,0.0,2
3988,0,0.027675217545991133,0.0,0.0,5
3990,0,0.0034383830256811613,0.0,0.0,1
3992,0,0.013866056853991672,0.0,0.0,1
3993,0,0.022248066688274625,0.0,0.18,5
3994,0,0.01005729201864305,0.0,0.0,4
3995,0,0.007211855648880325,0.0,0.0,3
3996,0,0.008368947091399471,0.0,0.0,5
3997,0,0.2250553356306575,0.0,0.0,2
3998,0,0.015625298253460363,0.0,0.0,5
3999,0,0.0409715148163391,0.0,0.01,3
4000,0,0.12771470075007796,0.0,0.02,2
4002,1,0.701166430703002,0.0,0.11,4
4003,0,0.022572351157487448,0.0,0.0,3
4004,0,0.30046224654639286,0.0,0.23,2
4005,0,0.0595123501024228,0.0,0.03,5
4006,0,0.08368489983208115,0.0,0.0,5
4007,0,0.10437215636397801,0.0,0.2,1
4008,0,0.02344193538502354,0.0,0.01,5
4009,0,0.04314075728575261,0.0,0.0,4
4010,0,0.02921814263134112,0.0,0.0,4
4011,0,0.3287304759662688,0.0,0.01,1
4012,0,0.1309149382346095,0.0,0.17,5
4014,0,0.042660221391858946,0.0,0.0,5
4016,0,0.019054546168243106,0.0,0.0,1
4017,0,0.042464601038394736,0.0,0.0,1
4018,0,0.006237167268853955,0.0,0.0,3
4019,0,0.18554284985982625,0.0,0.0,2
4020,0,0.10404256097242838,0.0,0.26,5
4021,0,0.03331787858544266,0.0,0.01,3
4022,0,0.02510771565464787,0.0,0.0,3
4023,0,0.13921815165812013,0.0,0.26,2
4024,1,0.5439883540951839,1.0,0.43,4
4025,0,0.005478807096269171,0.0,0.09,4
4027,0,0.057709379394919276,0.0,0.24,4
4029,0,0.01366573722681953,0.0,0.3,3
4030,0,0.16973471748104452,0.0,0.33,3
4032,1,0.2523695949486995,1.0,0.47,5
4033,0,0.048589233448334546,0.0,0.26,4
4036,0,0.026229767563786935,0.0,0.01,2
4037,0,0.0024577066183275815,0.0,0.0,2
4038,0,0.0015055482918358257,0.0,0.0,5
4039,0,0.007069097446122125,0.0,0.02,2
4040,0,0.0028593667064249657,0.0,0.0,5
4041,0,0.0013153244554313648,0.0,0.0,2
4042,0,0.006890600917768042,0.0,0.0,5
4043,0,0.008835924330832277,0.0,0.0,1
4044,1,0.009644114778965342,0.0,0.0,5
4045,0,0.0010766575119794477,0.0,0.0,1
4046,0,0.007145785052545217,0.0,0.01,5
4047,0,0.014497080090790737,0.0,0.01,2
4048,1,0.6605183421094296,1.0,0.78,4
4049,0,0.008237159075689695,0.0,0.0,1
4051,0,0.007787168346834452,0.0,0.07,3
4052,0,0.006007859853227489,0.0,0.0,1
4053,0,0.0373086945710524,0.0,0.05,1
4054,0,0.006097727558149396,0.0,0.0,1
4055,0,0.0037313113893286468,0.0,0.01,1
4056,0,0.008167799077991126,0.0,0.0,5
4057,0,0.005801567425773431,0.0,0.0,4
4058,0,0.0211273785039945,0.0,0.02,2
4061,0,0.005653900223668643,0.0,0.0,1
4062,0,0.013112211199259503,0.0,0.0,2
4063,0,0.00497723984094415,0.0,0.0,2
4065,0,0.003245183189111052,0.0,0.0,3
4066,0,0.031230968667499363,0.0,0.0,5
4067,0,0.08626313756960062,0.0,0.02,2
4068,0,0.040300107089013854,0.0,0.05,1
4069,0,0.020746739126361692,0.0,0.08,2
4070,0,0.2361212873086851,0.0,0.48,3
4071,1,0.8168398316082792,1.0,0.73,4
4072,0,0.007965988104892097,0.0,0.0,1
4073,0,0.018137668247358532,0.0,0.03,4
4074,0,0.015489959447715997,0.0,0.01,3
4075,0,0.02569820750515771,0.0,0.0,2
4076,0,0.007844166327428018,0.0,0.0,5
4077,0,0.07723346040370543,0.0,0.0,4
4079,0,0.029384657527964306,0.0,0.0,1
4082,0,0.03543410539747609,0.0,0.0,5
4084,0,0.026880629479331137,0.0,0.0,4
4086,0,0.01841183615593853,0.0,0.0,1
4087,1,0.26043178550317786,1.0,0.39,4
4088,0,0.036009120362990976,0.0,0.0,4
4089,0,0.04107674076538538,0.0,0.0,3
4090,0,0.08020130927528149,0.0,0.01,1
4091,0,0.008124269338211393,0.0,0.01,5
4092,0,0.005141116261955403,0.0,0.0,4
4093,0,0.005375097117109971,0.0,0.01,5
4094,0,0.01568938398090922,0.0,0.0,4
4095,0,0.027720975835749107,0.0,0.0,3
4096,1,0.15303831215085517,1.0,0.64,2
4097,0,0.007243226441691573,0.0,0.0,2
4098,0,0.01397954079123959,0.0,0.0,4
4101,0,0.02584254063515143,0.0,0.0,2
4102,0,0.11863000782806403,0.0,0.01,2
4103,0,0.05482192088850016,0.0,0.0,3
4104,0,0.14662645110879227,0.0,0.03,3
4105,0,0.025185482953646574,0.0,0.0,3
4107,0,0.044014808751784866,0.0,0.0,4
4108,0,0.02041667225114971,0.0,0.0,2
4109,0,0.14086549653352773,0.0,0.01,3
4110,0,0.060356875388383975,0.0,0.42,1
4112,0,0.01424269319427527,0.0,0.0,2
4114,0,0.2636934052749461,0.0,0.4,4
4115,0,0.2423960290565386,0.0,0.33,5
4116,0,0.6213189469889048,1.0,0.27,2
4117,1,0.41824896839543596,1.0,0.79,5
4118,0,0.09658080377274791,1.0,0.47,4
4119,1,0.03142713225293968,0.0,0.47,2
4121,1,0.0710205463041063,1.0,0.38,3
4123,0,0.0029976285424549534,0.0,0.02,5
4124,0,0.05290202704577413,0.0,0.08,3
4125,0,0.002758453332847345,0.0,0.02,5
4127,0,0.0035656425062245488,0.0,0.0,3
4128,0,0.0008519972791270991,0.0,0.0,3
4129,0,0.004114990325452958,0.0,0.02,4
4131,0,0.030028419393427572,0.0,0.03,3
4133,0,0.003795916350111466,0.0,0.0,2
4135,0,0.0027116125556034994,0.0,0.0,2
4137,0,0.045599865021569666,0.0,0.03,4
4138,1,0.09661234266326411,1.0,0.64,5
4139,0,0.0015332905262686004,0.0,0.0,5
4140,1,0.2865839974884059,1.0,0.6,1
4142,0,0.06362189756249252,0.0,0.0,5
4144,0,0.006926929368843434,0.0,0.0,1
4145,0,0.02547449887883149,0.0,0.0,2
4146,0,0.01542414242763311,0.0,0.0,4
4147,0,0.010034557114722311,0.0,0.02,3
4148,0,0.012850364935527993,0.0,0.0,2
4149,0,0.018436508924556554,0.0,0.0,5
4150,0,0.012154102025807727,0.0,0.0,4
4151,1,0.01502421304251328,1.0,0.39,3
4152,0,0.01144636863445313,0.0,0.0,3
4153,1,0.023442016892900198,1.0,0.55,1
4154,0,0.00821624913337414,0.0,0.0,2
4155,1,0.009954373614398519,0.0,0.48,3
4157,1,0.22460301876754818,0.0,0.43,3
4158,0,0.008519838758098636,0.0,0.0,1
4159,0,0.006359319465753974,0.0,0.0,3
4161,0,0.007638476743450322,0.0,0.0,1
4162,0,0.00392176201813149,0.0,0.0,1
4163,0,0.014909807122544753,0.0,0.0,5
4164,1,0.0288163600880009,1.0,0.59,5
4165,0,0.01665003373843082,0.0,0.0,2
4166,0,0.1516449645443022,0.0,0.02,1
4167,0,0.0050376458970945795,0.0,0.0,3
4168,0,0.008222859802809122,0.0,0.02,5
4169,0,0.014448256031926598,0.0,0.0,2
4171,0,0.009102534711066364,0.0,0.0,5
4172,0,0.10698658955092978,0.0,0.02,5
4173,1,0.03625869076607287,1.0,0.36,3
4174,0,0.01488430631250735,0.0,0.01,3
4175,0,0.016450534447254528,0.0,0.0,3
4177,0,0.018484009501589797,0.0,0.0,2
4178,0,0.029046822240829464,0.0,0.0,5
4180,0,0.015117445486552365,0.0,0.0,4
4181,0,0.032061416132889785,0.0,0.0,1
4182,1,0.3236213112810708,1.0,0.56,2
4183,0,0.19965274500178787,0.0,0.02,3
4184,1,0.18478022311605957,1.0,0.5,1
4185,1,0.0714963579439228,1.0,0.65,1
4186,0,0.01215461832025086,0.0,0.0,3
4187,0,0.010860247557331162,0.0,0.0,3
4188,0,0.009548561016010206,0.0,0.0,4
4189,0,0.009581331836225357,0.0,0.0,5
4190,0,0.017902122229979663,0.0,0.01,5
4191,0,0.5431602284980888,0.0,0.26,3
4193,0,0.0387523513295235,0.0,0.0,3
4194,0,0.10395404442726404,0.0,0.0,1
4195,0,0.057420672056935664,0.0,0.0,4
4197,0,0.04747671885881272,0.0,0.0,1
4198,0,0.04668971398657402,0.0,0.0,1
4199,0,0.017507467793321106,0.0,0.0,4
4200,0,0.027082164592281657,0.0,0.0,4
4202,0,0.11952204021410379,0.0,0.01,3
4203,0,0.009349251480091442,1.0,0.09,5
4204,0,0.10614297557780879,0.0,0.02,1
4205,0,0.019935284988298777,0.0,0.09,3
4206,0,0.02154398269806835,0.0,0.43,4
4207,1,0.03299200062478188,0.0,0.01,1
4208,0,0.0013287237863181004,0.0,0.0,3
4209,0,0.008876758367539964,0.0,0.06,2
4210,0,0.002954746251472863,0.0,0.0,1
4211,1,0.020327500554611844,0.0,0.47,2
4213,0,0.004449014610019341,0.0,0.0,5
4214,0,0.004543350945808579,0.0,0.0,5
4215,0,0.01195018241546415,0.0,0.0,3
4216,0,0.020220507788990736,0.0,0.53,1
4217,0,0.002689686181852139,0.0,0.0,5
4218,0,0.0035064246420592393,0.0,0.0,1
4219,0,0.001727949074964957,0.0,0.0,5
4220,0,0.20451770588145976,0.0,0.7,1
4221,0,0.003684330658150426,0.0,0.0,5
4224,0,0.002252999987522693,0.0,0.0,3
4225,1,0.01976059664193212,1.0,0.5,5
4226,0,0.009293551033790507,0.0,0.0,2
4227,0,0.013814337355428256,0.0,0.08,2
4228,0,0.04770073513239868,0.0,0.0,4
4229,0,0.011344252757902526,0.0,0.0,3
4230,0,0.008230749888963124,0.0,0.0,3
4232,0,0.00911641389539947,0.0,0.0,2
4233,0,0.023917172487158248,1.0,0.37,4
4234,0,0.0022030101267882436,0.0,0.0,3
4235,0,0.008491277937240587,0.0,0.0,1
4236,0,0.03679383718826486,0.0,0.0,1
4237,0,0.004527765212758412,0.0,0.01,1
4238,0,0.002133185857423259,0.0,0.0,1
4239,0,0.0039039998036606315,0.0,0.02,4
4240,0,0.007606216581682194,0.0,0.0,4
4242,0,0.07904049573627313,0.0,0.02,1
4244,0,0.008532130453077574,0.0,0.0,3
4245,0,0.025702548622487803,0.0,0.0,3
4246,0,0.00827521358050125,0.0,0.0,1
4247,1,0.4988004014559952,0.0,0.44,2
4248,0,0.008195306823012777,0.0,0.0,2
4249,1,0.21286113316036145,0.0,0.31,3
4251,1,0.12177422968458307,1.0,0.31,1
4252,0,0.11346500003116224,0.0,0.02,3
4253,1,0.022783006542437586,0.0,0.26,5
4254,1,0.784703968233487,1.0,0.86,1
4256,0,0.007756632811040214,0.0,0.0,2
4257,0,0.030753825329363733,0.0,0.0,3
4259,0,0.012563455772153457,0.0,0.0,4
4260,0,0.016395101509413017,0.0,0.01,3
4261,0,0.014320727857434743,0.0,0.0,3
4262,0,0.03798189545286161,0.0,0.0,2
4263,0,0.040921704159111,0.0,0.0,5
4265,0,0.009248970766743865,0.0,0.0,1
4266,0,0.01648655991726991,0.0,0.0,4
4267,0,0.0875270262510738,0.0,0.0,1
4268,0,0.020870374177949076,0.0,0.0,5
4269,0,0.09114818355782693,0.0,0.0,3
4272,0,0.0436688619851344,0.0,0.0,1
4273,0,0.013030404999529628,0.0,0.01,2
4275,0,0.012816495917837832,0.0,0.0,4
4276,0,0.11781961432647049,0.0,0.06,4
4277,0,0.03288271460604368,0.0,0.0,4
4278,0,0.25287252755467193,0.0,0.07,3
4279,1,0.05209493339017876,1.0,0.63,5
4280,0,0.05422755030136617,0.0,0.02,4
4281,0,0.020302358865399266,0.0,0.0,2
4282,1,0.13477119386273745,1.0,0.54,3
4284,0,0.05041466524872995,0.0,0.0,2
4285,1,0.09208045462847694,1.0,0.37,1
4286,0,0.14912819052890466,0.0,0.03,5
4289,0,0.013796696344345974,0.0,0.02,5
4290,0,0.04432386920420475,0.0,0.0,3
4292,1,0.38179126037281513,1.0,0.09,2
4293,0,0.07535959297708417,0.0,0.38,2
4294,0,0.02025151285307669,0.0,0.05,4
4295,0,0.04355386020461411,0.0,0.1,2
4298,0,0.003623745833230758,0.0,0.01,4
4299,0,0.026214241600569805,0.0,0.02,2
4300,0,0.003561809199734623,0.0,0.0,3
4301,0,0.07040388611893006,0.0,0.02,3
4302,0,0.7092362475579618,1.0,0.75,3
4303,0,0.030109321126860277,0.0,0.01,4
4304,0,0.0010367712256617273,0.0,0.03,2
4306,0,0.0032933035245559924,0.0,0.03,2
4308,0,0.01614727944363302,0.0,0.05,3
4309,0,0.00348815042192039,0.0,0.0,1
4310,0,0.002501303237373218,0.0,0.0,3
4311,0,0.003683972959946707,0.0,0.01,1
4313,0,0.037195253181167426,0.0,0.0,3
4314,0,0.0018323233480773736,0.0,0.0,3
4316,0,0.006968895819991491,0.0,0.0,1
4317,0,0.007425442615565571,0.0,0.0,2
4318,0,0.025491562846277474,0.0,0.0,1
4320,0,0.01023801510265774,0.0,0.02,5
4321,0,0.0039061869151818785,0.0,0.0,5
4322,0,0.010373612329549734,0.0,0.02,4
4323,1,0.035882562695720766,1.0,0.5,4
4325,0,0.2273310587609347,0.0,0.09,1
4326,1,0.15097654071986422,1.0,0.4,3
4328,1,0.01522744311703159,1.0,0.46,2
4331,0,0.013119537422965044,0.0,0.0,1
4333,0,0.011141299478798484,0.0,0.0,4
4334,0,0.025882504901846175,0.0,0.01,5
4335,0,0.034724509256013926,0.0,0.01,1
4336,0,0.14357800234807647,0.0,0.04,1
4338,0,0.018768964048840844,0.0,0.01,1
4340,0,0.024101574190307767,0.0,0.0,2
4341,0,0.03946688273098533,0.0,0.04,5
4343,0,0.022439331957130732,0.0,0.0,4
4344,0,0.09912782362141385,0.0,0.03,2
4345,0,0.031615522117609776,0.0,0.01,5
4346,0,0.008710980673202327,0.0,0.01,1
4347,0,0.008792125010890337,0.0,0.02,1
4348,0,0.11643179602385086,0.0,0.0,2
4350,0,0.026250767137611587,0.0,0.02,3
4352,0,0.03665251514550867,0.0,0.02,3
4353,1,0.7769005913843219,1.0,0.44,1
4354,0,0.8107462190402854,0.0,0.23,3
4355,1,0.20649761405870698,1.0,0.36,1
4356,0,0.019683229498099034,0.0,0.01,2
4358,0,0.022381294617278103,0.0,0.03,1
4359,0,0.027868594320149837,0.0,0.03,1
4361,1,0.07203348590897399,1.0,0.33,4
4362,0,0.15774583613503068,0.0,0.02,3
4364,0,0.0060034357065998694,0.0,0.01,2
4365,0,0.29070760181378835,0.0,0.09,4
4366,0,0.3152095203844982,0.0,0.1,3
4368,0,0.017054007583566802,0.0,0.03,2
4369,0,0.020742968728969306,0.0,0.01,1
4370,1,0.5341596716253921,1.0,0.74,2
4371,0,0.06722927652779685,0.0,0.01,3
4372,0,0.046163179926993474,0.0,0.04,4
4373,0,0.027579263392004748,0.0,0.02,4
4375,0,0.01718046812413266,1.0,0.21,5
4376,0,0.02545448056690099,0.0,0.05,2
4377,0,0.28863531585981084,0.0,0.09,3
4378,0,0.08626324819201224,0.0,0.16,4
4380,0,0.37731090621467384,0.0,0.33,1
4382,0,0.1486136763497362,0.0,0.2,5
4383,1,0.9343179499138754,1.0,0.86,2
4385,1,0.20581724722081357,0.0,0.21,2
4386,0,0.010581792465242388,0.0,0.0,1
4387,0,0.008554263138985295,0.0,0.0,2
4388,0,0.0027163632204148832,0.0,0.03,1
4389,1,0.0034126709160853517,1.0,0.53,3
4390,0,0.009013486706606141,0.0,0.13,1
4391,1,0.02856590276852045,1.0,0.67,2
4393,0,0.002586389648985964,0.0,0.0,3
4395,0,0.011934568799535595,0.0,0.0,3
4396,0,0.0034539364185077756,0.0,0.1,3
4397,0,0.008386580593380457,0.0,0.0,3
4398,0,0.009612335198695086,0.0,0.02,4
4399,0,0.0055716802056870384,0.0,0.02,4
4400,1,0.04652338097626765,1.0,0.84,1
4401,0,0.013239885592327055,0.0,0.01,3
4402,0,0.0013513705592242545,0.0,0.0,3
4405,1,0.00930415719703841,1.0,0.83,2
4406,1,0.25366117822301315,1.0,0.72,1
4407,0,0.2296797505961397,0.0,0.08,1
4408,0,0.014406555766101036,0.0,0.0,2
4409,1,0.11351793807756366,1.0,0.56,2
4410,0,0.006730430320423392,0.0,0.01,1
4411,0,0.01928503737320688,0.0,0.0,4
4412,0,0.021781622283679018,0.0,0.0,3
4414,0,0.022018145120894405,0.0,0.02,1
4415,0,0.047886086138902315,0.0,0.0,5
4416,0,0.006602958352429528,0.0,0.0,1
4417,1,0.8850742356493136,0.0,0.89,2
4418,0,0.018255723405678125,0.0,0.0,5
4419,1,0.716574170620364,1.0,0.81,5
4420,0,0.004812639610123168,0.0,0.0,4
4421,1,0.6514959543477384,1.0,0.81,3
4422,0,0.05238476067364035,0.0,0.02,2
4423,0,0.027899017949306666,0.0,0.0,2
4424,0,0.008160904043788091,0.0,0.0,5
4425,0,0.022648495041557994,0.0,0.0,5
4426,0,0.025478437660234013,0.0,0.0,3
4428,0,0.01749474616340625,0.0,0.0,3
4430,0,0.011991656633942806,0.0,0.0,5
4432,0,0.10975678389346205,0.0,0.01,1
4433,0,0.04229319996363119,0.0,0.0,5
4434,0,0.014158667206661039,0.0,0.0,4
4435,1,0.1495257063602579,1.0,0.73,3
4436,0,0.02171962177710834,0.0,0.01,1
4438,0,0.3496322880351369,0.0,0.03,2
4439,0,0.40441347799505856,0.0,0.15,3
4440,0,0.08127170055509622,0.0,0.01,4
4441,1,0.1220855602157034,1.0,0.8,3
4442,0,0.030549749696747744,0.0,0.01,4
4443,0,0.6755476611146836,0.0,0.11,5
4444,0,0.23712874518313592,0.0,0.01,4
4445,0,0.03607083476262323,0.0,0.01,2
4446,0,0.03692122849460089,0.0,0.0,2
4447,0,0.048688332343499376,0.0,0.02,2
4448,1,0.2320225758465348,1.0,0.75,4
4451,0,0.13562211450456133,0.0,0.0,1
4452,0,0.017622446925143382,0.0,0.01,2
4455,0,0.007336968353213926,1.0,0.01,5
4456,0,0.2634314347332237,0.0,0.0,5
4457,0,0.017201965403003998,0.0,0.0,1
4459,0,0.029838331858854043,0.0,0.0,3
4460,0,0.032276779576035176,0.0,0.0,3
4462,1,0.9317993734250076,1.0,0.81,2
4463,0,0.12122161581158285,0.0,0.0,1
4464,0,0.04312737091692772,0.0,0.01,2
4465,0,0.08332660269398674,0.0,0.02,5
4467,0,0.1720414317736187,0.0,0.12,2
4468,0,0.05658227136840416,0.0,0.14,2
4469,1,0.07152079359797965,0.0,0.02,3
4470,0,0.003630666858188598,0.0,0.0,1
4472,0,0.07580228386372731,0.0,0.05,3
4473,0,0.005062815460273506,0.0,0.01,5
4475,1,0.0029541891108772994,1.0,0.77,5
4476,0,0.08795741572270183,0.0,0.05,1
4477,0,0.011589559267618104,0.0,0.0,1
4478,0,0.012364978360381269,0.0,0.0,5
4479,0,0.007328132717732405,0.0,0.0,2
4480,1,0.03131867418815761,1.0,0.39,4
4481,0,0.002819821069506328,0.0,0.0,2
4482,0,0.005925394452773382,0.0,0.0,3
4483,0,0.0248142734106037,0.0,0.05,1
4484,0,0.009486514463312633,0.0,0.0,3
4485,0,0.00698718239719488,0.0,0.0,5
4486,0,0.0064990582375079285,0.0,0.0,5
4489,0,0.012509453412747748,0.0,0.0,5
4490,0,0.011262140849154677,0.0,0.0,3
4491,0,0.11228876461382789,0.0,0.08,3
4492,0,0.2593731788043622,0.0,0.05,5
4493,0,0.013064527072690612,0.0,0.0,4
4494,0,0.0038093085572593983,0.0,0.03,1
4496,0,0.012775215870037063,0.0,0.0,5
4497,0,0.007639225261446989,0.0,0.0,3
4498,0,0.010156060454666488,0.0,0.0,4
4499,0,0.005007472511094581,0.0,0.0,3
4500,0,0.03497985354315135,0.0,0.0,3
4501,1,0.110836808184858,1.0,0.75,3
4503,0,0.021172600589024003,0.0,0.01,5
4504,0,0.012646788990024865,0.0,0.0,3
4505,0,0.06843052662158379,0.0,0.0,3
4506,0,0.009761349847275589,0.0,0.01,4
4507,0,0.030164635979485273,0.0,0.0,3
4509,0,0.03836352531286349,0.0,0.0,5
4510,1,0.6882075748835524,1.0,0.71,1
4511,0,0.03879183856620333,0.0,0.01,2
4512,0,0.08910027698462096,0.0,0.05,4
4513,0,0.03912634823341878,0.0,0.0,1
4514,0,0.010065309580226497,0.0,0.0,1
4515,0,0.1144103831169064,0.0,0.01,4
4516,0,0.04327130109880054,0.0,0.0,1
4517,0,0.005242663862601007,0.0,0.0,4
4518,0,0.1195788235261334,0.0,0.01,5
4519,0,0.013103693338552212,0.0,0.01,5
4520,0,0.14000641820644197,0.0,0.0,3
4521,0,0.022295042374504075,0.0,0.0,2
4522,0,0.015683685520847184,0.0,0.0,1
4523,0,0.25747570558720334,0.0,0.01,3
4524,0,0.025231683168175364,0.0,0.0,5
4526,0,0.030235976914777755,0.0,0.0,2
4527,1,0.026713608054228566,1.0,0.47,4
4528,0,0.043506399952383236,0.0,0.0,1
4529,0,0.01563371213064448,0.0,0.0,1
4530,0,0.07553665253282224,0.0,0.0,4
4531,0,0.08170640284946343,0.0,0.0,1
4532,0,0.02133737364983495,0.0,0.0,3
4533,1,0.20804469375182755,1.0,0.56,3
4534,0,0.010953238925155574,0.0,0.0,5
4535,0,0.02546686010936263,0.0,0.0,4
4536,1,0.05008719482249308,1.0,0.83,4
4537,0,0.027185915748471085,0.0,0.01,3
4539,0,0.024278041739217295,0.0,0.0,3
4540,0,0.030006947322833422,0.0,0.0,4
4541,0,0.17253769155546952,0.0,0.01,1
4545,0,0.09906061568863739,0.0,0.0,3
4547,0,0.5711605759172927,0.0,0.01,3
4548,0,0.04309143966984992,0.0,0.0,3
4549,0,0.07270412369698648,0.0,0.0,5
4550,0,0.054482537107686135,0.0,0.01,4
4551,0,0.014797291406949934,0.0,0.03,1
4552,0,0.03804073112453917,0.0,0.07,2
4553,0,0.02047142225853295,0.0,0.04,5
4554,0,0.004434002669667951,0.0,0.0,3
4555,0,0.0017909114083430025,0.0,0.0,5
4556,1,0.018076164115812386,1.0,0.53,3
4557,0,0.0014264044743751358,0.0,0.0,2
4558,1,0.015108858250091782,1.0,0.73,1
4559,0,0.011412030758229882,0.0,0.02,1
4560,0,0.039324866746264814,0.0,0.01,5
4561,0,0.0039079711468320375,0.0,0.0,5
4562,0,0.26071956885087594,0.0,0.06,3
4563,0,0.007619641324547989,0.0,0.0,3
4564,0,0.00924773717756209,0.0,0.0,2
4567,0,0.014621603979764123,0.0,0.01,5
4568,0,0.004880142892479485,0.0,0.0,4
4569,0,0.011734403235637016,0.0,0.0,2
4570,1,0.03701634749548094,1.0,0.53,1
4571,0,0.006587474392084597,0.0,0.0,2
4572,0,0.005248761626606009,0.0,0.0,2
4573,0,0.008216993018160744,0.0,0.01,1
4574,0,0.002916356251189362,0.0,0.0,3
4578,0,0.009559681885545152,0.0,0.0,1
4579,1,0.03259378619822016,1.0,0.49,1
4580,0,0.005457472837051295,0.0,0.0,3
4581,0,0.006125815454070453,0.0,0.0,3
4582,0,0.02762312236568825,0.0,0.0,1
4583,0,0.0034352498508042413,0.0,0.0,1
4585,0,0.0033819376047959327,0.0,0.0,3
4586,0,0.05466080261215326,0.0,0.06,4
4589,0,0.014253667600308072,0.0,0.0,1
4590,0,0.0034373249712254406,0.0,0.0,2
4592,0,0.007611718173925765,0.0,0.0,5
4593,0,0.015108691525361035,0.0,0.0,4
4594,0,0.006469099332621606,0.0,0.0,5
4595,0,0.02664774370467778,0.0,0.0,4
4596,1,0.040267567774994,1.0,0.55,1
4597,0,0.03114510235191311,0.0,0.0,3
4598,0,0.09845163918282761,0.0,0.01,1
4599,0,0.4848875298990635,0.0,0.03,2
4602,0,0.013021860136251376,0.0,0.0,5
4603,0,0.5669447894320851,0.0,0.06,1
4605,0,0.12242454985941113,0.0,0.01,1
4606,0,0.2160665891393076,0.0,0.03,3
4607,0,0.03252733558675321,0.0,0.0,2
4608,0,0.017760664997990463,0.0,0.0,5
4609,0,0.06837078442653298,0.0,0.0,4
4611,1,0.3992231369037726,1.0,0.43,4
4612,0,0.12344314618453707,0.0,0.0,2
4613,0,0.4925417955015817,0.0,0.02,4
4615,0,0.057430918566474747,0.0,0.0,5
4616,0,0.026372844192459357,0.0,0.0,1
4620,1,0.21413779362951468,1.0,0.53,1
4621,1,0.15830139694504936,1.0,0.52,4
4622,0,0.023810203002546694,0.0,0.0,1
4623,0,0.09186637118353426,0.0,0.0,3
4624,0,0.01722439099968469,0.0,0.02,1
4629,0,0.01991613175122652,0.0,0.0,2
4631,0,0.06546088694658345,0.0,0.05,3
4633,0,0.28176522491412354,0.0,0.07,5
4634,0,0.09847017648951988,0.0,0.03,1
4635,0,0.055564384781986935,0.0,0.0,2
4637,0,0.03951251570073083,0.0,0.03,1
4638,0,0.019123467244932746,0.0,0.08,1
4639,0,0.05232337951404589,0.0,0.04,2
4640,0,0.05461004342045912,0.0,0.17,1
4642,1,0.23427075915436193,1.0,0.8,2
4643,1,0.4012429843375315,1.0,0.88,4
4644,0,0.1507584980088708,0.0,0.05,2
4645,0,0.029089927166952564,1.0,0.08,2
4646,1,0.3869113699713892,1.0,0.15,2
4647,0,0.010687949315917824,0.0,0.0,4
4648,0,0.0037151247578986824,0.0,0.0,2
4649,0,0.2043676885574372,0.0,0.29,5
4651,1,0.03281693775786811,1.0,0.78,4
4653,0,0.0045279150871181595,0.0,0.0,2
4654,0,0.05613622405068615,0.0,0.07,4
4655,0,0.004124715254592077,0.0,0.0,5
4656,0,0.004463986447089293,0.0,0.0,5
4657,0,0.009747122053050864,0.0,0.0,2
4658,0,0.016086047332857338,0.0,0.0,5
4659,0,0.01670235955722807,0.0,0.0,3
4660,0,0.019348753027459017,0.0,0.01,4
4662,0,0.002310667305545584,0.0,0.01,3
4663,0,0.12726192199400316,0.0,0.0,1
4664,0,0.08499711550584935,0.0,0.0,2
4665,1,0.03662767176929969,1.0,0.34,1
4666,0,0.005768425986643369,0.0,0.02,3
4668,0,0.0019262370633968712,0.0,0.01,4
4669,1,0.015835077914263838,1.0,0.28,2
4670,0,0.013460126592155066,0.0,0.0,2
4672,0,0.26526356037436977,0.0,0.03,1
4674,0,0.02290035835025229,0.0,0.0,2
4675,0,0.008103010838180982,0.0,0.05,5
4677,0,0.05001395385200347,0.0,0.03,5
4678,0,0.009245080929893797,0.0,0.01,3
4680,0,0.021925859834636206,0.0,0.0,4
4681,0,0.01786457595807779,0.0,0.04,3
4682,0,0.00513724991127978,0.0,0.0,5
4683,0,0.043524255162126234,0.0,0.0,2
4684,1,0.02323069236182859,0.0,0.01,2
4685,0,0.005146152705539813,0.0,0.0,2
4686,0,0.0067327528112436546,0.0,0.0,1
4687,0,0.09586020403929942,0.0,0.0,2
4688,0,0.039274063050161255,0.0,0.0,5
4689,0,0.013340503110749852,0.0,0.0,2
4690,0,0.03425757355827374,0.0,0.0,4
4691,0,0.009393177127103058,0.0,0.0,4
4693,0,0.011885640027241268,0.0,0.02,5
4694,0,0.21983677690401118,0.0,0.01,3
4702,1,0.7553256380428544,0.0,0.68,2
4703,0,0.025332999518096044,0.0,0.0,2
4705,0,0.026536642339594765,0.0,0.0,1
4706,0,0.05736937274340914,0.0,0.0,2
4707,0,0.06708213524041666,0.0,0.01,1
4708,0,0.02523820473443128,0.0,0.0,5
4709,0,0.1900448916246138,0.0,0.04,4
4710,0,0.039887824667896365,0.0,0.0,5
4711,0,0.09639383790387267,0.0,0.0,4
4712,0,0.03326265524869015,0.0,0.0,1
4713,0,0.11407068444555094,0.0,0.0,4
4714,0,0.01132715163561987,0.0,0.0,5
4715,0,0.08022478120865177,0.0,0.0,5
4716,0,0.041368587457630404,0.0,0.0,2
4717,0,0.06496378112544635,0.0,0.02,4
4718,1,0.5025425519851361,1.0,0.67,5
4719,0,0.08051282943313576,0.0,0.01,3
4721,0,0.05814330337303673,0.0,0.0,3
4722,0,0.022955401444873392,0.0,0.09,4
4723,1,0.2365543784543323,1.0,0.41,2
4724,0,0.12801544032014722,0.0,0.02,3
4725,0,0.09217593933631217,0.0,0.02,1
4726,0,0.13544386840976363,0.0,0.13,5
4728,0,0.18335149989090632,0.0,0.29,5
4729,1,0.7619182257153242,1.0,0.81,3
4730,0,0.02614756043587686,0.0,0.12,3
4731,1,0.037853938695405695,1.0,0.52,3
4732,0,0.08855624590677064,0.0,0.02,1
4733,0,0.22207262879977388,0.0,0.07,2
4734,0,0.07664601988784724,0.0,0.02,2
4736,0,0.004165555607971902,0.0,0.0,1
4737,1,0.08610049503906335,1.0,0.3,4
4738,0,0.010407167547016897,0.0,0.02,1
4739,1,0.05649594861498979,1.0,0.68,2
4740,0,0.008179903392063051,0.0,0.0,4
4741,0,0.07169228559134491,0.0,0.02,3
4742,0,0.00598698653503681,0.0,0.0,4
4744,0,0.020939709283965074,0.0,0.01,1
4745,0,0.009398898414718991,0.0,0.0,3
4746,0,0.02008994142805832,0.0,0.0,5
4747,0,0.006061089215443932,0.0,0.0,2
4748,1,0.014258388036833903,1.0,0.75,5
4749,0,0.06787940845400665,0.0,0.03,2
4750,0,0.005762963645583787,0.0,0.01,3
4751,0,0.0062059047960711915,0.0,0.0,1
4752,0,0.005991991292891698,0.0,0.0,3
4753,0,0.006114828960493958,0.0,0.01,4
4756,0,0.005392919303198761,0.0,0.0,5
4757,0,0.03249744139362812,0.0,0.02,4
4759,1,0.018269491139005146,1.0,0.54,2
4761,1,0.02705887841283095,1.0,0.15,4
4762,1,0.5978913943391138,1.0,0.91,5
4763,0,0.03785100755467902,0.0,0.0,5
4764,0,0.03736894682980975,0.0,0.05,2
4767,0,0.17069365624198576,0.0,0.02,3
4768,1,0.0657873713083294,1.0,0.31,2
4769,0,0.008442829190851766,0.0,0.02,5
4770,1,0.03730741682499261,1.0,0.41,3
4771,0,0.016502443373572546,0.0,0.02,4
4772,0,0.003086956442293787,0.0,0.02,3
4773,0,0.09233113018950988,0.0,0.02,5
4774,0,0.008606029927023912,0.0,0.0,5
4776,0,0.008602607969445411,0.0,0.01,3
4777,0,0.004796091865690715,0.0,0.01,2
4779,0,0.01746645026893676,0.0,0.0,3
4780,0,0.041857180864122025,0.0,0.02,1
4781,0,0.031230391970590934,0.0,0.01,1
4782,0,0.13911131152659129,0.0,0.03,5
4783,0,0.03404731562051809,0.0,0.0,5
4784,0,0.014149687625381102,0.0,0.01,2
4785,0,0.06574603651569466,0.0,0.01,5
4788,0,0.0051290503923422,0.0,0.0,5
4789,0,0.039536582942255746,0.0,0.0,4
4791,0,0.1037883994667898,0.0,0.0,3
4792,0,0.02838531255026169,0.0,0.0,2
4793,0,0.015401217951630686,0.0,0.0,1
4795,0,0.1423836193721515,0.0,0.0,4
4796,0,0.06465963685949523,0.0,0.0,1
4797,0,0.04251958785643738,0.0,0.07,2
4798,0,0.09897526521088902,0.0,0.0,1
4799,0,0.024675180503032135,0.0,0.0,5
4800,0,0.076741763072168,0.0,0.03,3
4801,0,0.012325744126684848,0.0,0.0,1
4802,0,0.11565653544073734,0.0,0.01,1
4803,0,0.03892963418386685,0.0,0.0,3
4804,0,0.10019146720510874,0.0,0.0,1
4805,0,0.02296837339858966,0.0,0.0,5
4807,0,0.018928819311783474,0.0,0.0,1
4808,0,0.1559022938940663,0.0,0.04,2
4809,0,0.03830864060083316,0.0,0.0,3
4811,0,0.02424972168110891,0.0,0.0,1
4812,0,0.05435841992092115,0.0,0.03,5
4813,0,0.07254840523043563,0.0,0.03,3
4814,1,0.4746307533414994,1.0,0.45,5
4815,0,0.010161342517345363,0.0,0.09,1
4816,1,0.031954172654243995,0.0,0.13,1
4817,0,0.002850141720664329,0.0,0.0,5
4818,0,0.0037437798013083778,0.0,0.0,2
4819,0,0.003778007562385292,0.0,0.0,5
4820,0,0.0018051781595370344,0.0,0.0,3
4821,0,0.009378598338719903,0.0,0.01,3
4823,0,0.004651987276069998,0.0,0.0,1
4824,0,0.025762505275821367,0.0,0.02,1
4825,0,0.0040195666676281685,0.0,0.0,3
4826,0,0.0694877432281029,0.0,0.02,4
4827,0,0.35970322182734943,1.0,0.19,1
4828,0,0.007580351973944576,0.0,0.0,1
4829,0,0.004180624909600469,0.0,0.01,5
4830,0,0.0075444129731729375,0.0,0.0,3
4831,1,0.07871446498770196,1.0,0.42,1
4832,0,0.014501495313983677,0.0,0.03,3
4833,1,0.003340322861883296,1.0,0.29,5
4834,0,0.011768253380421081,0.0,0.01,4
4835,0,0.046585005071761214,0.0,0.04,2
4836,1,0.31561429580412353,1.0,0.5,3
4839,0,0.03108054999529237,0.0,0.0,5
4840,1,0.43111723889253273,1.0,0.42,5
4841,0,0.012834424705295347,0.0,0.09,1
4842,0,0.07848403374519282,0.0,0.06,3
4843,0,0.007895123059600244,0.0,0.0,2
4844,1,0.019087293960278622,1.0,0.32,1
4845,0,0.003654793826688585,0.0,0.01,5
4846,0,0.0024651175871033435,0.0,0.0,1
4847,0,0.023747339888323376,0.0,0.01,5
4848,0,0.0883766911826424,0.0,0.06,3
4850,0,0.4183774368066428,0.0,0.06,1
4852,0,0.01534446141882106,0.0,0.0,3
4853,0,0.00317919284189826,0.0,0.0,5
4854,0,0.006960173570923109,0.0,0.0,2
4855,0,0.023174325225956045,0.0,0.08,1
4856,0,0.00859561568948331,0.0,0.0,3
4857,0,0.02900061746490676,0.0,0.0,1
4858,0,0.06454898585414388,0.0,0.02,3
4859,0,0.018444014834170665,0.0,0.0,2
4860,0,0.13706383247852139,0.0,0.04,5
4862,0,0.18912662010501208,0.0,0.25,2
4863,0,0.011034100083500193,0.0,0.0,5
4864,0,0.030887867929106062,0.0,0.0,5
4867,0,0.14456616773880462,0.0,0.06,3
4868,0,0.04549534739496507,0.0,0.0,4
4869,0,0.007254628865142041,0.0,0.0,5
4870,0,0.003079697837985219,0.0,0.0,4
4872,0,0.37148999522501414,0.0,0.14,1
4874,0,0.01004253310484447,0.0,0.0,4
4875,0,0.024668263603857352,0.0,0.0,2
4876,0,0.013346817125088617,0.0,0.0,1
4878,0,0.10298251489154797,0.0,0.15,1
4879,0,0.007351817506755324,0.0,0.0,5
4880,0,0.04991530598611539,0.0,0.0,2
4881,0,0.05532586940534663,0.0,0.0,2
4882,0,0.108561630991688,0.0,0.0,1
4883,0,0.010165611270315462,0.0,0.0,2
4884,0,0.004176553675868215,0.0,0.0,2
4885,0,0.007410569185209858,0.0,0.0,5
4886,0,0.050256264549244506,0.0,0.05,1
4888,0,0.04245585094000449,0.0,0.0,2
4889,0,0.07441277383893546,0.0,0.0,4
4890,0,0.15744864817350446,0.0,0.0,1
4892,0,0.06242240265210152,0.0,0.0,3
4893,0,0.06451956197755107,0.0,0.0,2
4894,0,0.09255935687795504,0.0,0.0,1
4895,0,0.01882230315136367,0.0,0.0,1
4896,0,0.02203725887720024,0.0,0.0,1
4897,0,0.03125603955604368,1.0,0.07,5
4898,0,0.5443422775841791,1.0,0.47,3
4900,0,0.03244795176263949,0.0,0.26,3
4901,0,0.025912601651008782,0.0,0.31,3
4903,0,0.02841333951884665,0.0,0.0,3
4905,0,0.042429801651665607,0.0,0.24,4
4906,0,0.00464000252784301,0.0,0.0,4
4907,0,0.0021865944266093985,0.0,0.0,4
4908,0,0.019504801221959165,0.0,0.03,5
4909,0,0.011550056333761818,0.0,0.0,1
4910,0,0.0012457167656643438,0.0,0.0,2
4911,0,0.002831783223599448,0.0,0.0,2
4913,0,0.0028608629043157395,0.0,0.0,1
4914,0,0.009835319456729977,0.0,0.0,5
4915,0,0.0117013422948421,0.0,0.01,2
4916,0,0.002206061212961814,0.0,0.01,4
4917,0,0.005511730206424448,0.0,0.0,3
4918,0,0.005691250764656925,0.0,0.0,5
4919,0,0.008313159378326515,0.0,0.0,2
4920,1,0.8334505242112359,1.0,0.82,2
4921,0,0.039016014969932095,0.0,0.13,3
4922,0,0.006842581973491693,0.0,0.0,4
4923,0,0.012450957149486387,0.0,0.0,3
4924,0,0.007888204232358371,0.0,0.0,4
4925,0,0.005482268296583692,0.0,0.0,2
4926,0,0.0034864363912857884,0.0,0.01,5
4927,0,0.0019496796399795983,0.0,0.01,5
4928,0,0.00772846238573475,0.0,0.0,2
4929,0,0.0055982582349528125,0.0,0.13,3
4930,0,0.012668254968348851,0.0,0.0,5
4931,0,0.004034877345800995,0.0,0.0,1
4932,0,0.017919193014563226,0.0,0.0,5
4934,0,0.010856051987853828,0.0,0.0,1
4935,0,0.020894600525718433,0.0,0.0,3
4936,1,0.8468559319986448,1.0,0.82,3
4937,0,0.01511542690295242,0.0,0.01,5
4938,0,0.0019298888187652484,0.0,0.0,1
4939,0,0.37162594167550317,1.0,0.52,4
4940,0,0.012928036111356012,0.0,0.0,2
4941,0,0.008527317748378569,0.0,0.0,2
4942,0,0.00920982988048261,0.0,0.0,5
4943,0,0.006691035476344693,0.0,0.0,2
4944,0,0.005772946931446831,0.0,0.0,1
4945,0,0.020214255353469948,0.0,0.0,2
4946,0,0.007745326655058191,0.0,0.0,4
4947,0,0.20571849230035738,0.0,0.01,3
4948,0,0.017933754431684833,0.0,0.0,1
4949,0,0.004075708339731887,0.0,0.0,4
4951,0,0.025642558934836055,0.0,0.0,1
4952,0,0.14627787910255485,0.0,0.08,2
4953,0,0.0040827232815983236,0.0,0.0,5
4954,0,0.011632713826410903,0.0,0.0,3
4955,0,0.015491315259859348,0.0,0.09,3
4956,0,0.237048322333562,0.0,0.03,3
4957,0,0.004715143953648312,0.0,0.0,2
4958,0,0.20776068585452956,0.0,0.0,1
4959,0,0.008873104561392304,0.0,0.0,3
4961,0,0.01274072962266881,0.0,0.0,2
4962,0,0.2386837818829997,0.0,0.03,5
4964,0,0.020534033165055286,0.0,0.0,3
4965,0,0.06306458041915576,0.0,0.08,2
4969,0,0.036291313878249624,0.0,0.0,2
4970,0,0.030126632665400038,0.0,0.0,5
4971,0,0.06311036178489862,0.0,0.0,4
4972,0,0.011494255465902062,0.0,0.0,2
4973,0,0.01866438918179073,0.0,0.0,5
4974,0,0.026683327126596577,0.0,0.0,4
4975,0,0.07976662040980664,0.0,0.0,3
4976,1,0.49190793043526626,0.0,0.38,3
4977,0,0.21909306375047624,0.0,0.0,3
4978,0,0.13016748708591921,0.0,0.02,4
4979,0,0.04064424467513744,0.0,0.0,2
4981,0,0.030918244934930363,0.0,0.04,3
4982,0,0.019990480159303884,0.0,0.03,4
4983,0,0.05586141127470623,0.0,0.07,4
4984,1,0.3425923929554261,1.0,0.81,5
4986,0,0.0037201453470256975,0.0,0.0,3
4987,0,0.012124519288431276,0.0,0.11,4
4988,1,0.14560838133446527,1.0,0.18,3
4989,0,0.0022248279019958244,0.0,0.0,4
4990,0,0.006329401467990692,0.0,0.0,1
4992,0,0.002960882113394219,0.0,0.0,4
4993,0,0.0019382378927804078,0.0,0.0,1
4995,0,0.009301267274078569,0.0,0.0,4
4996,0,0.0024386865548296664,0.0,0.04,5
4997,1,0.27015584507007545,1.0,0.9,1
4998,0,0.002288401261053052,0.0,0.0,2
4999,0,0.006906861467870063,0.0,0.0,5
5000,0,0.0026353016620971996,0.0,0.0,5
5001,0,0.01703777647696111,0.0,0.0,2
5002,0,0.0026882241890040675,0.0,0.0,2
5003,0,0.05801469930151258,0.0,0.0,1
5004,0,0.007922872511769704,0.0,0.14,5
5005,0,0.07476700296396031,0.0,0.01,2
5006,0,0.006288847392528292,0.0,0.04,1
5007,0,0.03822142681927976,0.0,0.0,2
5008,0,0.008120733356181976,0.0,0.0,5
5009,0,0.011426090171565083,0.0,0.01,3
5010,0,0.007580052963416678,0.0,0.0,3
5011,0,0.004557259944931628,0.0,0.0,4
5013,0,0.004587568117774436,0.0,0.0,5
5014,0,0.0035614050709083375,0.0,0.0,5
5016,0,0.028514287779335873,0.0,0.0,4
5017,0,0.031115925132981045,0.0,0.0,5
5020,0,0.009266102047325116,0.0,0.0,4
5021,0,0.41144594016933456,0.0,0.2,4
5022,0,0.028802350046756322,0.0,0.01,4
5024,0,0.0028138503112671524,0.0,0.0,5
5026,0,0.009504581740520665,0.0,0.0,5
5027,0,0.06726483594280937,0.0,0.05,2
5028,0,0.0018415113978347466,0.0,0.0,4
5029,0,0.02803299913803904,0.0,0.0,4
5031,0,0.03726623003156121,0.0,0.01,4
5032,0,0.008528043434489093,0.0,0.0,4
5033,0,0.38872151841011343,0.0,0.0,5
5035,0,0.011653769649463136,0.0,0.0,4
5036,0,0.03208736282881427,0.0,0.0,1
5037,0,0.03492707679283388,0.0,0.0,1
5038,0,0.010748678922582716,0.0,0.0,1
5042,0,0.01661951631285909,0.0,0.0,5
5043,0,0.014416861435943317,0.0,0.0,1
5045,0,0.11084084951469696,0.0,0.02,5
5047,0,0.007171175100355519,0.0,0.0,5
5048,1,0.5838378654460475,0.0,0.59,4
5049,0,0.048782648326613616,0.0,0.0,1
5050,0,0.008279989974721867,0.0,0.0,4
5051,0,0.026716728009830215,0.0,0.0,2
5052,0,0.1325678288762911,0.0,0.0,4
5053,0,0.009272466473763544,0.0,0.0,1
5054,0,0.04237582253387482,0.0,0.0,2
5055,0,0.02350545349010955,0.0,0.03,1
5057,0,0.12992712611442755,0.0,0.13,2
5058,0,0.10997996805632776,0.0,0.0,5
5059,0,0.1513110942716249,0.0,0.0,3
5060,0,0.16194733614667403,0.0,0.0,2
5061,1,0.8368439765678325,1.0,0.68,5
5062,0,0.23519712394844072,1.0,0.41,5
5063,0,0.013432712687455764,0.0,0.0,2
5064,0,0.002834425077961864,0.0,0.0,2
5065,0,0.00422837432318718,0.0,0.0,3
5066,0,0.0008873848538507483,0.0,0.0,4
5067,0,0.01652290213748088,0.0,0.0,5
5069,0,0.009349897124659829,0.0,0.03,4
5070,0,0.0009781256350080475,0.0,0.0,1
5071,0,0.0021648794582022146,0.0,0.0,2
5073,0,0.013327849296782619,0.0,0.0,3
5074,0,0.01101135431118076,0.0,0.0,4
5075,0,0.007335505212770257,0.0,0.12,3
5076,0,0.018890157230195874,0.0,0.01,4
5077,0,0.0021954538763473107,0.0,0.0,3
5079,0,0.09331574844097411,0.0,0.03,2
5080,0,0.05510453054070322,0.0,0.0,5
5081,0,0.003138643058004345,0.0,0.0,4
5082,0,0.0187854650506363,0.0,0.0,4
5084,0,0.008346727303533578,0.0,0.0,3
5085,0,0.09819523875035203,0.0,0.06,3
5088,0,0.00742879471329807,0.0,0.0,3
5089,0,0.03196958543941544,0.0,0.0,5
5092,0,0.022264830247704835,0.0,0.0,5
5093,0,0.0564905547723702,0.0,0.0,1
5094,0,0.020549183284498836,0.0,0.0,5
5097,0,0.0863214917908563,0.0,0.0,5
5098,0,0.010363163874269048,0.0,0.0,2
5099,0,0.08369870125858903,0.0,0.0,5
5100,0,0.02771757949113844,0.0,0.03,5
5101,0,0.015644492042310616,0.0,0.0,1
5102,0,0.00322278510740141,0.0,0.0,1
5103,0,0.012222582057509793,0.0,0.0,5
5104,0,0.032013946003326486,0.0,0.0,4
5105,0,0.23765133862877735,0.0,0.17,5
5107,0,0.07232530744736802,0.0,0.0,4
5108,0,0.09089588995162651,0.0,0.01,4
5109,0,0.012353333457331474,0.0,0.01,3
5111,0,0.013722710681886824,0.0,0.01,5
5112,0,0.013126276882303044,0.0,0.0,3
5114,0,0.03429111269631033,0.0,0.03,2
5115,0,0.027067404228082147,0.0,0.05,5
5116,0,0.1733874466295602,0.0,0.09,1
5117,0,0.005681687046564459,0.0,0.0,3
5118,0,0.002220476079955683,0.0,0.0,1
5120,0,0.01498969139206907,0.0,0.01,3
5122,0,0.007048004455052902,0.0,0.0,3
5123,0,0.033911566797032756,0.0,0.0,5
5125,0,0.05261416165787367,0.0,0.0,1
5127,0,0.069280768003119,0.0,0.0,1
5128,0,0.028772033277641527,0.0,0.0,4
5131,0,0.05967985953663597,0.0,0.0,2
5132,0,0.16163084556322943,0.0,0.0,4
5133,0,0.02932908354138087,0.0,0.0,1
5134,0,0.07310012600769225,0.0,0.01,4
5135,0,0.04068170673326972,0.0,0.0,3
5136,0,0.027018424663310607,0.0,0.0,2
5137,0,0.011934073464425671,0.0,0.0,5
5138,0,0.025875191761078033,0.0,0.0,5
5139,0,0.020103490725581635,0.0,0.07,1
5140,0,0.008762241298696788,0.0,0.03,2
5141,1,0.01219961937300118,0.0,0.1,3
5143,0,0.0058386858227674025,0.0,0.0,4
5144,0,0.0022108531900871574,0.0,0.12,2
5145,0,0.0037755053967199435,0.0,0.08,5
5146,0,0.008626216490774186,0.0,0.12,2
5150,0,0.0007931238746120407,0.0,0.0,1
5151,0,0.1090205808328654,0.0,0.01,3
5152,0,0.43567885944671947,1.0,0.74,5
5153,0,0.002491025257400398,0.0,0.0,1
5154,0,0.0066433316888056815,0.0,0.0,4
5155,0,0.006169785402731029,0.0,0.0,3
5156,0,0.006406031858600605,0.0,0.0,5
5157,0,0.013809138590355565,0.0,0.0,5
5158,0,0.05555773232943589,0.0,0.0,5
5159,0,0.014817357802336806,0.0,0.0,1
5160,0,0.04574638132258784,0.0,0.0,3
5161,0,0.004257637988647746,0.0,0.0,1
5162,0,0.0253288693384056,0.0,0.0,2
5163,0,0.0005906614273354271,0.0,0.0,4
5165,0,0.007659062758796092,0.0,0.06,5
5166,0,0.009992073611617025,0.0,0.0,5
5167,0,0.004810604506400358,0.0,0.0,3
5168,0,0.0016016612797461955,0.0,0.0,4
5170,0,0.002656428588762224,0.0,0.0,3
5172,0,0.005855338818724052,0.0,0.0,2
5173,0,0.0031186804803367066,0.0,0.0,3
5174,0,0.015523186030640714,0.0,0.01,5
5175,0,0.0022108160845863293,0.0,0.0,4
5176,0,0.008633231952529996,0.0,0.0,3
5177,0,0.06808118306554455,0.0,0.02,5
5178,0,0.019486045327406894,0.0,0.0,5
5179,0,0.00918278879681797,0.0,0.02,1
5180,0,0.022064558214855687,0.0,0.0,1
5181,0,0.007700061401977351,0.0,0.0,5
5183,0,0.0072949166393226315,0.0,0.0,5
5185,0,0.030525631558197267,0.0,0.0,2
5186,0,0.19168953907348873,0.0,0.02,5
5187,0,0.026305979013077452,0.0,0.0,3
5188,0,0.005551126263122376,0.0,0.0,2
5189,0,0.03120295759486356,0.0,0.0,3
5190,0,0.08129997855866677,0.0,0.01,1
5191,0,0.03360519855704394,0.0,0.01,3
5192,0,0.5673574144097588,0.0,0.18,2
5193,0,0.003411165717985951,0.0,0.0,2
5194,0,0.019326034760381236,0.0,0.0,2
5196,0,0.005371705992826071,0.0,0.0,3
5197,0,0.010049593763632219,0.0,0.0,5
5198,0,0.2972657123012837,0.0,0.01,4
5199,0,0.028476862166763043,0.0,0.0,2
5200,0,0.661878644338732,0.0,0.09,3
5201,0,0.043242858816471996,0.0,0.02,5
5203,0,0.010103956860205291,0.0,0.01,3
5204,0,0.06287451604916212,0.0,0.0,4
5205,0,0.05498378352485293,0.0,0.0,2
5208,0,0.01290532593579362,0.0,0.0,3
5210,0,0.05483360010181068,0.0,0.0,2
5212,0,0.06705331132783916,0.0,0.01,2
5213,0,0.03313754218320942,0.0,0.0,2
5215,0,0.08633824291086437,0.0,0.0,2
5216,0,0.07626305753754402,0.0,0.14,1
5217,0,0.10601283675785945,0.0,0.07,5
5219,1,0.6558175080699096,0.0,0.69,4
5220,0,0.030226573882116727,0.0,0.03,5
5221,0,0.019726971337900977,0.0,0.05,3
5222,0,0.0013579044283691232,0.0,0.0,2
5223,0,0.0030166470649005054,0.0,0.12,5
5224,0,0.0010651481282845277,0.0,0.0,5
5226,0,0.01620115530118926,0.0,0.0,4
5227,0,0.0025514542218722986,0.0,0.0,3
5228,0,0.10657079623423475,0.0,0.18,1
5229,0,0.0016125508348950174,0.0,0.0,1
5230,0,0.007557613412253739,0.0,0.01,5
5231,0,0.004704073495207274,0.0,0.0,3
5232,0,0.11788736310529,0.0,0.03,1
5233,0,0.01080460629230082,0.0,0.0,1
5234,0,0.04520857101915154,0.0,0.0,1
5235,0,0.005151316774274696,0.0,0.0,5
5236,0,0.006328916050345638,0.0,0.0,3
5237,0,0.01215190138794471,0.0,0.0,4
5238,0,0.009803224720012887,0.0,0.0,1
5239,0,0.005786663852968561,0.0,0.0,4
5240,0,0.0019222056719141113,0.0,0.0,2
5241,0,0.001785775775602018,0.0,0.0,5
5242,0,0.03797717858743392,0.0,0.0,3
5243,0,0.015833414516700298,0.0,0.0,3
5245,0,0.008209943957091355,0.0,0.0,3
5246,0,0.004697981543100971,0.0,0.0,3
5247,0,0.0015166025999374237,0.0,0.0,4
5248,0,0.002296729492428244,0.0,0.0,5
5249,0,0.0017457815575718915,0.0,0.01,2
5250,0,0.032412966021505805,0.0,0.13,1
5251,0,0.022429795257272137,0.0,0.24,3
5252,0,0.15561837880382162,0.0,0.07,5
5253,0,0.013785414135621168,0.0,0.0,2
5254,0,0.006283463687879433,0.0,0.0,5
5256,0,0.0513193849877757,0.0,0.0,5
5257,0,0.004849824631449983,0.0,0.0,4
5258,0,0.040483885518478334,0.0,0.01,4
5259,0,0.007113940916889147,0.0,0.0,4
5260,0,0.029920923611264763,0.0,0.0,2
5261,0,0.0032322748708431995,0.0,0.02,3
5262,0,0.015840985744270078,0.0,0.0,5
5263,0,0.006959881484494943,0.0,0.0,4
5264,0,0.08855865278772987,0.0,0.08,5
5265,0,0.0055177583354916885,0.0,0.0,2
5266,0,0.006307235901919388,0.0,0.0,5
5267,0,0.00695843278800677,0.0,0.0,1
5269,0,0.04266723731575736,0.0,0.0,1
5271,0,0.01717145638305672,0.0,0.0,5
5272,0,0.0015631714188523449,0.0,0.03,4
5273,0,0.012012127284763854,0.0,0.0,1
5274,0,0.004830397156709771,0.0,0.0,4
5275,0,0.008590860510096547,0.0,0.01,1
5276,0,0.008379159458565112,0.0,0.0,3
5277,0,0.044121027404499795,0.0,0.0,4
5278,0,0.0025018302471965723,0.0,0.0,3
5279,0,0.006749343705874302,0.0,0.0,1
5280,0,0.020150781803981443,0.0,0.0,1
5281,0,0.008624941677080215,0.0,0.0,2
5283,0,0.0405486184920484,0.0,0.0,4
5284,0,0.009467527164834994,0.0,0.0,3
5285,0,0.025364093052999116,0.0,0.01,3
5287,0,0.08116601327748986,0.0,0.0,5
5288,0,0.0262161744434181,0.0,0.0,3
5289,0,0.0031309570467953724,0.0,0.0,4
5292,0,0.009464507532879255,0.0,0.0,5
5293,0,0.1153264996433821,0.0,0.01,3
5294,0,0.12358015294871158,0.0,0.01,3
5296,0,0.06818544046952697,0.0,0.05,5
5297,0,0.09242836361057492,0.0,0.0,4
5298,0,0.05422427889841667,0.0,0.0,5
5299,0,0.06872783823034584,0.0,0.12,1
5300,0,0.0054157898087141675,0.0,0.0,3
5301,0,0.24829885148903574,0.0,0.29,5
5303,0,0.08208936279543151,0.0,0.0,4
5304,0,0.17313622450533134,0.0,0.02,4
5306,0,0.01069138819447644,1.0,0.08,5
5308,0,0.08190769561239726,0.0,0.31,2
5309,1,0.08892848347950223,0.0,0.05,1
5310,0,0.0035044548040397273,0.0,0.0,5
5311,0,0.019489122874777925,0.0,0.0,3
5312,0,0.0024353502891735104,0.0,0.0,5
5314,0,0.003211726077861021,0.0,0.0,2
5315,0,0.0017514581352117925,0.0,0.0,4
5316,0,0.003747765943818505,0.0,0.0,2
5317,0,0.003088005837892016,0.0,0.0,5
5318,0,0.00354101612858732,0.0,0.0,1
5319,0,0.005735074757581162,0.0,0.0,1
5320,0,0.004330658368218755,0.0,0.17,5
5321,0,0.07266633997109884,0.0,0.0,1
5322,0,0.031174321489021686,0.0,0.06,1
5326,0,0.020428107955422874,0.0,0.01,2
5327,0,0.006429248476313519,0.0,0.0,3
5329,0,0.018178854038453367,0.0,0.0,2
5330,0,0.0019398553605529082,0.0,0.0,1
5331,0,0.013930818103996606,0.0,0.0,5
5332,0,0.008056888190806754,0.0,0.0,3
5333,0,0.040782280042861926,0.0,0.0,5
5334,1,0.5261937252774944,1.0,0.92,3
5335,0,0.004477925072564927,0.0,0.0,5
5336,0,0.009240713653167056,0.0,0.0,2
5337,0,0.013364672533567365,0.0,0.01,4
5338,0,0.005033212007961602,0.0,0.0,3
5339,0,0.0020621724165337412,0.0,0.0,1
5340,0,0.03390925869149642,0.0,0.0,1
5341,0,0.13022509387888329,0.0,0.05,3
5342,0,0.007798880285631502,0.0,0.12,5
5343,0,0.02364445295082556,0.0,0.0,4
5344,0,0.0356872299020146,0.0,0.09,1
5347,0,0.31226991553330796,0.0,0.62,4
5348,0,0.010523904062493398,0.0,0.0,2
5349,0,0.005399192552345843,0.0,0.0,1
5351,0,0.00236955700174429,0.0,0.0,4
5352,0,0.007030251881884205,0.0,0.0,1
5353,0,0.007412397037083578,0.0,0.0,1
5354,0,0.004937021071224117,0.0,0.0,2
5355,0,0.016652262593878465,0.0,0.27,2
5358,0,0.0032988986627916083,0.0,0.0,4
5359,0,0.02139612982826154,0.0,0.02,1
5360,0,0.03544762256317913,0.0,0.01,5
5361,0,0.006899519615688559,0.0,0.0,2
5362,0,0.13879546540450285,0.0,0.1,5
5364,0,0.01630943680328813,0.0,0.0,1
5366,0,0.004303371390073958,0.0,0.02,1
5368,0,0.0055349520710827795,0.0,0.0,1
5369,0,0.0072910802864335055,0.0,0.0,1
5370,0,0.015014518733982931,0.0,0.0,4
5371,0,0.09529093490517533,0.0,0.01,2
5372,0,0.08885745333581369,0.0,0.01,2
5373,0,0.009153271104072255,0.0,0.0,3
5374,0,0.039741800785433094,0.0,0.0,4
5376,0,0.22581263506403773,0.0,0.28,2
5378,0,0.02359375653260564,0.0,0.0,1
5379,0,0.02717266573820552,0.0,0.0,2
5380,0,0.01604342408586854,0.0,0.01,1
5381,0,0.004641604825436352,0.0,0.01,2
5382,0,0.05334122945361105,0.0,0.01,4
5384,0,0.050326579920121094,1.0,0.02,2
5385,0,0.00648247582827287,0.0,0.03,4
5386,0,0.05255798628371038,0.0,0.06,3
5387,0,0.23956302535219864,0.0,0.2,5
5388,0,0.12947272942579421,0.0,0.21,3
5389,0,0.10679944202146845,1.0,0.52,5
5390,0,0.14638459720225944,1.0,0.3,3
5392,0,0.03913778419915657,0.0,0.06,4
5393,0,0.07038371682385308,0.0,0.2,1
5394,1,0.9196892596479577,1.0,0.73,2
5395,0,0.02760170377589843,0.0,0.12,2
5396,0,0.0581851098441103,0.0,0.13,1
5397,0,0.02633432823124142,0.0,0.43,1
5398,0,0.07469205001052213,0.0,0.08,5
5400,1,0.167073944936885,1.0,0.4,4
5401,1,0.5527869802749278,0.0,0.4,5
5402,0,0.010082651622008774,0.0,0.04,5
5404,0,0.0031655856488765487,0.0,0.0,3
5405,0,0.014275367151215034,0.0,0.0,5
5407,0,0.009146730397333698,0.0,0.0,4
5408,0,0.001714407580187236,0.0,0.01,1
5409,0,0.005201232055281452,0.0,0.01,4
5410,0,0.013474553106595,0.0,0.04,1
5411,0,0.0019972955395711903,0.0,0.0,4
5412,0,0.11113718591262232,0.0,0.14,2
5413,0,0.0008778159515821312,0.0,0.01,3
5414,0,0.00115478897388343,0.0,0.0,1
5415,0,0.014621887296674184,0.0,0.0,2
5416,0,0.0015456223987906407,0.0,0.0,5
5418,0,0.0018410489902554712,0.0,0.04,2
5419,0,0.019680072476835207,0.0,0.17,1
5420,0,0.0011870360760345153,0.0,0.0,4
5421,0,0.0023709144067184636,0.0,0.0,2
5425,0,0.0036240731407763916,0.0,0.0,5
5426,0,0.014589150002173718,0.0,0.0,5
5428,0,0.02106257950510321,0.0,0.01,1
5429,0,0.003406902596586621,0.0,0.0,2
5430,0,0.002126156138787623,0.0,0.0,1
5431,0,0.009155371711664943,0.0,0.0,1
5432,0,0.010293322229477877,0.0,0.01,2
5434,0,0.002123580786810073,0.0,0.0,1
5435,0,0.010712198800608334,0.0,0.01,5
5437,0,0.006953809026494543,0.0,0.01,3
5438,0,0.007662366024533739,0.0,0.0,4
5439,0,0.002537927390341179,0.0,0.0,5
5440,0,0.002977937183734592,0.0,0.0,5
5441,0,0.003790819972241393,0.0,0.0,2
5442,0,0.04016101030433183,0.0,0.13,5
5443,0,0.015216213742989529,0.0,0.01,5
5444,0,0.014689746167861197,0.0,0.0,4
5445,0,0.0034750980574016726,0.0,0.0,2
5446,0,0.010013742051244254,0.0,0.0,1
5447,0,0.019278613716640514,0.0,0.0,5
5449,0,0.09554086115861311,0.0,0.0,1
5450,0,0.0029459538531483097,0.0,0.0,4
5451,0,0.024904926438631573,0.0,0.2,5
5454,0,0.009288360524947817,0.0,0.01,2
5455,0,0.007987838760116779,0.0,0.0,3
5456,0,0.003035775483786904,0.0,0.0,5
5457,0,0.005653894141061711,0.0,0.0,5
5458,0,0.03192359169657462,0.0,0.0,4
5459,0,0.10895032857800323,0.0,0.0,3
5460,0,0.005502360398426496,0.0,0.0,5
5461,0,0.0420161240729765,0.0,0.06,4
5462,0,0.013422281198871979,0.0,0.0,1
5463,0,0.00895227488985355,0.0,0.0,1
5464,0,0.010145464663635247,0.0,0.0,3
5465,0,0.09899845823734321,0.0,0.0,3
5466,0,0.02190756054671671,0.0,0.02,5
5468,0,0.024670398379938226,0.0,0.0,3
5469,0,0.012292458681197058,0.0,0.0,1
5470,0,0.00954449766796356,0.0,0.0,4
5471,0,0.5186340216556201,0.0,0.36,1
5472,0,0.48365675283857573,1.0,0.09,2
5473,0,0.11295422637476277,0.0,0.15,4
5474,0,0.02893198913982667,0.0,0.09,2
5475,0,0.02553799093448447,0.0,0.18,2
5476,0,0.014628369251907306,0.0,0.0,3
5479,0,0.00503324571236713,0.0,0.0,5
5480,0,0.003948774528450312,0.0,0.0,2
5481,0,0.032888521508166554,0.0,0.0,3
5484,0,0.01550247680923768,0.0,0.0,5
5486,0,0.08722219059140196,0.0,0.04,1
5487,0,0.07580792547091873,0.0,0.05,3
5488,1,0.3726132807418409,1.0,0.27,5
5490,1,0.4149173291371378,1.0,0.78,2
5491,0,0.05889356565826346,0.0,0.28,2
5492,0,0.0057700049766693795,0.0,0.31,5
5493,0,0.07646204012101004,0.0,0.14,4
5494,0,0.00938046437149078,0.0,0.17,2
5495,0,0.02107475733234648,0.0,0.21,3
5497,0,0.0039847461198746865,0.0,0.03,4
5498,0,0.0013828579761096431,0.0,0.0,4
5500,0,0.004406400907918628,0.0,0.0,4
5501,0,0.003682551702686862,0.0,0.0,1
5502,0,0.05549757035835503,0.0,0.0,3
5504,0,0.05390314318012512,0.0,0.0,1
5506,0,0.0029820474834734347,0.0,0.0,2
5507,0,0.0069422149833869426,0.0,0.0,2
5508,0,0.08006060711633067,0.0,0.14,4
5509,0,0.002353302262744,0.0,0.01,2
5510,0,0.0497700599064142,0.0,0.0,5
5511,0,0.006218370579997714,0.0,0.0,4
5512,0,0.003559527694185947,0.0,0.0,3
5513,0,0.041474609462640234,0.0,0.01,2
5514,0,0.0031553843884401644,0.0,0.0,3
5515,0,0.005182195290205021,0.0,0.0,5
5516,0,0.005602581030254188,0.0,0.0,5
5517,0,0.05138952145294792,0.0,0.0,5
5518,0,0.006321805142253924,0.0,0.0,4
5519,0,0.030693433451657818,0.0,0.0,3
5520,0,0.017584281200399916,0.0,0.0,4
5521,0,0.01737440917222439,0.0,0.0,5
5524,0,0.0031754072556121767,0.0,0.0,3
5525,0,0.0053258486656491775,0.0,0.24,3
5526,0,0.041305892690499155,0.0,0.0,3
5528,0,0.04879589569858193,0.0,0.01,5
5529,0,0.009879564685167003,0.0,0.02,5
5530,0,0.017845608870397444,0.0,0.17,3
5531,0,0.003411087155412093,0.0,0.0,4
5532,0,0.04847416566708742,0.0,0.0,3
5533,0,0.0047837582258036995,0.0,0.0,4
5535,0,0.020950921563704657,0.0,0.0,2
5536,1,0.06038447712121439,0.0,0.05,4
5537,0,0.004506681981690043,0.0,0.0,5
5538,0,0.00540352666619688,0.0,0.02,5
5540,0,0.008959903933077579,0.0,0.0,5
5542,0,0.007504557805889597,0.0,0.0,2
5544,0,0.04796769509185789,0.0,0.0,1
5545,0,0.003645024786424157,0.0,0.03,4
5546,0,0.014007196125021147,0.0,0.0,2
5548,0,0.015308790483293132,0.0,0.0,5
5550,0,0.02414078418793861,0.0,0.01,5
5551,0,0.018162534064642705,1.0,0.25,1
5552,0,0.005551344412371379,0.0,0.0,4
5554,0,0.01737833325496346,0.0,0.0,4
5555,0,0.028670291160461065,0.0,0.0,1
5556,0,0.004217616835392013,0.0,0.17,2
5557,0,0.022759801276888664,0.0,0.0,5
5558,0,0.052599947706932465,0.0,0.01,5
5560,0,0.025068231951823932,0.0,0.0,2
5561,0,0.020595430646200487,0.0,0.16,5
5562,0,0.02104911478980204,0.0,0.0,1
5564,0,0.0682228587372319,0.0,0.01,3
5565,0,0.014645155243861526,0.0,0.01,4
5566,0,0.08432784703560962,0.0,0.03,5
5569,0,0.0013252960594607368,0.0,0.0,1
5570,0,0.011742768340353683,0.0,0.02,5
5571,0,0.0030688366591616954,0.0,0.0,5
5572,0,0.0022732500295420182,0.0,0.0,4
5573,0,0.0007828827964831556,0.0,0.0,1
5575,0,0.0009230157812581478,0.0,0.0,4
5576,0,0.0029536687874441576,0.0,0.0,3
5577,0,0.002000287417744105,0.0,0.0,3
5578,0,0.005648221207510676,0.0,0.0,2
5579,0,0.0009755649219925661,0.0,0.0,5
5580,0,0.0009763358549640424,0.0,0.0,3
5581,0,0.013277098596351554,0.0,0.01,2
5583,0,0.0018102352283803707,0.0,0.0,3
5584,0,0.0006682176350899946,0.0,0.0,2
5585,0,0.0008539018817481394,0.0,0.0,4
5586,0,0.0006608283962818824,0.0,0.01,5
5587,0,0.009779864065633633,0.0,0.0,1
5588,0,0.004386836253804296,0.0,0.0,4
5589,0,0.049389449263078825,0.0,0.14,2
5592,0,0.02156217341343269,0.0,0.02,4
5593,0,0.011240302295860287,0.0,0.31,3
5595,0,0.004073239581886199,0.0,0.0,3
5597,0,0.0035242580275547867,0.0,0.0,2
5598,0,0.10035884765051678,0.0,0.01,5
5599,0,0.0026545325186553043,0.0,0.0,5
5601,0,0.0052185017973194435,0.0,0.0,3
5602,0,0.07533862783678488,0.0,0.07,1
5603,0,0.18548070844688938,0.0,0.2,2
5604,0,0.006501929887714647,0.0,0.0,1
5605,0,0.016681163914634305,0.0,0.0,2
5606,0,0.0018725808151317165,0.0,0.0,4
5607,0,0.0021108234364665564,0.0,0.0,5
5608,0,0.0031367179278910663,0.0,0.0,2
5609,0,0.03210615333334806,0.0,0.06,2
5610,0,0.005434352737825446,0.0,0.02,3
5611,0,0.003216515410560935,0.0,0.0,2
5612,0,0.01979156732373787,0.0,0.0,3
5613,0,0.004635631531337848,0.0,0.0,1
5614,0,0.0016911713577237365,0.0,0.0,5
5615,1,0.7625998144605947,1.0,0.66,5
5616,0,0.016583139568582875,0.0,0.0,3
5617,1,0.6345725256460072,0.0,0.42,5
5618,0,0.002778839025950611,0.0,0.0,4
5619,0,0.014709857019528398,0.0,0.0,1
5621,0,0.054033250285591604,0.0,0.07,5
5622,0,0.04541721595212288,0.0,0.0,2
5624,0,0.003674873308421161,0.0,0.0,5
5625,0,0.003686436458178836,0.0,0.0,4
5626,0,0.003637899745865103,0.0,0.01,2
5627,0,0.05277425433873436,0.0,0.0,4
5628,0,0.019319557629410077,0.0,0.0,4
5629,0,0.1287585042784212,0.0,0.01,5
5630,0,0.006637735268615612,0.0,0.0,1
5631,0,0.010329543349077082,0.0,0.0,3
5632,0,0.15577500603563463,0.0,0.1,2
5634,0,0.1900919675515451,0.0,0.09,3
5635,0,0.15279898020118723,0.0,0.0,2
5636,0,0.058467088535577146,0.0,0.0,1
5638,0,0.018919361107195647,0.0,0.0,1
5639,0,0.008257069982086288,0.0,0.0,1
5641,0,0.009008109859509597,0.0,0.0,3
5644,0,0.13353804361773988,0.0,0.03,4
5645,0,0.0028473373956792963,0.0,0.0,2
5646,0,0.04795371215071087,0.0,0.0,5
5647,0,0.17736208625296387,0.0,0.05,4
5648,0,0.042976587233226414,0.0,0.05,3
5649,0,0.1901523455104277,0.0,0.12,2
5650,0,0.10869965774360488,0.0,0.2,1
5652,0,0.012629039948775428,0.0,0.06,3
5653,0,0.018261395290320837,0.0,0.09,5
5654,0,0.0011321932325923545,0.0,0.0,1
5655,0,0.00682148876400994,0.0,0.01,2
5657,0,0.0019166401083830734,0.0,0.0,3
5659,0,0.0011102803567405244,0.0,0.03,5
5660,0,0.0058775027851979515,0.0,0.0,4
5661,0,0.043270650295655785,0.0,0.01,2
5662,0,0.0026164403631953937,0.0,0.0,2
5664,0,0.0009731018451200551,0.0,0.0,3
5666,0,0.004765399388083095,0.0,0.0,2
5667,0,0.010237887527702435,0.0,0.0,2
5668,0,0.00548486220230302,0.0,0.0,3
5669,0,0.002245816321449382,0.0,0.0,4
5671,0,0.0013115894854869817,0.0,0.01,4
5672,0,0.0006168829998922129,0.0,0.0,1
5674,0,0.002002154411587566,0.0,0.0,2
5675,0,0.004362463961053921,0.0,0.0,4
5676,0,0.006107389580181395,0.0,0.0,5
5677,0,0.012061896721720824,0.0,0.08,2
5678,0,0.0034226805085646127,0.0,0.0,5
5680,0,0.01914428288834445,0.0,0.01,3
5681,0,0.005458016394578892,0.0,0.07,3
5682,0,0.05753538586398165,0.0,0.03,4
5683,0,0.00727563059700195,0.0,0.0,5
5684,0,0.005463604363774656,0.0,0.0,3
5685,0,0.031138608030958,0.0,0.0,3
5686,0,0.005093371983381154,0.0,0.0,1
5687,0,0.04099800324382373,0.0,0.01,3
5688,0,0.00887590273078764,0.0,0.01,2
5689,0,0.0012032649797252873,0.0,0.0,3
5690,0,0.01503715691443958,0.0,0.0,3
5691,0,0.10415617204607633,0.0,0.19,4
5693,0,0.006547275431617159,0.0,0.0,1
5694,0,0.05290976317497017,0.0,0.0,3
5696,0,0.004514924421019268,0.0,0.01,3
5697,0,0.031067396100805503,0.0,0.17,2
5698,0,0.1621706421674966,0.0,0.28,4
5702,0,0.05074469519084931,0.0,0.0,5
5704,0,0.07676558305766874,0.0,0.28,5
5707,0,0.023507792963497035,0.0,0.0,4
5708,0,0.03769997743060111,0.0,0.0,5
5709,0,0.020167744812621624,0.0,0.0,5
5710,0,0.01809702717097451,0.0,0.0,2
5711,0,0.009615996925040256,0.0,0.0,2
5712,0,0.12279164265911922,0.0,0.14,1
5713,0,0.026508674130192814,0.0,0.0,3
5715,0,0.005525558622734691,0.0,0.0,4
5716,0,0.08854715960338397,0.0,0.09,1
5717,0,0.011293507743177429,0.0,0.0,5
5718,0,0.010903079513866175,0.0,0.0,1
5720,0,0.2192377522419658,0.0,0.02,2
5721,0,0.02052748913974458,0.0,0.0,2
5722,0,0.06965316286399734,0.0,0.0,3
5723,0,0.08175583556956803,0.0,0.0,4
5724,0,0.1754518279321382,0.0,0.01,2
5725,0,0.006086698554547911,0.0,0.0,3
5727,0,0.007315392877015765,0.0,0.0,3
5729,0,0.0036071733849868085,0.0,0.0,4
5730,0,0.01617445057333742,0.0,0.0,3
5731,0,0.009817717204150962,0.0,0.01,2
5733,0,0.0670699440999147,0.0,0.01,2
5734,1,0.4195181164339681,0.0,0.7,3
5735,0,0.017719435627357134,0.0,0.01,3
5736,0,0.004747724429041226,0.0,0.08,2
5737,0,0.15923728641207338,0.0,0.17,5
5739,0,0.000801449829750484,0.0,0.0,3
5740,0,0.0020144191123027066,0.0,0.0,4
5741,0,0.0016607958090840349,0.0,0.0,3
5743,0,0.001034960850057034,0.0,0.27,3
5744,0,0.0025027574589460183,0.0,0.0,4
5745,0,0.004976404960802519,0.0,0.0,4
5746,0,0.0010485355240697194,0.0,0.0,1
5748,0,0.0009547514582493805,0.0,0.0,3
5749,0,0.12061032191647066,1.0,0.34,2
5750,0,0.005855536936983849,0.0,0.0,1
5751,0,0.0027302542925284577,0.0,0.0,4
5752,0,0.0013083992404742735,0.0,0.0,5
5753,0,0.09200904317516045,0.0,0.0,4
5754,0,0.0021877917058777726,0.0,0.0,2
5755,0,0.018977651634873523,0.0,0.0,3
5756,0,0.02053139682375168,0.0,0.22,5
5757,0,0.07737652731860403,0.0,0.2,1
5758,0,0.008438990410167997,0.0,0.0,4
5759,0,0.0037190671962675755,0.0,0.0,4
5760,0,0.0015979142515123962,0.0,0.0,4
5761,0,0.02150310951955022,0.0,0.22,5
5762,0,0.027206724238657498,0.0,0.15,5
5763,0,0.0019287003808337911,0.0,0.0,1
5764,0,0.00923600602566174,0.0,0.0,3
5765,0,0.0046322216485377085,0.0,0.0,5
5766,0,0.0035105996943317476,0.0,0.0,5
5767,0,0.008827603506902329,0.0,0.0,1
5768,0,0.01321132897787956,0.0,0.0,3
5769,0,0.026884234315616203,0.0,0.09,4
5770,0,0.006336437516145973,0.0,0.0,4
5771,0,0.025198973034932178,0.0,0.0,5
5772,0,0.004866749771380138,0.0,0.0,1
5773,0,0.008923036016547776,0.0,0.01,3
5774,0,0.006220236684085783,0.0,0.0,4
5775,0,0.0051198700388162275,0.0,0.0,2
5776,0,0.015546106063366615,0.0,0.07,2
5777,0,0.01194151637132854,0.0,0.0,1
5778,0,0.008938725363184158,0.0,0.0,5
5779,0,0.004407757500139047,0.0,0.0,1
5780,0,0.02331146802732957,0.0,0.0,5
5781,0,0.010419407484751089,0.0,0.0,3
5783,0,0.0029645257371436174,0.0,0.0,4
5784,0,0.0046061241303622024,0.0,0.01,2
5785,0,0.004893314242469947,0.0,0.0,4
5789,0,0.031023198524591438,0.0,0.0,1
5790,0,0.004080579132043311,0.0,0.0,2
5792,0,0.004283058859263694,0.0,0.0,5
5794,0,0.01069864968686712,0.0,0.0,1
5796,0,0.28164549437252573,0.0,0.06,2
5797,0,0.018442624840206003,0.0,0.01,4
5798,0,0.043483080177056654,0.0,0.0,5
5799,0,0.013686167890698663,0.0,0.0,5
5800,0,0.048773429352539366,0.0,0.0,2
5801,0,0.027751695423457984,0.0,0.0,2
5802,0,0.011482691032464801,0.0,0.01,5
5803,0,0.014580435233954272,0.0,0.0,1
5804,0,0.02795062944341264,0.0,0.01,3
5805,0,0.022416835884383764,0.0,0.0,5
5806,0,0.04763003083970563,0.0,0.01,3
5807,0,0.01040090773676268,0.0,0.0,5
5808,0,0.0070412042009410526,0.0,0.0,1
5809,0,0.012305860255044678,0.0,0.0,1
5810,0,0.008671114640043378,0.0,0.0,3
5811,0,0.015709295700679374,0.0,0.01,1
5813,0,0.021298363539836416,0.0,0.0,5
5814,0,0.033801492998863744,0.0,0.0,4
5815,0,0.02398341457198547,0.0,0.0,4
5816,0,0.02202745247327215,0.0,0.0,1
5818,0,0.017457700466151787,0.0,0.02,2
5822,0,0.185658929382098,1.0,0.15,2
5823,0,0.04016656361174094,0.0,0.08,5
5824,0,0.0392064294969707,0.0,0.05,4
5825,0,0.02012489651683716,0.0,0.03,3
5826,0,0.027908909630569644,0.0,0.03,5
5828,0,0.0021885599836904543,0.0,0.0,4
5829,0,0.0006093020898261818,0.0,0.0,1
5831,0,0.03140534234475508,0.0,0.0,4
5832,0,0.0023606516326414853,0.0,0.0,4
5833,0,0.004351032241794568,0.0,0.0,3
5834,0,0.017254314847610072,0.0,0.0,4
5835,0,0.0010159864365326444,0.0,0.0,5
5836,0,0.0038652640930952236,0.0,0.0,2
5838,0,0.0005503036497517416,0.0,0.0,5
5839,0,0.0011917260492094641,0.0,0.0,4
5841,0,0.0011624376821367226,0.0,0.0,5
5842,0,0.010608468694306228,0.0,0.05,3
5843,0,0.001739129071692007,0.0,0.0,1
5845,0,0.0006353254649702144,0.0,0.0,3
5846,0,0.004695785410041064,0.0,0.0,4
5847,0,0.0020686864482888463,0.0,0.0,5
5849,0,0.010035608663730594,0.0,0.01,2
5850,0,0.0026757789203167848,0.0,0.0,4
5851,0,0.0012244012855919795,0.0,0.0,2
5853,0,0.0022726325967305965,0.0,0.0,3
5854,0,0.06970374324024423,0.0,0.0,2
5855,0,0.00570893189143047,0.0,0.0,4
5857,0,0.0013442841659712997,0.0,0.0,5
5858,0,0.00407343591434647,0.0,0.04,4
5859,0,0.0014800733873494994,0.0,0.0,3
5860,0,0.0024752270450196664,0.0,0.0,4
5861,0,0.08487530956384844,0.0,0.0,3
5862,0,0.005482550594759545,0.0,0.0,2
5863,0,0.0013640777777187104,0.0,0.0,2
5864,0,0.0014938763905503899,0.0,0.0,2
5865,0,0.0014372000302928121,0.0,0.0,3
5866,0,0.01931768828031104,0.0,0.0,5
5867,0,0.035785902219827845,0.0,0.0,4
5868,0,0.0037894745001870876,0.0,0.0,3
5869,0,0.01622292391058828,0.0,0.0,1
5872,0,0.013488405886036283,0.0,0.0,5
5873,0,0.00494978966998983,0.0,0.0,2
5875,0,0.014374553869169806,0.0,0.0,3
5876,0,0.11232167945273142,0.0,0.0,3
5879,0,0.00421182528769629,0.0,0.0,2
5880,0,0.0699918017572246,0.0,0.0,5
5881,0,0.017794776361522158,0.0,0.0,4
5882,0,0.0032556039319693785,0.0,0.0,2
5884,0,0.008537331026291969,0.0,0.0,5
5885,0,0.0027898735646549487,0.0,0.0,1
5886,0,0.019208343097368907,0.0,0.0,3
5887,0,0.003673226317139291,0.0,0.0,4
5888,0,0.006642705327119012,0.0,0.0,4
5889,0,0.03856945373983966,0.0,0.07,5
5890,0,0.010320819020288106,0.0,0.0,4
5891,0,0.08829535044349078,0.0,0.01,3
5892,0,0.038291031415456894,0.0,0.0,4
5893,0,0.10866170233770456,0.0,0.0,3
5894,0,0.026988309375841877,0.0,0.0,5
5895,0,0.04318959896358773,0.0,0.01,5
5898,0,0.1807250126215574,0.0,0.04,2
5899,0,0.001948210183476008,0.0,0.0,4
5900,0,0.013197860973144765,0.0,0.0,2
5901,0,0.06449021098681905,0.0,0.0,5
5902,0,0.020133574640200724,0.0,0.0,1
5903,0,0.012394153615078174,0.0,0.0,2
5904,0,0.2911332548054868,0.0,0.16,2
5905,0,0.0033351109813636033,0.0,0.0,1
5906,0,0.010937061799659746,0.0,0.0,3
5908,0,0.00900762993845595,0.0,0.01,2
5909,1,0.7951777104663964,1.0,0.73,5
5910,0,0.002117936459662208,0.0,0.0,3
5912,0,0.0004857652293267992,0.0,0.0,3
5913,0,0.029521113059663366,0.0,0.02,2
5914,0,0.002321507890692183,0.0,0.0,2
5915,0,0.0015238686601631126,0.0,0.0,3
5916,0,0.00814563312383591,0.0,0.0,5
5917,0,0.01556000277548712,0.0,0.0,1
5918,0,0.00809425622901404,0.0,0.0,2
5919,0,0.019692676590275578,0.0,0.01,1
5920,0,0.0010660477953816521,0.0,0.02,2
5921,0,0.04574518390926932,0.0,0.04,2
5922,0,0.0037383394609401665,0.0,0.01,1
5923,0,0.0007611952040643699,0.0,0.0,4
5924,0,0.006840337214101831,0.0,0.04,2
5925,0,0.000607806727946712,0.0,0.0,2
5926,0,0.02894495828200207,0.0,0.0,3
5927,0,0.0010877385436556752,0.0,0.0,2
5929,0,0.01032201154296611,0.0,0.0,1
5930,0,0.057057639908300366,0.0,0.0,1
5931,0,0.022634710921082723,0.0,0.02,5
5932,0,0.0017827364424168875,0.0,0.0,1
5933,0,0.007075831893654529,0.0,0.0,4
5934,0,0.025331372315465797,0.0,0.0,1
5935,0,0.005120186337950142,0.0,0.0,4
5936,0,0.002176435035315044,0.0,0.0,5
5937,0,0.0022786972748453684,0.0,0.0,3
5938,0,0.006063974931600591,0.0,0.0,5
5939,0,0.32956197069304427,1.0,0.17,2
5940,0,0.03660816968212976,0.0,0.01,4
5941,1,0.020227061440724784,0.0,0.0,3
5942,0,0.007561874603772103,0.0,0.01,4
5943,0,0.010144025813268556,0.0,0.0,3
5946,0,0.028420165425642442,0.0,0.01,4
5947,0,0.008461080339080622,0.0,0.0,3
5948,0,0.013524962523673141,0.0,0.0,2
5949,0,0.01022416440734837,0.0,0.0,1
5950,0,0.0025563956424405755,0.0,0.0,1
5951,0,0.0014911900377283245,0.0,0.0,2
5952,0,0.00253560268185058,0.0,0.0,4
5954,0,0.001969220514937632,0.0,0.0,1
5955,0,0.0035490031080361944,0.0,0.0,5
5956,0,0.004620138977346172,0.0,0.0,1
5957,0,0.013001388624200524,0.0,0.0,5
5959,0,0.03502644044245098,0.0,0.03,2
5960,0,0.0035171226564459012,0.0,0.0,3
5961,0,0.0013543642501456874,0.0,0.0,1
5962,0,0.002343945255364367,0.0,0.0,4
5963,0,0.006793499939362104,0.0,0.0,2
5964,0,0.0008869014204738573,0.0,0.0,4
5965,0,0.011617511387671142,0.0,0.0,2
5966,0,0.0290310131190194,0.0,0.0,4
5968,0,0.10006591669448602,0.0,0.0,5
5969,0,0.0016285741000449528,0.0,0.0,1
5970,0,0.005575762055583967,0.0,0.0,5
5971,0,0.0018485745537902653,0.0,0.0,1
5973,0,0.046468057736780144,0.0,0.01,2
5974,0,0.008282600124115653,0.0,0.0,4
5975,0,0.001777606931945255,0.0,0.0,1
5976,0,0.042077431585854155,0.0,0.01,5
5977,0,0.01676935322672848,0.0,0.0,3
5979,0,0.03710643045700895,0.0,0.0,3
5981,0,0.009794195196478277,0.0,0.01,4
5982,0,0.007307266621882938,0.0,0.0,1
5983,0,0.028761268843754947,0.0,0.0,1
5984,0,0.040363362931888254,0.0,0.01,2
5985,0,0.004543701296737091,0.0,0.14,3
5987,0,0.05332343826721815,0.0,0.0,4
5989,0,0.10946928894771783,0.0,0.08,4
5990,0,0.06210807064344605,0.0,0.09,5
5991,0,0.012399648930766645,0.0,0.06,1
5992,0,0.016652145993690547,1.0,0.28,2
5993,0,0.013080817908843025,0.0,0.03,5
5994,0,0.07830672568641774,0.0,0.05,3
5995,0,0.02941053240194645,1.0,0.12,3
5997,0,0.012324521677109035,0.0,0.2,5
5998,0,0.03394364659439596,1.0,0.32,5
5999,1,0.01009069150960846,0.0,0.15,4
6001,0,0.002189904525888776,0.0,0.02,3
6002,0,0.002171924160134248,0.0,0.0,4
6003,0,0.001403125675295592,0.0,0.0,4
6004,0,0.0009318344174539027,0.0,0.0,5
6006,0,0.004906507175667082,0.0,0.01,5
6007,0,0.01509958489706499,0.0,0.03,2
6008,0,0.0008586715029064937,0.0,0.0,5
6009,0,0.0019420114985988957,0.0,0.0,5
6010,0,0.0015029718278671688,0.0,0.0,3
6011,0,0.0023134057907048685,0.0,0.0,4
6013,0,0.0006685024444265514,0.0,0.0,1
6016,0,0.005586408238119575,0.0,0.0,2
6017,0,0.0006957344909342271,0.0,0.0,1
6018,0,0.00032929696295530233,0.0,0.0,3
6019,0,0.011320056578824716,0.0,0.0,2
6021,0,0.0006391377438539338,0.0,0.0,3
6023,0,0.009936093689410369,0.0,0.0,4
6024,1,0.3761683065807575,0.0,0.45,1
6025,0,0.018736944864575104,0.0,0.01,5
6026,0,0.01103376267007255,0.0,0.0,2
6027,0,0.0026971531057090993,0.0,0.0,4
6028,0,0.020857726384327632,0.0,0.02,1
6030,0,0.05606677215935931,0.0,0.1,2
6031,0,0.0031491791069570203,0.0,0.0,5
6033,0,0.0015190014033089406,0.0,0.0,3
6034,0,0.0076694172381235135,0.0,0.0,5
6036,0,0.04538275208194559,0.0,0.0,3
6037,0,0.011129460200829598,0.0,0.0,4
6038,0,0.0027030924826130878,0.0,0.0,3
6039,0,0.005195724352401022,0.0,0.02,4
6040,0,0.009328471482824457,0.0,0.02,5
6041,0,0.017994386185872523,0.0,0.01,2
6042,0,0.0034172160669115577,0.0,0.0,3
6043,0,0.004606895184494103,0.0,0.0,5
6045,0,0.05823574661684433,0.0,0.01,5
6046,0,0.08038173364400857,0.0,0.02,2
6048,0,0.007024664337567231,0.0,0.0,5
6049,0,0.00218229003038401,0.0,0.0,3
6050,0,0.00448587960425241,0.0,0.0,1
6051,0,0.04761207605368338,0.0,0.01,3
6054,0,0.005685921311194652,0.0,0.0,2
6055,0,0.014223887948651714,0.0,0.0,1
6056,0,0.0026623845424891468,0.0,0.0,5
6059,0,0.049281239899814554,0.0,0.01,5
6060,0,0.01245698580009296,0.0,0.0,3
6061,0,0.00170981599728608,0.0,0.0,5
6062,0,0.0999855280190493,0.0,0.0,2
6063,0,0.019737765933443455,0.0,0.0,4
6064,0,0.013669443366280861,0.0,0.01,3
6065,0,0.02024448166351792,0.0,0.01,3
6066,0,0.008917546012671912,0.0,0.0,2
6068,0,0.011705706300008726,0.0,0.0,2
6069,0,0.009688274416195528,0.0,0.0,3
6070,0,0.007089785896883923,0.0,0.0,5
6071,0,0.018474891567594624,0.0,0.0,2
6072,0,0.007557776047884852,0.0,0.0,1
6073,0,0.007371225156004024,0.0,0.0,2
6074,0,0.017888346894884354,0.0,0.0,5
6075,0,0.02992889447808605,0.0,0.0,5
6076,0,0.008318738108364985,0.0,0.02,4
6077,0,0.04356312361066215,0.0,0.0,4
6079,0,0.010884577076991942,0.0,0.05,4
6080,0,0.006601136788035166,0.0,0.16,4
6081,0,0.050244243898867315,0.0,0.01,3
6082,0,0.02913172744886752,0.0,0.15,3
6083,0,0.11075895971382016,0.0,0.36,2
6084,0,0.00048290044071435767,0.0,0.0,1
6085,0,0.0015241769452749997,0.0,0.0,1
6086,0,0.0009331399381209539,0.0,0.0,4
6087,0,0.000504646978241543,0.0,0.0,3
6088,0,0.0013681521153375478,0.0,0.0,1
6089,0,0.0011324499229023986,0.0,0.0,3
6091,0,0.10663568632240775,0.0,0.01,4
6092,0,0.0008486777615593948,0.0,0.0,4
6093,0,0.06178542674789139,0.0,0.04,1
6094,0,0.004281976597445417,0.0,0.01,3
6095,0,0.0076891242297444685,0.0,0.0,2
6096,0,0.001876796447406307,0.0,0.0,4
6097,0,0.0008400574336401234,0.0,0.0,1
6098,0,0.0020400440679714353,0.0,0.0,4
6099,0,0.00022074424912254831,0.0,0.0,4
6100,0,0.0008869127062844095,0.0,0.0,1
6102,0,0.003600257259110925,0.0,0.0,3
6103,0,0.005013093280129451,0.0,0.0,1
6104,0,0.001989376570344554,0.0,0.0,2
6105,0,0.013956287582236302,0.0,0.0,5
6106,0,0.013565956489600982,0.0,0.0,3
6107,0,0.020394962772726566,0.0,0.1,2
6108,0,0.0006665367544044748,0.0,0.0,5
6109,0,0.001984540902004908,0.0,0.0,5
6110,0,0.007746681811097832,0.0,0.0,2
6113,0,0.0021348294118732373,0.0,0.0,5
6114,0,0.001556536857965033,0.0,0.0,5
6115,0,0.021356178141296304,0.0,0.0,5
6117,0,0.0320016984349553,0.0,0.0,5
6118,0,0.1093778168909529,0.0,0.13,4
6119,0,0.002840192822182748,0.0,0.0,5
6120,0,0.002112854662304517,0.0,0.0,4
6122,0,0.11511497245341544,0.0,0.0,4
6123,0,0.006798438651545988,0.0,0.0,2
6124,0,0.00317116491540543,0.0,0.0,3
6125,0,0.00696981127697812,0.0,0.0,2
6126,0,0.045680346383133626,0.0,0.01,4
6128,0,0.0041462644485931914,0.0,0.0,4
6129,0,0.029387298446244357,0.0,0.0,4
6130,0,0.017883808858948257,0.0,0.0,5
6131,0,0.00688419364344046,0.0,0.0,4
6132,0,0.007060958153111101,0.0,0.0,2
6133,0,0.00817050339840016,0.0,0.0,4
6136,0,0.0018742964983929542,0.0,0.0,3
6137,0,0.005845418183590158,0.0,0.0,3
6139,0,0.005162879257673501,0.0,0.0,4
6140,0,0.005900849269155078,0.0,0.0,2
6141,0,0.040680412539706085,0.0,0.0,5
6142,0,0.006914829037340678,0.0,0.0,5
6143,0,0.004040213847427625,0.0,0.0,2
6144,0,0.013727511959120017,0.0,0.0,1
6145,0,0.006693317887493883,0.0,0.0,5
6146,0,0.006933898700536223,0.0,0.0,2
6147,0,0.02530900438032606,0.0,0.01,3
6148,0,0.01128909969110155,0.0,0.0,3
6150,0,0.008808720061607399,0.0,0.01,1
6151,0,0.00746496987290401,0.0,0.0,4
6153,1,0.34275405334642856,0.0,0.31,4
6154,0,0.00276102574318157,0.0,0.0,3
6156,0,0.027472631466330683,0.0,0.0,2
6157,0,0.020066479792234707,0.0,0.0,2
6158,0,0.008221992196415985,0.0,0.0,1
6159,1,0.41748226428516333,0.0,0.29,4
6160,0,0.008899037154910625,0.0,0.0,4
6161,0,0.05003090403458436,0.0,0.0,2
6162,0,0.011059173795772976,0.0,0.0,4
6163,0,0.037788025492851596,0.0,0.03,2
6164,0,0.0037691877931693546,0.0,0.0,4
6165,0,0.009594073776299849,0.0,0.05,2
6166,0,0.006211448665868994,1.0,0.17,3
6167,0,0.08336832664962518,0.0,0.04,3
6168,0,0.010233600135148322,0.0,0.08,4
6169,0,0.009151702597255071,0.0,0.07,2
6170,0,0.03792537205352381,0.0,0.03,5
6171,0,0.025786962377965086,1.0,0.29,1
6172,1,0.043511103141689496,0.0,0.08,5
6174,0,0.0004121405432141163,0.0,0.0,5
6176,0,0.001476947884498319,0.0,0.02,4
6178,1,0.2865691762317632,0.0,0.78,3
6179,0,0.0019164025670325231,0.0,0.0,2
6181,0,0.0018508666081790942,0.0,0.0,2
6183,0,0.0006753177787335222,0.0,0.0,1
6185,0,0.002102779499684212,0.0,0.0,1
6186,0,0.0041678309754532355,0.0,0.01,2
6187,0,0.08759029617150002,0.0,0.0,1
6188,0,0.007870399639287684,0.0,0.0,5
6189,0,0.0013045252417228283,0.0,0.0,5
6190,0,0.0014779387960478171,0.0,0.0,4
6191,0,0.0014291366934559215,0.0,0.0,3
6192,0,0.007385235746708675,0.0,0.0,4
6193,0,0.004929762264136291,0.0,0.01,3
6194,0,0.00890066516705831,0.0,0.0,4
6195,0,0.004006352341879368,0.0,0.0,4
6196,0,0.0031732751087779755,0.0,0.0,4
6197,0,0.017223296094908688,0.0,0.0,1
6198,0,0.0006858756275823047,0.0,0.0,4
6199,0,0.009143993692968238,0.0,0.0,1
6200,0,0.002359610638528491,0.0,0.0,4
6201,0,0.01077482573458043,0.0,0.0,2
6203,0,0.002277685625106633,0.0,0.0,3
6205,0,0.0008217946640725768,0.0,0.0,3
6206,0,0.0009773812148731035,0.0,0.0,1
6207,0,0.0031039975102574785,0.0,0.0,3
6209,0,0.0020447767278021574,0.0,0.0,2
6211,0,0.015143516778706024,0.0,0.0,4
6213,0,0.003613072862739866,0.0,0.0,4
6214,0,0.00573713692291836,0.0,0.0,3
6216,0,0.0034473311604105925,0.0,0.0,1
6217,0,0.014539390533539882,0.0,0.0,1
6218,0,0.01987229220551729,0.0,0.02,5
6219,0,0.006017710173973329,0.0,0.01,5
6221,0,0.02386065666242758,0.0,0.01,5
6222,0,0.0031484845574170015,0.0,0.0,3
6223,0,0.006006785604216509,0.0,0.0,4
6224,0,0.0051088148594083515,0.0,0.0,5
6225,0,0.0038116571788252146,0.0,0.0,3
6226,0,0.16624210973179718,0.0,0.04,2
6228,0,0.07058985784055408,0.0,0.0,1
6229,0,0.04930382360337344,0.0,0.01,3
6230,0,0.005950427524910787,0.0,0.01,1
6231,0,0.009752583212099972,0.0,0.0,3
6233,0,0.004211139469779862,0.0,0.0,2
6234,0,0.018796387783743578,0.0,0.0,1
6235,0,0.00843567996074706,0.0,0.0,2
6237,0,0.005962572541026645,0.0,0.01,1
6239,0,0.009939748812064216,0.0,0.0,5
6240,0,0.007777787835994137,0.0,0.0,3
6241,0,0.08032213646260163,0.0,0.0,4
6242,0,0.044141938825681105,0.0,0.0,5
6243,0,0.10282708317625398,0.0,0.01,4
6244,0,0.008054243637800983,0.0,0.0,1
6246,0,0.051987342147746314,0.0,0.0,5
6248,1,0.7695579386976932,1.0,0.45,2
6249,0,0.013194727563129336,0.0,0.01,5
6252,0,0.01696398053460656,0.0,0.0,1
6253,0,0.009221833337576611,0.0,0.0,4
6254,0,0.06477779006795299,0.0,0.0,4
6255,1,0.4406419060859444,0.0,0.35,4
6256,1,0.013650349062724653,0.0,0.03,2
6257,0,0.008328800698349507,0.0,0.05,4
6258,0,0.0047011934378828855,0.0,0.0,2
6259,0,0.0032623589417907196,0.0,0.0,3
6260,0,0.006464567036906484,0.0,0.02,4
6262,0,0.0020211822296980846,0.0,0.0,5
6263,0,0.0004740369019626637,0.0,0.0,2
6264,0,0.003538476025726168,0.0,0.0,5
6265,0,0.004700591758780971,0.0,0.01,2
6267,0,0.0016322152422901409,0.0,0.0,2
6268,0,0.0018565780838109918,0.0,0.0,5
6269,0,0.00228696771180877,0.0,0.0,3
6270,0,0.005006855296199821,0.0,0.0,4
6271,0,0.000987876654978169,0.0,0.0,3
6272,0,0.03589500483767594,0.0,0.0,2
6273,0,0.0018349865193432668,0.0,0.0,5
6274,0,0.0005203571644700033,0.0,0.01,3
6275,0,0.002683735920911201,0.0,0.0,4
6277,0,0.002990915746632325,0.0,0.0,2
6278,0,0.00578926298408023,0.0,0.0,2
6281,0,0.0027610279375330634,0.0,0.0,5
6282,0,0.005200372726425041,0.0,0.01,3
6284,0,0.003869109991188881,0.0,0.0,3
6285,0,0.008449408695847083,0.0,0.0,2
6286,0,0.00503707647474951,0.0,0.0,3
6287,0,0.0036941524895214082,0.0,0.0,3
6289,0,0.11057223463957086,0.0,0.14,5
6290,0,0.006031484257597426,0.0,0.0,1
6291,0,0.00220865324334205,0.0,0.0,3
6293,0,0.01221308253427064,0.0,0.0,4
6294,0,0.007260754076747935,0.0,0.0,3
6296,0,0.0028468301313584175,0.0,0.01,3
6297,0,0.14267510007075648,0.0,0.01,1
6298,0,0.012031318684975471,0.0,0.0,2
6300,0,0.010685947954349847,0.0,0.0,4
6301,0,0.012868862879357613,0.0,0.0,1
6303,0,0.06031794424727794,0.0,0.0,1
6304,0,0.009234347461597557,0.0,0.0,1
6305,0,0.0032378187230343715,0.0,0.0,4
6307,0,0.012144299571519128,0.0,0.0,1
6308,0,0.0020514070901484225,0.0,0.01,1
6309,0,0.06338004866068245,0.0,0.0,1
6310,0,0.023387515570138344,0.0,0.0,2
6312,0,0.00773508351215912,0.0,0.0,3
6313,0,0.055944398793440715,0.0,0.0,5
6314,0,0.004457762496425678,0.0,0.0,5
6315,0,0.05521794258070366,0.0,0.0,4
6317,0,0.02681841498860443,0.0,0.01,1
6318,0,0.07626280918988894,0.0,0.0,3
6319,0,0.020446858462679844,0.0,0.0,5
6320,0,0.03763982881505553,0.0,0.0,2
6321,0,0.5750261260157509,0.0,0.32,5
6322,0,0.009919621748481594,0.0,0.0,4
6324,0,0.07883392662821843,0.0,0.06,1
6325,0,0.03199562988035176,0.0,0.0,4
6326,0,0.01363184045990629,0.0,0.0,3
6327,0,0.11233011130613292,0.0,0.0,5
6328,0,0.011605241435542374,0.0,0.0,1
6329,0,0.01746389537113075,0.0,0.0,1
6330,0,0.015423501198143664,0.0,0.0,1
6331,0,0.05118699549772327,0.0,0.0,4
6332,0,0.016717054716324214,0.0,0.0,4
6333,0,0.0005889960174259456,0.0,0.01,2
6334,0,0.01575443413528632,0.0,0.02,3
6335,0,0.02014016206423908,0.0,0.0,2
6336,0,0.0764174769280069,0.0,0.0,4
6337,0,0.025611821192032577,0.0,0.03,1
6338,0,0.008885976377839553,0.0,0.03,2
6339,0,0.15311704335902318,0.0,0.13,2
6340,1,0.01727622470893841,0.0,0.01,4
6341,0,0.004604858996321066,0.0,0.01,2
6342,0,0.0012210378996121915,0.0,0.0,3
6344,0,0.0019879824986975742,0.0,0.02,4
6345,0,0.000693199438043207,0.0,0.02,3
6346,0,0.05991840655277536,0.0,0.08,1
6349,0,0.0009008132865501937,0.0,0.0,1
6350,0,0.006806212737534562,0.0,0.0,2
6351,0,0.030194755887726434,0.0,0.0,1
6352,0,0.00180955502511874,0.0,0.0,3
6353,0,0.002702027684369887,0.0,0.0,3
6356,0,0.008528591758689284,0.0,0.01,2
6357,0,0.05742123187232457,0.0,0.0,3
6358,0,0.007369958158448802,0.0,0.0,5
6359,0,0.1424067391847308,0.0,0.0,4
6361,0,0.04406621573966401,0.0,0.0,1
6362,0,0.0023357203141919124,0.0,0.0,2
6363,0,0.0031628357333422855,0.0,0.0,3
6365,0,0.12728362698783927,0.0,0.0,2
6366,0,0.0038346709637590674,0.0,0.0,2
6368,0,0.013016491996171223,0.0,0.0,3
6371,0,0.0036022847617877963,0.0,0.0,2
6372,0,0.002017189307828088,0.0,0.0,2
6373,0,0.0018518238308418832,0.0,0.0,2
6374,0,0.004588132430924081,0.0,0.0,2
6375,0,0.0021455369558806454,0.0,0.0,1
6376,0,0.0032689899917711382,0.0,0.0,1
6377,0,0.006119484840220255,0.0,0.0,1
6378,0,0.02772687274821877,0.0,0.0,5
6379,0,0.032932972417039984,0.0,0.0,1
6380,0,0.16463340978679109,0.0,0.0,5
6382,0,0.010184717168889402,0.0,0.0,3
6383,0,0.0076439447872214935,0.0,0.0,4
6384,0,0.01130661057772157,0.0,0.01,2
6385,0,0.02984905836750274,0.0,0.0,2
6386,0,0.012029263302548035,0.0,0.0,5
6388,0,0.023841046591286805,0.0,0.0,4
6389,0,0.00235864405882446,0.0,0.0,2
6390,0,0.2980523208140724,0.0,0.0,2
6391,0,0.007162326937693681,0.0,0.0,1
6392,0,0.015078428044239178,0.0,0.0,2
6393,0,0.006484205801209397,0.0,0.0,2
6394,0,0.009604285621327221,0.0,0.0,1
6395,0,0.05683956161781944,0.0,0.0,3
6396,0,0.09625540732683983,0.0,0.0,3
6398,0,0.2757223203886357,0.0,0.01,4
6399,0,0.005822811100647041,0.0,0.0,4
6400,0,0.014761990361857786,0.0,0.0,3
6402,0,0.01099551650490895,0.0,0.0,2
6403,0,0.01640639171023401,0.0,0.0,3
6404,0,0.1028969247872622,0.0,0.05,1
6405,0,0.05777255819792331,0.0,0.09,3
6406,0,0.1048360498255423,0.0,0.0,4
6407,0,0.0019593954512124277,0.0,0.02,2
6408,0,0.00783015828377216,0.0,0.0,1
6409,0,0.050009664938241306,0.0,0.0,1
6410,0,0.05286341079992935,0.0,0.0,4
6411,0,0.043882305605388576,0.0,0.0,4
6412,0,0.033533540992651295,0.0,0.02,1
6413,0,0.013556678145132957,0.0,0.01,5
6414,0,0.002198568442827716,0.0,0.0,4
6416,0,0.006990275722845951,0.0,0.01,3
6417,0,0.036598222576840846,0.0,0.05,2
6418,0,0.07496413627843308,0.0,0.03,4
6419,1,0.017818957670496842,0.0,0.01,4
6421,0,0.004161490100826584,0.0,0.0,5
6422,0,0.03596939189933772,0.0,0.06,2
6423,0,0.0009304401104922744,0.0,0.0,3
6424,0,0.0010848364152367335,0.0,0.0,3
6425,0,0.06655302978846696,0.0,0.0,4
6426,0,0.0005428242339412892,0.0,0.0,3
6427,0,0.012409581759241487,0.0,0.0,5
6428,0,0.0004252273541538865,0.0,0.0,4
6429,0,0.0036438552164117744,0.0,0.01,3
6431,0,0.10074322978882772,0.0,0.0,1
6433,0,0.0012180055386821866,0.0,0.0,2
6435,0,0.002368445315914589,0.0,0.0,3
6436,0,0.0015400293781884398,0.0,0.0,5
6437,0,0.260794156560926,1.0,0.63,5
6439,0,0.003586567181601182,0.0,0.0,1
6440,0,0.0019263234903475542,0.0,0.0,3
6441,0,0.0017592470605094059,0.0,0.0,3
6442,0,0.04872512221583411,0.0,0.01,4
6443,0,0.0011204240186589364,0.0,0.0,5
6444,0,0.06235479967715276,0.0,0.04,4
6445,0,0.006558018206651093,0.0,0.0,1
6446,0,0.002345687342721133,0.0,0.0,5
6447,0,0.00456624657207822,0.0,0.06,1
6448,0,0.003390098031197293,0.0,0.0,1
6452,0,0.031422121786483445,0.0,0.01,1
6453,0,0.002962968071780821,0.0,0.0,1
6454,0,0.002840113664818241,0.0,0.0,5
6455,0,0.017467662039773846,0.0,0.0,4
6457,0,0.02350440526106359,0.0,0.0,4
6458,0,0.210426011909318,0.0,0.13,3
6459,0,0.08792019423492181,0.0,0.02,3
6460,0,0.03460151041486093,0.0,0.01,1
6461,0,0.002526793638778316,0.0,0.0,2
6462,0,0.012194763930256659,0.0,0.0,1
6464,0,0.002220910710346145,0.0,0.01,3
6465,0,0.025096770430620776,0.0,0.0,1
6466,0,0.013436941570643178,0.0,0.0,5
6467,0,0.003737820140140735,0.0,0.0,4
6468,0,0.02369882583031039,0.0,0.0,5
6469,0,0.002758567768939217,0.0,0.0,5
6470,0,0.1446476007838663,0.0,0.02,5
6471,0,0.01285117511689053,0.0,0.0,4
6472,0,0.0034094773499860342,0.0,0.0,1
6473,0,0.18959576616359117,0.0,0.0,2
6474,0,0.07936050996926733,0.0,0.0,3
6475,0,0.0025721326421131786,0.0,0.0,4
6476,0,0.047145102193867625,0.0,0.0,4
6477,0,0.013070548796533413,0.0,0.05,1
6478,1,0.005224768210114414,0.0,0.0,5
6480,0,0.011816569288059728,0.0,0.02,1
6481,0,0.06559632931803937,0.0,0.0,5
6482,0,0.04196473009643829,0.0,0.0,1
6483,0,0.031240109200429068,0.0,0.0,5
6484,0,0.010646784591715907,0.0,0.03,1
6485,0,0.048478632706071424,0.0,0.0,4
6486,0,0.019502246479843884,0.0,0.17,1
6487,0,0.0055792494829516315,0.0,0.0,2
6488,0,0.15790504409001901,0.0,0.06,2
6489,0,0.01173222122232429,0.0,0.0,5
6490,0,0.02401581080081262,0.0,0.0,4
6491,0,0.36608968005012854,0.0,0.0,5
6492,0,0.0477155143986944,0.0,0.0,3
6493,0,0.18068984358146337,0.0,0.07,2
6494,0,0.017949331865239202,0.0,0.0,5
6498,0,0.03182307357094555,0.0,0.01,3
6499,0,0.006531107801261461,0.0,0.02,3
6500,0,0.04757015479730894,0.0,0.0,4
6502,0,0.8908881976800531,1.0,0.54,3
6505,0,0.030709901947977004,0.0,0.05,1
6507,0,0.000792492145120072,0.0,0.0,5
6508,0,0.0020475213719113425,0.0,0.0,4
6510,0,0.11651123434717683,0.0,0.01,1
6511,0,0.02083723785308232,0.0,0.02,2
6512,0,0.010534476130582568,0.0,0.0,3
6514,0,0.010176879721470569,0.0,0.0,4
6515,0,0.008126857069631187,0.0,0.01,3
6516,0,0.0020887404641906906,0.0,0.0,5
6517,0,0.0038531025018255388,0.0,0.0,4
6518,0,0.19314411321734667,0.0,0.54,3
6519,0,0.01262340672168899,0.0,0.0,2
6520,0,0.005630065771107338,0.0,0.0,1
6521,0,0.0009442528629061255,0.0,0.0,2
6523,0,0.005677497711988191,0.0,0.0,3
6524,0,0.004862258599240198,0.0,0.0,5
6525,1,0.8529544715805818,1.0,0.86,4
6527,0,0.023313998815336957,0.0,0.0,1
6528,0,0.008950639956501975,0.0,0.0,5
6529,0,0.007089287923623269,0.0,0.01,4
6530,0,0.001038260760633576,0.0,0.0,4
6532,0,0.011447773708211746,0.0,0.01,4
6533,0,0.04740715123812615,0.0,0.0,1
6535,0,0.0120346284109419,0.0,0.01,5
6536,0,0.02255436528905938,0.0,0.0,4
6537,0,0.003717903886202941,0.0,0.0,3
6539,0,0.16073403501443237,0.0,0.01,1
6541,0,0.005985682977501552,0.0,0.0,2
6542,0,0.005773077049969348,0.0,0.0,2
6543,0,0.00483557543687773,0.0,0.0,5
6544,0,0.024191336872904996,0.0,0.0,1
6545,0,0.006070963764502122,0.0,0.0,1
6547,0,0.007468094761433503,0.0,0.0,2
6549,0,0.027896032520733277,0.0,0.0,3
6550,0,0.06619500359602055,0.0,0.0,3
6551,0,0.01907567422508201,0.0,0.0,1
6552,0,0.006899216746361393,0.0,0.0,3
6555,0,0.017445323192328617,0.0,0.02,5
6556,0,0.005617341797577369,0.0,0.0,4
6559,0,0.0077184476765255325,0.0,0.0,2
6560,0,0.022158732130385293,0.0,0.0,5
6561,0,0.017708174787320653,0.0,0.0,4
6562,0,0.005155799848602175,0.0,0.0,4
6566,0,0.036352693013312086,0.0,0.0,4
6567,0,0.004474767366115345,0.0,0.0,4
6568,0,0.009313467527107098,0.0,0.0,2
6569,0,0.005763139822464519,0.0,0.01,4
6570,0,0.010277081216830583,0.0,0.0,5
6571,0,0.048016482482467746,0.0,0.06,3
6574,0,0.010876917054223174,0.0,0.0,4
6576,0,0.04256549552852296,0.0,0.0,5
6577,0,0.046024638039174205,0.0,0.0,1
6578,0,0.0707134107775561,0.0,0.0,3
6579,0,0.04863702584940147,0.0,0.0,2
6580,0,0.028891037042597052,0.0,0.0,3
6581,0,0.02608232237240864,0.0,0.0,4
6582,0,0.01641690172638787,0.0,0.0,3
6584,0,0.03385435631304283,0.0,0.16,1
6585,0,0.011630151381987384,0.0,0.02,3
6587,0,0.013265451338601427,0.0,0.06,4
6588,0,0.034766997984328016,0.0,0.09,1
6589,0,0.002847934347482821,0.0,0.0,1
6591,0,0.007264332244135171,0.0,0.0,1
6592,0,0.010587290445638758,0.0,0.02,1
6593,0,0.0017419380941310733,0.0,0.0,1
6594,0,0.0185145313373083,0.0,0.0,4
6595,0,0.0011656500414056901,0.0,0.0,4
6596,0,0.001051304047029663,0.0,0.0,3
6598,0,0.03392274826170598,0.0,0.0,1
6599,0,0.004564987387690641,0.0,0.0,4
6600,0,0.008347903230308014,0.0,0.01,2
6602,0,0.007846676722126208,0.0,0.06,1
6603,0,0.008498418340020675,0.0,0.01,4
6604,0,0.0037187827426494796,0.0,0.0,5
6605,0,0.0021281163909534716,0.0,0.0,5
6606,0,0.01161158497191753,0.0,0.0,4
6607,0,0.011266716638585923,0.0,0.0,4
6608,0,0.004696190597040842,0.0,0.0,3
6609,0,0.0064099887294520414,0.0,0.0,4
6610,0,0.002068913932624215,0.0,0.0,2
6611,0,0.001560645763456519,0.0,0.0,2
6613,0,0.013693885598542142,0.0,0.0,1
6614,0,0.002100853555154271,0.0,0.0,3
6615,0,0.025989614773909098,0.0,0.0,1
6616,0,0.007007713844438078,0.0,0.07,1
6617,0,0.24356430600953155,0.0,0.26,5
6618,1,0.424011239952958,0.0,0.36,5
6619,0,0.002052020452690855,0.0,0.0,3
6620,0,0.0018104538842761149,0.0,0.0,1
6621,0,0.002871667319982948,0.0,0.0,4
6622,0,0.1602842699622648,0.0,0.0,1
6623,0,0.004732555433446764,0.0,0.0,1
6625,0,0.009137625991633015,0.0,0.0,2
6626,0,0.07595808310722037,0.0,0.0,1
6627,0,0.004637839021157182,0.0,0.0,4
6628,0,0.007733857913267038,0.0,0.0,3
6629,0,0.05484131576436917,0.0,0.01,1
6631,0,0.13758021261273237,0.0,0.09,2
6632,0,0.03303348444406932,0.0,0.05,4
6633,0,0.006879951929749042,0.0,0.0,1
6634,0,0.01599492896931416,0.0,0.0,5
6635,0,0.01723210539962848,0.0,0.0,3
6636,0,0.003843326861792758,0.0,0.0,2
6637,0,0.04568308110495501,0.0,0.0,1
6638,0,0.03142837610850549,0.0,0.0,5
6640,0,0.006074711715525177,0.0,0.03,2
6641,0,0.009475140385709565,0.0,0.0,4
6643,0,0.24984573240101704,0.0,0.01,4
6644,0,0.10031668007913311,0.0,0.0,5
6646,0,0.004182002856368545,0.0,0.0,1
6648,0,0.028479927773694177,0.0,0.0,5
6649,0,0.146513759501981,0.0,0.03,3
6650,0,0.014279257595064848,0.0,0.0,3
6651,0,0.08294997979890566,0.0,0.03,1
6652,0,0.012375543515964541,0.0,0.0,3
6653,0,0.0035662632079819703,0.0,0.01,5
6654,0,0.10926146191157206,0.0,0.0,2
6655,0,0.019012407659257685,0.0,0.0,3
6656,0,0.09915419753695656,0.0,0.0,4
6657,0,0.056399431112418484,0.0,0.07,2
6658,0,0.21961728583812973,0.0,0.0,5
6659,0,0.011662577103544064,0.0,0.0,3
6660,0,0.012188239711059938,0.0,0.0,4
6661,0,0.019064427039347326,0.0,0.0,2
6662,0,0.04665817663417616,0.0,0.0,4
6663,0,0.21362591417893886,0.0,0.0,1
6664,0,0.03201714572332013,0.0,0.0,2
6665,0,0.031496004084748126,0.0,0.0,1
6666,0,0.25282400439463865,0.0,0.02,3
6668,0,0.024555134126827013,0.0,0.15,3
6669,0,0.017287340078167568,0.0,0.04,3
6670,0,0.053798876289500516,0.0,0.02,4
6671,0,0.015973971932164103,0.0,0.15,4
6672,0,0.25797857952108705,0.0,0.39,2
6673,1,0.24315949265312906,0.0,0.24,5
6675,0,0.004887377748116207,0.0,0.09,4
6676,0,0.0628028105535324,0.0,0.09,1
6677,0,0.015153729910876467,0.0,0.03,3
6678,1,0.27750029701588624,1.0,0.49,2
6679,0,0.001723174918763112,0.0,0.02,2
6680,0,0.015361690402686562,0.0,0.0,3
6681,0,0.004789876342733101,0.0,0.0,3
6682,0,0.0034890127312619465,0.0,0.0,4
6683,0,0.00643729431377552,0.0,0.05,3
6684,0,0.005509051455516646,0.0,0.0,5
6685,0,0.013273551575094671,0.0,0.0,1
6687,0,0.0017344438829961658,0.0,0.0,1
6688,0,0.007229520702625956,0.0,0.0,1
6689,0,0.01432725156850383,0.0,0.0,2
6690,0,0.008699641486563546,0.0,0.27,1
6691,0,0.02077893885452105,0.0,0.01,1
6692,0,0.0017429326771669592,0.0,0.0,4
6694,0,0.11696399396624647,0.0,0.1,1
6695,0,0.028213610503119116,0.0,0.12,2
6696,0,0.0019919420448987536,0.0,0.0,3
6697,0,0.005265270069446614,0.0,0.0,1
6698,0,0.0070785551504346155,0.0,0.0,3
6699,0,0.005078664834636138,0.0,0.0,2
6700,0,0.018992708782677354,0.0,0.04,1
6701,0,0.004182989360724583,0.0,0.0,3
6702,0,0.0029087432558037815,0.0,0.0,5
6704,0,0.00177264618624866,0.0,0.0,4
6705,0,0.14323687455759349,0.0,0.0,4
6706,0,0.01154247499091517,0.0,0.01,4
6708,0,0.0014044081765323584,0.0,0.0,3
6709,0,0.0030381591082896298,0.0,0.0,2
6710,0,0.017432159275195796,0.0,0.02,4
6711,0,0.017784134939391717,0.0,0.0,3
6713,0,0.013411739009727214,0.0,0.0,5
6715,0,0.0018594890577531783,0.0,0.0,4
6716,0,0.09947633288839121,0.0,0.0,4
6717,0,0.043167223581560006,0.0,0.0,5
6718,0,0.0315210851234938,0.0,0.01,3
6720,0,0.053154695471650304,0.0,0.0,2
6721,0,0.21168910903473875,0.0,0.12,1
6722,0,0.0026544401243462196,0.0,0.0,3
6723,0,0.005379394110213794,0.0,0.0,1
6724,0,0.008687415821485859,0.0,0.0,2
6725,0,0.01120416331203608,0.0,0.06,1
6726,0,0.0152877368226355,0.0,0.0,3
6728,0,0.009534322236556323,0.0,0.0,5
6731,0,0.08144182772830495,0.0,0.0,1
6732,0,0.05497225160270252,0.0,0.0,3
6733,0,0.0077082191782440876,0.0,0.13,2
6734,0,0.02278131565102,0.0,0.0,4
6735,0,0.014812732524174234,0.0,0.0,1
6736,0,0.04289749536960352,0.0,0.0,1
6737,0,0.0029992611043843896,0.0,0.0,1
6738,0,0.08967331976347795,0.0,0.0,2
6739,0,0.03808193482999426,0.0,0.0,1
6741,0,0.012220584700746539,0.0,0.0,5
6743,0,0.004317251639014154,0.0,0.02,2
6745,0,0.01682577025364145,0.0,0.0,2
6746,0,0.03576419882691049,0.0,0.0,4
6747,0,0.002941079729918268,0.0,0.0,2
6748,0,0.014187567619122961,0.0,0.0,2
6749,0,0.023587285502173656,0.0,0.0,3
6751,0,0.009147657057310727,0.0,0.0,2
6752,0,0.018888189059360627,0.0,0.0,4
6753,0,0.13525445096451524,0.0,0.08,4
6754,0,0.01531245188805022,0.0,0.0,1
6755,0,0.012591926771534154,0.0,0.0,4
6756,0,0.03923077943377804,0.0,0.0,4
6758,0,0.0228129349359202,0.0,0.02,2
6759,1,0.06071667020210006,0.0,0.12,3
6760,0,0.002359323533364256,0.0,0.0,4
6761,0,0.016790047639176447,0.0,0.02,1
6762,0,0.02530033721025314,0.0,0.04,4
6763,0,0.0013114086375536403,0.0,0.0,4
6765,0,0.0012302669134800436,0.0,0.01,4
6766,0,0.0017848885818093005,0.0,0.0,1
6768,0,0.0006034589899053919,0.0,0.0,2
6769,0,0.026155558680405158,0.0,0.0,5
6770,0,0.002486851315981697,0.0,0.0,5
6771,0,0.0031069400068697143,0.0,0.0,1
6772,0,0.004640720035832486,0.0,0.0,5
6773,0,0.008233139036125816,0.0,0.01,5
6774,0,0.0008688323826514145,0.0,0.0,2
6775,0,0.0017333054352035382,0.0,0.0,2
6776,0,0.019524295690114195,0.0,0.0,3
6777,0,0.005310928126524264,0.0,0.0,4
6778,0,0.0020260008295914195,0.0,0.0,5
6779,0,0.03465976712310052,0.0,0.01,2
6781,0,0.0006983393529031905,0.0,0.0,3
6782,0,0.22869121719611116,0.0,0.01,4
6783,0,0.017947535182719705,0.0,0.0,3
6784,0,0.02804778256280855,0.0,0.0,1
6785,0,0.00774441988310408,0.0,0.0,1
6786,0,0.04036056115095572,0.0,0.0,2
6787,0,0.13686109055603948,0.0,0.08,3
6789,0,0.001909263472861064,0.0,0.0,4
6790,0,0.020953222312888476,0.0,0.01,2
6791,0,0.016003976777002365,0.0,0.0,5
6792,0,0.002793492366299411,0.0,0.0,2
6793,0,0.0022439224206726328,0.0,0.0,3
6794,0,0.16614173750318856,0.0,0.01,1
6795,0,0.1028495368696766,0.0,0.0,4
6796,0,0.06835401764800181,0.0,0.01,1
6797,0,0.004533616671963245,0.0,0.0,2
6798,0,0.008773380313106182,0.0,0.0,4
6799,1,0.3941313243962881,1.0,0.81,1
6800,0,0.006732991374038565,0.0,0.01,3
6801,0,0.01348838134655233,0.0,0.0,1
6804,0,0.00419157058679993,0.0,0.0,3
6806,0,0.004259496604981667,0.0,0.0,3
6807,0,0.021878989569294356,0.0,0.0,5
6808,0,0.012418060533050073,0.0,0.0,1
6809,0,0.005303541766685324,0.0,0.0,1
6810,0,0.03130668171612562,0.0,0.0,4
6811,0,0.06119719917597133,0.0,0.01,1
6812,0,0.08006021849133743,0.0,0.02,4
6813,0,0.00650180579207587,0.0,0.0,5
6814,0,0.007746094465258621,0.0,0.0,4
6818,0,0.0033517344865523786,0.0,0.0,5
6820,0,0.006020786568829505,0.0,0.0,1
6822,0,0.0050569303423594605,0.0,0.0,2
6823,0,0.052686282687207986,0.0,0.0,1
6824,0,0.004718339715016802,0.0,0.0,1
6825,0,0.009257142520383902,0.0,0.0,2
6826,0,0.003701693263099968,0.0,0.0,5
6827,0,0.016824866967187203,0.0,0.0,4
6828,0,0.132156758124379,0.0,0.0,4
6829,0,0.0022887760655672254,0.0,0.0,1
6830,0,0.0875702244084425,0.0,0.01,2
6831,0,0.5048527030556076,0.0,0.0,5
6832,0,0.00665421730122566,0.0,0.0,5
6833,0,0.15632347487317652,0.0,0.02,1
6834,0,0.08950622859031485,0.0,0.02,4
6835,0,0.014434880079624174,0.0,0.0,1
6836,0,0.03395018208315895,0.0,0.04,4
6837,0,0.0040123410280848764,0.0,0.0,1
6839,0,0.00810212954277659,0.0,0.01,2
6841,0,0.010589575286345656,0.0,0.07,5
6842,0,0.006061610415612516,0.0,0.02,2
6843,0,0.05551218094747331,0.0,0.04,1
6844,0,0.006923256992402957,0.0,0.03,1
6846,0,0.01285568745242779,0.0,0.01,4
6847,0,0.0014925002671925835,0.0,0.0,4
6849,0,0.001144943257643085,0.0,0.0,4
6850,0,0.00047636950252711354,0.0,0.0,5
6851,0,0.0005246915931616568,0.0,0.0,1
6852,0,0.0005069843781364095,0.0,0.0,1
6853,0,0.0008669790303061697,0.0,0.0,3
6854,0,0.006299192059257412,0.0,0.0,4
6855,0,0.0006156140147615164,0.0,0.0,1
6856,0,0.0005666182006738286,0.0,0.0,1
6857,0,0.00341615821903086,0.0,0.0,4
6858,0,0.008382741125666495,0.0,0.0,4
6859,0,0.0012777712127298284,0.0,0.0,3
6861,0,0.005257579863891336,0.0,0.0,4
6862,0,0.007264238804155626,0.0,0.0,2
6864,0,0.04813632980756208,0.0,0.09,1
6865,0,0.0033528762712674003,0.0,0.0,4
6866,0,0.0017350538336309248,0.0,0.0,4
6867,0,0.010396993148962901,0.0,0.04,2
6868,0,0.0036640587340262053,0.0,0.01,3
6869,0,0.0026165462344074405,0.0,0.0,4
6870,0,0.004640319779647979,0.0,0.0,3
6871,0,0.004678527149674461,0.0,0.01,1
6872,0,0.0008654869861688465,0.0,0.01,4
6873,0,0.002680834361877519,0.0,0.0,4
6874,0,0.0363856064866246,0.0,0.02,3
6876,0,0.08325678748588776,0.0,0.0,4
6877,0,0.002249302574118915,0.0,0.0,4
6878,0,0.0007823119205931551,0.0,0.0,3
6879,0,0.016073278181823213,0.0,0.01,5
6880,0,0.0013638303050094549,0.0,0.0,4
6881,0,0.005696852586938713,0.0,0.0,2
6882,0,0.01574153063544331,0.0,0.0,5
6883,0,0.00351261508994049,0.0,0.0,4
6885,0,0.01737805918969644,0.0,0.0,5
6886,0,0.004932105370474884,0.0,0.0,4
6888,0,0.007739648209119632,0.0,0.0,2
6890,0,0.0076283532653702545,0.0,0.0,4
6893,0,0.011359477201731819,0.0,0.0,4
6895,0,0.00412495907717487,0.0,0.02,5
6896,0,0.002428053876168656,0.0,0.0,3
6897,0,0.4697339319335719,1.0,0.27,3
6898,0,0.007752956055627632,0.0,0.0,5
6899,0,0.008023994898354677,0.0,0.01,2
6900,0,0.004457835602657889,0.0,0.01,2
6901,0,0.002657883078207161,0.0,0.0,3
6902,0,0.006223861817022095,0.0,0.01,5
6903,0,0.005525644997010802,0.0,0.0,3
6904,0,0.0048175242580754665,0.0,0.0,1
6905,0,0.0026592081951653996,0.0,0.0,1
6906,0,0.021550533326780235,0.0,0.0,4
6907,0,0.006540692861627951,0.0,0.0,4
6908,0,0.006037583515040268,0.0,0.0,1
6909,0,0.02691355987652729,0.0,0.01,1
6911,0,0.01330194784458737,0.0,0.0,2
6912,0,0.0035318302552481136,0.0,0.0,4
6914,0,0.0014643555953235629,0.0,0.0,4
6916,0,0.0028065436510857967,0.0,0.0,4
6917,0,0.005899512023622605,0.0,0.0,3
6918,0,0.0030244920231486012,0.0,0.0,4
6921,0,0.06314815291399001,0.0,0.01,5
6922,0,0.08498203939794803,0.0,0.02,4
6923,0,0.09448733448364365,0.0,0.05,3
6924,1,0.3017215491276292,1.0,0.33,3
6925,0,0.05615948857155658,0.0,0.47,5
6926,0,0.007380088428090288,0.0,0.02,4
6927,0,0.0030854412994944934,0.0,0.0,1
6928,0,0.0007053080879802737,0.0,0.0,1
6929,0,0.005383214501756611,0.0,0.02,5
6932,1,0.22392386345094295,1.0,0.8,1
6934,0,0.0035233764380811516,0.0,0.0,4
6935,0,0.0020661311833852654,0.0,0.0,4
6936,0,0.0016372493163727443,0.0,0.01,1
6937,0,0.0006337561049266399,0.0,0.0,5
6938,0,0.0036783559688897817,0.0,0.0,2
6939,0,0.006531936546268214,0.0,0.0,1
6940,0,0.0022540128909760027,0.0,0.0,3
6941,0,0.028285570822816176,0.0,0.02,5
6943,0,0.0007104637640384128,0.0,0.0,2
6946,0,0.014908645191941277,0.0,0.0,4
6947,0,0.001404993035402958,0.0,0.0,5
6948,0,0.03496942324447275,0.0,0.0,3
6949,0,0.0008966160164005495,0.0,0.0,2
6950,0,0.013773124070132762,0.0,0.01,3
6951,0,0.011273895902231084,0.0,0.0,4
6953,0,0.003031431376727298,0.0,0.0,2
6955,0,0.009045445979444405,0.0,0.0,5
6956,0,0.0008962570544925203,0.0,0.0,2
6957,0,0.015262169131753066,0.0,0.0,1
6958,0,0.009982529123509462,0.0,0.0,1
6959,0,0.0015194057781939573,0.0,0.0,5
6960,0,0.04371776020117807,0.0,0.0,2
6961,0,0.0010198943490298327,0.0,0.0,4
6962,0,0.010682049657703866,0.0,0.03,2
6963,0,0.002590171590725614,0.0,0.0,1
6964,0,0.006100122809470237,0.0,0.01,4
6965,0,0.018388707550124637,0.0,0.0,1
6966,0,0.005297506491007405,0.0,0.0,3
6967,0,0.017325315065666876,0.0,0.03,3
6968,0,0.0033491914300821306,0.0,0.0,4
6969,0,0.0011420874155705083,0.0,0.0,4
6970,0,0.012323050736516815,0.0,0.0,1
6972,0,0.02468854657125873,0.0,0.05,2
6973,0,0.00741807195075107,0.0,0.0,5
6974,0,0.008587665424314604,0.0,0.01,5
6975,0,0.026280215478604856,0.0,0.03,3
6976,0,0.008814089583005646,0.0,0.0,1
6977,0,0.11768191145215963,0.0,0.05,4
6978,0,0.04941258569357952,0.0,0.0,5
6980,0,0.03309914982604239,0.0,0.0,4
6982,0,0.009828643720760387,0.0,0.0,4
6983,0,0.03851392240711411,0.0,0.01,3
6984,0,0.0010173180545480975,0.0,0.0,4
6985,0,0.0006617502785043935,0.0,0.0,2
6987,0,0.23635354506613837,0.0,0.1,4
6988,0,0.04757124523144116,0.0,0.0,4
6989,0,0.005733245840503135,0.0,0.0,4
6990,1,0.2861931720283315,0.0,0.02,1
6991,0,0.0020661679976816654,0.0,0.0,2
6992,0,0.014903025053225221,0.0,0.0,2
6993,0,0.0022314169116471856,0.0,0.0,3
6994,0,0.11066207644697976,0.0,0.0,5
6995,0,0.008667431603016541,0.0,0.02,1
6996,0,0.004187077434002116,0.0,0.0,3
6997,0,0.011819573117673635,0.0,0.0,4
6998,0,0.007002102940887062,0.0,0.0,1
6999,0,0.0026551226002765336,0.0,0.0,3
7001,0,0.02458621725272599,0.0,0.0,4
7002,0,0.031231728350746408,0.0,0.02,3
7003,0,0.16826897258126772,1.0,0.08,2
7004,0,0.015830177152117347,0.0,0.05,4
7005,0,0.00511588028453734,0.0,0.0,3
7006,0,0.00030002991440870684,0.0,0.0,2
7007,0,0.0066612581423418195,0.0,0.0,5
7008,0,0.005097762022219788,0.0,0.01,3
7012,0,0.07733755484176928,0.0,0.11,4
7013,0,0.0008166274739222191,0.0,0.0,2
7014,0,0.0035917971231549826,0.0,0.01,3
7018,0,0.0026157371993947407,0.0,0.01,1
7019,0,0.0011203418774344974,0.0,0.0,3
7020,0,0.07748306057903168,0.0,0.02,2
7021,0,0.0008404367962393183,0.0,0.0,2
7022,0,0.0010096897160783965,0.0,0.0,2
7023,0,0.003262140537478262,0.0,0.0,2
7024,0,0.009679453615415112,0.0,0.0,5
7025,0,0.00393474739940171,0.0,0.0,3
7026,0,0.005300582603763962,0.0,0.03,1
7028,0,0.012950692269918202,0.0,0.0,3
7029,0,0.0019518255909362406,0.0,0.0,3
7030,0,0.003083219868375877,0.0,0.0,4
7031,0,0.0364943185316342,0.0,0.03,2
7032,0,0.003748331043258801,0.0,0.0,2
7033,0,0.010286703734193435,0.0,0.0,4
7034,0,0.0017297088027369923,0.0,0.0,4
7035,0,0.002830022070208229,0.0,0.0,5
7036,0,0.19371796135394,0.0,0.0,5
7037,0,0.005057214848444048,0.0,0.0,5
7038,0,0.006038815661489885,0.0,0.0,2
7039,0,0.001208629377977731,0.0,0.0,4
7040,0,0.004708966879124137,0.0,0.0,2
7042,0,0.0017972770410570012,0.0,0.0,2
7043,0,0.003895420470897586,0.0,0.0,2
7044,0,0.0014675496271641254,0.0,0.0,5
7047,0,0.004967938986639734,0.0,0.0,3
7048,0,0.009515245897887077,0.0,0.0,3
7049,0,0.052820991773706666,0.0,0.0,5
7050,0,0.04121357733373381,0.0,0.01,2
7052,0,0.013076958059958066,0.0,0.0,3
7053,0,0.008668286529094727,0.0,0.0,3
7054,0,0.006540213108668215,0.0,0.0,4
7057,0,0.027998845268107832,0.0,0.0,1
7058,0,0.06659214238669742,0.0,0.0,3
7059,0,0.010216999122291162,0.0,0.0,3
7060,0,0.0018734508771767802,0.0,0.0,5
7061,0,0.09659971144065753,0.0,0.0,1
7063,0,0.01945947284729676,0.0,0.11,5
7064,0,0.005295032515814786,0.0,0.01,4
7065,0,0.12494434830000553,0.0,0.01,2
7067,0,0.005282742739954298,0.0,0.01,5
7068,0,0.02121740006835648,0.0,0.0,3
7069,0,0.017171594721684315,0.0,0.0,2
7070,0,0.440003433922803,0.0,0.14,2
7071,0,0.012762090669996156,0.0,0.0,5
7072,0,0.008228543312151487,0.0,0.0,4
7073,0,0.038524390754233105,0.0,0.01,4
7074,0,0.008445402409779451,0.0,0.0,2
7075,0,0.19649923856240856,0.0,0.0,1
7076,0,0.021223056506404183,0.0,0.0,3
7077,0,0.003329537417471092,0.0,0.0,3
7079,0,0.01788293177887517,0.0,0.0,5
7081,0,0.15804473745823766,0.0,0.38,5
7082,0,0.017988716563089462,0.0,0.02,4
7083,1,0.7947798019685028,1.0,0.78,1
7084,0,0.010748431863013937,0.0,0.01,3
7085,0,0.02920436426313705,0.0,0.0,2
7088,0,0.0006234958611904379,0.0,0.0,2
7089,0,0.0020117787883284386,0.0,0.0,1
7091,0,0.007759676010541504,0.0,0.08,4
7092,0,0.0010865631269305815,0.0,0.0,4
7095,0,0.04282709965214039,0.0,0.01,4
7096,0,0.02143449566727831,0.0,0.0,1
7097,0,0.002877771686615956,0.0,0.03,4
7098,0,0.0020638569590250254,0.0,0.0,5
7099,0,0.00154562638924026,0.0,0.08,2
7101,0,0.0015874011576101892,0.0,0.0,2
7102,0,0.004057577003239589,0.0,0.0,5
7103,0,0.0032133608542551243,0.0,0.0,5
7104,0,0.006896469797909959,0.0,0.0,4
7105,0,0.001505872187768926,0.0,0.0,1
7106,0,0.002324119381451592,0.0,0.0,5
7107,0,0.003780493271060677,0.0,0.0,3
7108,0,0.0009893018006133986,0.0,0.0,5
7109,0,0.01638952761239922,0.0,0.0,1
7110,0,0.0012635285955224754,0.0,0.0,1
7111,0,0.0014546700513183481,0.0,0.0,2
7112,0,0.015383099881834344,0.0,0.0,2
7113,0,0.0015099062456886518,0.0,0.0,5
7116,0,0.0034714750943982556,0.0,0.0,1
7117,0,0.012970197367133013,0.0,0.0,5
7118,0,0.004687154962004987,0.0,0.0,1
7119,0,0.005413927584794298,0.0,0.07,2
7120,0,0.07477244447867808,0.0,0.02,4
7121,0,0.004077886722807774,0.0,0.01,4
7122,0,0.008063359154291034,0.0,0.0,4
7123,0,0.012506093781199252,0.0,0.0,2
7124,0,0.00420770817029008,0.0,0.01,3
7125,0,0.04987168222322121,0.0,0.02,3
7126,0,0.0015124159381016166,0.0,0.0,3
7127,0,0.16325075153930857,0.0,0.1,2
7128,0,0.00404668707058741,0.0,0.0,2
7129,0,0.0034168077733408744,0.0,0.0,3
7130,0,0.04670759248819458,0.0,0.05,2
7131,0,0.007832469338430922,0.0,0.0,2
7132,0,0.03589597456710604,0.0,0.0,5
7134,0,0.0346135447178515,0.0,0.03,3
7135,0,0.058211427352714125,0.0,0.0,4
7136,0,0.46244150917456117,0.0,0.34,3
7137,0,0.008608902276715723,0.0,0.0,3
7138,0,0.018894728048052138,0.0,0.05,5
7139,0,0.02040585863663667,0.0,0.0,3
7140,0,0.02294401115582327,0.0,0.0,1
7141,0,0.005506544265618778,0.0,0.02,4
7142,0,0.00449988601040165,0.0,0.0,4
7143,0,0.0011775310459376076,0.0,0.0,4
7145,0,0.01822466836096648,0.0,0.0,2
7146,0,0.002037763053738228,0.0,0.0,1
7147,0,0.015408261271308267,0.0,0.0,5
7148,0,0.04626663294739993,0.0,0.0,3
7149,0,0.030522638221638875,0.0,0.0,1
7150,0,0.06408127447827573,0.0,0.0,5
7151,0,0.006187449145946353,0.0,0.0,2
7152,0,0.01502341818202255,0.0,0.0,1
7153,0,0.10012145475773059,0.0,0.0,3
7155,0,0.0020907650476566187,0.0,0.0,3
7156,0,0.005822772270234374,0.0,0.04,1
7157,0,0.015345069832069791,0.0,0.0,3
7158,0,0.18547466889626907,0.0,0.01,3
7159,0,0.03128205071810004,0.0,0.0,4
7160,0,0.010893579319345629,0.0,0.0,3
7161,0,0.019690831972302255,0.0,0.0,4
7164,0,0.025003138267593712,0.0,0.0,4
7165,0,0.05831747868477663,0.0,0.0,1
7166,0,0.024354420227961186,0.0,0.01,5
7167,1,0.5619161417706631,1.0,0.73,3
7168,0,0.0008865484325949808,0.0,0.0,5
7170,0,0.0005620380323152905,0.0,0.0,5
7171,0,0.01380520873744699,0.0,0.0,4
7172,0,0.0024156048767462602,0.0,0.0,5
7178,0,0.0005840508739025366,0.0,0.0,3
7179,0,0.007182256105974292,0.0,0.0,4
7181,0,0.009095384199494856,0.0,0.01,2
7182,0,0.006823163918043456,0.0,0.07,3
7183,0,0.022843807148306694,0.0,0.0,5
7184,0,0.0015014871267522308,0.0,0.0,2
7185,0,0.0011904991888274943,0.0,0.0,4
7186,0,0.0009100332291807922,0.0,0.0,4
7188,0,0.024532581398954853,0.0,0.06,3
7189,0,0.015059312649166543,0.0,0.0,1
7190,0,0.0030440171259021576,0.0,0.01,5
7191,0,0.0024789337780114946,0.0,0.0,3
7193,0,0.24836947595999415,0.0,0.22,4
7194,0,0.02588385592661541,0.0,0.0,5
7195,0,0.014772491614199827,0.0,0.0,4
7196,0,0.0020782892883209523,0.0,0.0,1
7197,0,0.004978139298266794,0.0,0.0,3
7198,0,0.0009046763706443523,0.0,0.0,1
7200,0,0.002252350790211619,0.0,0.0,2
7201,0,0.003958643455126529,0.0,0.0,2
7202,0,0.22829122199707605,0.0,0.06,1
7203,0,0.01357061077732011,0.0,0.0,4
7204,0,0.012912491191896518,0.0,0.0,4
7205,0,0.0034532520857093996,0.0,0.0,3
7207,0,0.0010291119596410596,0.0,0.0,3
7208,0,0.0033890327882598716,0.0,0.02,1
7209,0,0.005550992666806523,0.0,0.0,4
7210,0,0.00890888423705061,0.0,0.0,3
7211,0,0.002763735341224932,0.0,0.0,3
7212,0,0.00184073340900121,0.0,0.0,4
7213,0,0.007078404355719667,0.0,0.0,1
7214,0,0.022603789649863155,0.0,0.0,1
7215,0,0.040860804092712436,0.0,0.0,5
7216,0,0.0010614549985557009,0.0,0.0,1
7217,0,0.003944012305893961,0.0,0.01,1
7221,0,0.03303030794929228,0.0,0.0,3
7222,0,0.23670629006466476,0.0,0.02,2
7224,0,0.0030927690404214856,0.0,0.01,4
7227,0,0.004246169464176288,0.0,0.01,4
7228,0,0.00648536130494578,0.0,0.0,4
7229,0,0.030640880315000955,0.0,0.02,4
7232,0,0.06048393407145759,0.0,0.0,3
7233,0,0.03063646425407879,0.0,0.0,5
7234,0,0.019215874188938026,0.0,0.02,3
7235,0,0.0923581324138267,0.0,0.06,5
7236,0,0.002030428891287782,0.0,0.0,2
7237,0,0.0058222390105468515,0.0,0.0,3
7238,0,0.0379519208043923,0.0,0.0,4
7239,0,0.03973647424495062,0.0,0.0,1
7240,0,0.1358324191038136,0.0,0.09,5
7241,0,0.014525479257228665,0.0,0.0,5
7243,0,0.06127639334417581,0.0,0.0,5
7244,0,0.008058181195244079,0.0,0.0,3
7245,0,0.0028960396768887976,0.0,0.01,3
7246,0,0.0065328805022268534,0.0,0.0,5
7247,0,0.057860840799820235,0.0,0.11,5
7249,0,0.02246609722342329,0.0,0.0,3
7250,0,0.010779758651181344,0.0,0.0,5
7251,0,0.0074190758737014886,0.0,0.03,2
7254,0,0.011624427972597674,0.0,0.05,5
7255,0,0.008770676364998786,0.0,0.04,1
7256,0,0.0006834705272588285,0.0,0.0,1
7257,0,0.0029221505752550065,0.0,0.0,5
7258,0,0.0007536759092092756,0.0,0.0,4
7259,0,0.002291407275000651,0.0,0.0,3
7260,0,0.05151553738128524,0.0,0.02,2
7261,0,0.0012677138186823426,0.0,0.0,1
7264,0,0.002601855062960255,0.0,0.0,5
7265,0,0.006186531651032222,0.0,0.01,1
7266,0,0.0008499018622619734,0.0,0.0,1
7267,0,0.0006623534418699754,0.0,0.01,1
7269,0,0.00040832238737228364,0.0,0.0,1
7271,0,0.001948620825763243,0.0,0.0,3
7272,0,0.019133491475859785,0.0,0.06,1
7273,0,0.0008857143094469707,0.0,0.0,1
7274,0,0.0008423536146743717,0.0,0.0,1
7275,0,0.0026258970220250084,0.0,0.01,1
7276,0,0.003202025018482692,0.0,0.0,3
7277,0,0.1055705847334668,0.0,0.01,4
7279,0,0.003197698544459242,0.0,0.0,1
7280,1,0.43903371064889585,1.0,0.75,1
7281,0,0.001327975345294699,0.0,0.0,5
7282,0,0.0012783813568294088,0.0,0.0,4
7283,0,0.13556311676831198,1.0,0.16,1
7284,0,0.03760665565808079,0.0,0.0,4
7286,0,0.000728492181867697,0.0,0.0,3
7289,0,0.07102063306541877,0.0,0.0,5
7290,0,0.0017324815468552617,0.0,0.0,5
7291,0,0.010951935556297532,0.0,0.0,1
7294,0,0.00164861435871838,0.0,0.0,3
7295,0,0.044475449387123916,0.0,0.0,3
7296,0,0.0009376649381286908,0.0,0.0,4
7298,0,0.0022024837228111736,0.0,0.0,3
7299,0,0.08446315271181715,0.0,0.0,3
7300,0,0.004333383633243197,0.0,0.0,2
7301,0,0.009623206749360774,0.0,0.0,4
7302,0,0.015580602455747612,0.0,0.0,2
7303,0,0.005397390931389744,0.0,0.01,2
7304,0,0.005307344913805934,0.0,0.0,3
7306,0,0.006235803223635022,0.0,0.01,4
7307,0,0.027173518146041135,0.0,0.0,1
7308,0,0.013129324006914276,0.0,0.0,1
7311,0,0.0018404287530124851,0.0,0.0,4
7314,0,0.02342343478944523,0.0,0.01,1
7315,0,0.07679045183129998,0.0,0.0,3
7316,0,0.045844815288454126,0.0,0.0,5
7317,0,0.0020298529990289255,0.0,0.0,5
7319,0,0.006826997769695297,0.0,0.0,5
7320,0,0.02767216104970629,0.0,0.0,5
7321,0,0.010863100262531962,0.0,0.02,3
7322,0,0.002396853118935753,0.0,0.0,1
7323,0,0.04779725614233939,0.0,0.0,5
7325,0,0.020042453056814118,0.0,0.0,3
7327,0,0.013344049798435353,0.0,0.0,1
7328,0,0.028351588742876136,0.0,0.0,1
7329,0,0.0037501000921338016,0.0,0.0,2
7330,0,0.004919876409702291,0.0,0.0,5
7331,0,0.003281941513065459,0.0,0.0,2
7332,0,0.003271915690639566,0.0,0.0,5
7333,0,0.07488034186954394,0.0,0.11,5
7334,0,0.008753777138163782,0.0,0.0,4
7336,0,0.026160801281416676,0.0,0.03,2
7337,0,0.003422727474622256,0.0,0.03,4
7338,0,0.010115068170081749,0.0,0.04,3
7341,0,0.0006103298658907739,0.0,0.0,2
7343,0,0.007827252146592117,0.0,0.0,1
7344,0,0.004766668709562976,0.0,0.0,3
7346,0,0.006156638356491637,0.0,0.0,2
7347,0,0.0027566846898584045,0.0,0.0,4
7348,0,0.0005569627335600957,0.0,0.0,3
7349,0,0.0033361382047834075,0.0,0.0,4
7350,0,0.0009648682008306414,0.0,0.0,5
7351,0,0.0028929452005269423,0.0,0.0,1
7353,0,0.0009733562811245543,0.0,0.0,2
7354,0,0.004066673337533018,0.0,0.01,4
7355,0,0.000834496289002222,0.0,0.0,3
7356,0,0.0053464958408427675,0.0,0.03,3
7357,0,0.004406008518236888,0.0,0.0,4
7358,0,0.0006729477427675714,0.0,0.0,2
7359,0,0.003288884499953728,0.0,0.0,1
7360,0,0.0017210831420565189,0.0,0.0,4
7361,0,0.0014517173581230676,0.0,0.0,5
7363,0,0.00947554268371084,0.0,0.0,2
7364,0,0.019191809570290087,0.0,0.0,3
7365,0,0.005550203637106971,0.0,0.03,2
7367,0,0.08912383211350987,0.0,0.09,5
7368,0,0.00039506145465094357,0.0,0.0,2
7369,0,0.0006028766432890107,0.0,0.0,4
7370,0,0.006158083614912138,0.0,0.0,2
7371,0,0.009571533242300222,0.0,0.0,2
7372,0,0.004386846900641429,0.0,0.0,2
7374,0,0.015493279956702173,0.0,0.0,4
7375,0,0.00531597766775328,0.0,0.0,5
7376,0,0.0073820548993615695,0.0,0.0,1
7377,0,0.022372139641073124,0.0,0.0,1
7378,0,0.030073712967153266,0.0,0.0,2
7379,0,0.005328078736762378,0.0,0.0,2
7380,0,0.0010718924049615398,0.0,0.0,1
7383,0,0.0030408109065227767,0.0,0.0,2
7386,0,0.000646038870404924,0.0,0.0,5
7387,0,0.002142609504501863,0.0,0.0,4
7388,0,0.0022925961827064962,0.0,0.0,1
7389,0,0.0057460592568056015,0.0,0.0,3
7390,0,0.0036868176413258165,0.0,0.0,2
7391,0,0.0028033308157705164,0.0,0.0,2
7392,0,0.002203878862285496,0.0,0.0,3
7393,0,0.0025024321147827165,0.0,0.0,3
7394,0,0.002146593141640715,0.0,0.0,2
7396,0,0.004943528424445904,0.0,0.0,5
7399,0,0.007178427481175698,0.0,0.0,4
7401,0,0.048991442180537186,0.0,0.0,5
7403,0,0.017140420211002295,0.0,0.01,1
7405,0,0.0015493564895248987,0.0,0.0,2
7406,0,0.012282308745849858,0.0,0.0,4
7410,0,0.003847481792033139,0.0,0.01,3
7411,0,0.026085061536628044,0.0,0.0,5
7412,0,0.006518631874849042,0.0,0.0,3
7413,0,0.005219641919221139,0.0,0.0,3
7414,0,0.005303129988545023,0.0,0.0,2
7415,0,0.005683774091859857,0.0,0.0,3
7416,0,0.005208555109468613,0.0,0.0,4
7417,0,0.006530473243443785,0.0,0.0,1
7418,0,0.00217692204249347,0.0,0.0,3
7419,0,0.007473026015227388,0.0,0.0,1
7420,0,0.015386114806060664,0.0,0.0,5
7422,0,0.005495454320835646,0.0,0.15,3
7425,0,0.0018087398443824472,0.0,0.18,4
7426,1,0.002718437050196257,0.0,0.05,1
7427,0,0.0003068873965343804,0.0,0.0,5
7428,0,0.00027930287819072467,0.0,0.0,2
7429,0,0.0004256355713956715,0.0,0.0,4
7430,0,0.0006945548958580062,0.0,0.0,4
7432,0,0.0019227450455570737,0.0,0.0,4
7433,0,0.0004162416206089929,0.0,0.0,2
7434,0,0.0006150270964801957,0.0,0.0,1
7436,0,0.0010734854865543902,0.0,0.0,2
7437,0,0.0006350460679369281,0.0,0.0,5
7438,0,0.00013691277725805958,0.0,0.01,3
7439,0,0.0012855199290779842,0.0,0.0,5
7440,0,0.0003059069736646701,0.0,0.0,5
7443,0,0.0005903401092015962,0.0,0.0,4
7444,0,0.00648458639180342,0.0,0.03,2
7445,0,0.003155878354156654,0.0,0.0,4
7446,0,0.005143997492760714,0.0,0.02,3
7447,0,0.0004023590782075081,0.0,0.0,5
7449,0,0.0022860065065449624,0.0,0.0,3
7450,0,0.0009266929608284365,0.0,0.0,5
7451,0,0.0030841677301592673,0.0,0.0,5
7453,0,0.0029444738396113552,0.0,0.0,2
7454,0,0.005740319561693876,0.0,0.0,5
7455,0,0.0023615014584997145,0.0,0.0,5
7456,0,0.004546533114409409,0.0,0.0,4
7457,0,0.0009692066827980448,0.0,0.0,1
7458,0,0.010461833356075869,0.0,0.0,5
7460,0,0.0013214868617603304,0.0,0.0,3
7461,0,0.001104196595849146,0.0,0.01,3
7462,0,0.0013606501191768545,0.0,0.0,3
7464,0,0.006372939456512782,0.0,0.0,3
7465,0,0.011167818300277391,0.0,0.0,3
7466,0,0.0004614868859741681,0.0,0.0,5
7467,0,0.0013422661959599034,0.0,0.0,2
7469,0,0.0017271423618821725,0.0,0.0,4
7471,0,0.022382427506635143,0.0,0.01,3
7472,0,0.0008624855755837249,0.0,0.0,3
7473,0,0.08231686996627272,0.0,0.07,4
7475,0,0.012185998343601135,0.0,0.0,5
7477,0,0.0033443509556968388,0.0,0.0,2
7478,0,0.002734400511680257,0.0,0.0,5
7479,0,0.0007045412505021452,0.0,0.0,1
7481,0,0.000576258500554526,0.0,0.0,4
7482,0,0.022689710959987727,0.0,0.0,3
7483,0,0.0014618355263750467,0.0,0.0,4
7484,0,0.013007080508914469,0.0,0.0,1
7485,0,0.009835776078910539,0.0,0.0,5
7486,0,0.0022632376575074777,0.0,0.0,5
7487,0,0.008763498298937883,0.0,0.0,2
7488,0,0.021407177076626933,0.0,0.0,1
7489,0,0.0020056840310721242,0.0,0.0,1
7491,0,0.07790657747665374,0.0,0.14,4
7493,0,0.11297501759122909,0.0,0.02,4
7494,0,0.021251783750607853,0.0,0.0,4
7495,0,0.0035189286486759373,0.0,0.0,5
7496,0,0.012197420498358749,0.0,0.0,5
7497,0,0.011774701621787568,0.0,0.04,1
7500,0,0.048667920237518536,0.0,0.07,1
7501,0,0.0026592819980683605,0.0,0.0,5
7503,0,0.0012159070276328502,0.0,0.01,3
7504,0,0.03981663662694335,0.0,0.02,2
7506,0,0.015973857219396752,1.0,0.09,5
7507,0,0.00662760705006714,0.0,0.1,1
7508,0,0.00253891985406634,0.0,0.23,3
7509,1,0.3966145009891113,1.0,0.83,3
7510,1,0.010312923956381953,0.0,0.13,2
7511,0,0.0006776143388972673,0.0,0.0,5
7512,0,0.0005247005641011853,0.0,0.0,4
7513,0,0.0040335001904295556,0.0,0.02,2
7514,0,0.00042476035653895504,0.0,0.0,2
7515,0,0.009873054741388297,0.0,0.05,4
7516,0,0.0029719811235002142,0.0,0.02,4
7517,0,0.0029871558477842846,0.0,0.0,5
7519,0,0.0012949850667004117,0.0,0.0,2
7520,0,0.0003557347915982802,0.0,0.0,2
7521,0,0.0004251252587618678,0.0,0.0,3
7522,0,0.006561520525805593,0.0,0.0,1
7523,0,0.0005001452458235906,0.0,0.01,3
7524,0,0.0004932534717850308,0.0,0.0,1
7528,0,0.0003362536418985998,0.0,0.0,5
7529,0,0.0002649735751491621,0.0,0.0,5
7530,0,0.002349434933628891,0.0,0.02,3
7532,0,0.0003972592806406344,0.0,0.0,3
7533,0,0.001064882837266399,0.0,0.0,4
7534,0,0.004420736125865712,0.0,0.0,5
7535,0,0.0008565476764643545,0.0,0.0,4
7536,1,0.11209097279992894,1.0,0.66,5
7537,0,0.13053111185307195,0.0,0.16,1
7538,0,0.00038487723861768284,0.0,0.0,3
7539,0,0.0008374711216775528,0.0,0.0,1
7541,0,0.0023924627756834603,0.0,0.0,2
7542,0,0.005948084292450868,0.0,0.0,4
7543,0,0.004327926626433787,0.0,0.0,3
7544,0,0.0027691529133950926,0.0,0.0,3
7545,0,0.001478438363881543,0.0,0.0,3
7546,0,0.0014086712396720411,0.0,0.0,2
7547,0,0.00148809709170787,0.0,0.0,1
7548,0,0.0060494682903445415,0.0,0.0,3
7549,0,0.00670923980700294,0.0,0.0,3
7550,0,0.0006355491086862666,0.0,0.0,3
7551,0,0.0008282944462958551,0.0,0.0,2
7552,0,0.00523827145934483,0.0,0.0,2
7554,0,0.007824773646911337,0.0,0.03,5
7555,0,0.12047799885470169,0.0,0.04,1
7556,0,0.0012460474119002237,0.0,0.0,1
7558,0,0.005211195530270124,0.0,0.0,4
7559,0,0.04016009164434875,0.0,0.01,5
7560,0,0.03150001839985389,0.0,0.03,2
7562,0,0.10115100412703469,0.0,0.04,2
7563,0,0.0014052165205589921,0.0,0.01,3
7564,1,0.3947540973300449,0.0,0.45,1
7565,0,0.0015870355142645408,0.0,0.0,1
7566,0,0.00551965228025959,0.0,0.0,4
7567,0,0.05236147912828202,0.0,0.06,1
7569,1,0.7252982864106517,1.0,0.74,3
7570,0,0.0029210998750126014,0.0,0.0,3
7571,0,0.001803746728723014,0.0,0.0,3
7572,0,0.00228719447715325,0.0,0.0,5
7575,0,0.033205809820594075,0.0,0.0,1
7577,0,0.001216272009736362,0.0,0.0,3
7578,0,0.002989365304071813,0.0,0.0,4
7579,0,0.2794708022510486,0.0,0.03,5
7581,0,0.0761787603874332,0.0,0.0,4
7582,0,0.01780276255146751,0.0,0.0,2
7584,0,0.003464920598544586,0.0,0.0,2
7585,0,0.06283190017102092,0.0,0.03,5
7586,0,0.009166771516867947,0.0,0.0,5
7587,0,0.1684814354239905,0.0,0.02,3
7588,0,0.015826089284992507,0.0,0.01,2
7589,0,0.00841545373181488,0.0,0.0,5
7590,0,0.022306175804210137,0.0,0.01,2
7591,1,0.21114884065790707,1.0,0.14,1
7592,0,0.006565118386302989,1.0,0.09,5
7593,1,0.6887758016103193,1.0,0.87,3
7594,0,0.0011028489086329682,0.0,0.0,1
7595,0,0.0008027461345651741,0.0,0.02,3
7596,0,0.0010855929697783746,0.0,0.0,1
7597,0,0.0025543675432212797,0.0,0.0,3
7598,0,0.0029360475882520116,0.0,0.0,4
7599,0,0.001040606317385751,0.0,0.0,2
7600,0,0.0008106838440367836,0.0,0.0,4
7601,0,0.08043430062181094,0.0,0.08,1
7604,0,0.0012941255815308594,0.0,0.0,5
7606,0,0.01673277842323405,0.0,0.03,2
7607,0,0.0009762564017037211,0.0,0.0,4
7608,0,0.0001916416715332693,0.0,0.01,3
7609,0,0.002429771163550118,0.0,0.0,2
7610,0,0.002733763931912235,0.0,0.0,1
7611,0,0.0009429790022314621,0.0,0.0,4
7612,0,0.0006069085614796687,0.0,0.0,4
7613,0,0.007401380370643936,0.0,0.0,3
7614,0,0.007084770627370211,0.0,0.01,4
7615,0,0.007086231226050744,0.0,0.0,4
7616,0,0.0010550860679910561,0.0,0.0,2
7618,0,0.0032683649229172888,0.0,0.0,1
7619,0,0.009011716608251338,0.0,0.0,1
7620,0,0.004764830665218205,0.0,0.0,2
7622,0,8.39748388809639e-05,0.0,0.01,3
7623,0,0.002085188822925994,0.0,0.0,4
7624,0,0.010804155430418103,0.0,0.0,2
7625,0,0.0010074898078026148,0.0,0.0,2
7626,0,0.005608986197243941,0.0,0.0,4
7627,0,0.0046538208835588905,0.0,0.0,4
7628,0,0.0011307698141214126,0.0,0.0,5
7629,0,0.06007351636641728,0.0,0.11,1
7631,0,0.016454634945499223,0.0,0.01,5
7632,0,0.0011076243935239443,0.0,0.0,2
7633,0,0.0047028329790633925,0.0,0.0,3
7635,0,0.0027864209908514607,0.0,0.0,4
7636,0,0.001943014701901029,0.0,0.0,1
7637,0,0.016852297623431968,0.0,0.0,4
7638,0,0.007393251441637535,0.0,0.0,4
7639,0,0.004502691964374805,0.0,0.0,4
7640,0,0.003388982435839855,0.0,0.0,2
7643,0,0.010705076393266729,0.0,0.0,4
7644,0,0.006514682233959519,0.0,0.0,4
7645,0,0.0014106968713873715,0.0,0.0,2
7646,0,0.007286343443387913,0.0,0.01,2
7647,0,0.006572032941306093,0.0,0.0,1
7649,0,0.0008231234554206714,0.0,0.0,3
7650,0,0.08649624996695163,0.0,0.0,4
7652,0,0.01944004764578289,0.0,0.02,2
7653,0,0.01738978883924094,0.0,0.0,1
7654,0,0.0066089103001245545,0.0,0.0,4
7655,0,0.002232509853135622,0.0,0.0,4
7656,0,0.06731382238607542,0.0,0.0,4
7657,0,0.0022779053468078144,0.0,0.02,3
7658,0,0.048601371769533976,0.0,0.01,3
7660,0,0.008864264519778975,0.0,0.03,2
7661,0,0.0020789928370778307,0.0,0.0,4
7663,0,0.09752737276072426,0.0,0.01,5
7664,0,0.03576205667112453,0.0,0.0,2
7665,0,0.008647812528929613,0.0,0.0,5
7666,0,0.036228158930149086,0.0,0.0,1
7667,0,0.029939260417126683,0.0,0.0,4
7668,0,0.005412839841281401,0.0,0.01,3
7669,1,0.17139604335079917,1.0,0.39,5
7670,0,0.005949095995932371,0.0,0.0,4
7671,0,0.07789286482294766,0.0,0.0,2
7672,0,0.014053862217822264,0.0,0.06,5
7673,0,0.004050272851796576,0.0,0.0,5
7674,0,0.07908116504079907,0.0,0.0,3
7675,0,0.02534259345980532,0.0,0.03,3
7676,0,0.06864908756021197,0.0,0.07,1
7678,0,0.05586991178754285,0.0,0.19,5
7679,0,0.006975032204655635,0.0,0.05,4
7681,0,0.01615909698934433,0.0,0.07,4
7683,0,0.04606611258547342,0.0,0.09,5
7685,0,0.014598646042940392,0.0,0.53,1
7686,0,0.00484216131054914,0.0,0.22,5
7687,1,0.023395359194940724,0.0,0.32,1
7688,0,0.001336529977378213,0.0,0.0,5
7689,0,0.0004011380974979727,0.0,0.02,4
7690,0,0.0005600241764417469,0.0,0.0,4
7691,0,0.010919466991861313,0.0,0.04,3
7692,0,0.00014964584448517887,0.0,0.0,4
7694,0,0.00024500201721584347,0.0,0.0,5
7695,0,0.007709804602253604,0.0,0.0,1
7696,0,0.009729540316995295,0.0,0.01,4
7698,0,0.0004417679667106449,0.0,0.01,1
7699,0,0.0005918924019700001,0.0,0.0,1
7700,0,0.07048049524100986,0.0,0.12,5
7703,0,0.0006347609078033339,0.0,0.0,1
7704,0,0.000531610407157047,0.0,0.0,4
7705,0,0.0029133792090136096,0.0,0.01,3
7706,0,0.0016846794914783273,0.0,0.0,2
7707,0,0.00019971382038655547,0.0,0.0,4
7708,0,0.003120481217988644,0.0,0.0,4
7709,0,0.0016076246073063465,0.0,0.0,3
7710,0,0.00941440981880872,0.0,0.0,1
7713,0,0.002675798323250594,0.0,0.01,5
7715,0,0.003333905839094418,0.0,0.02,3
7716,0,0.0038098892031662784,0.0,0.04,5
7718,0,0.002218950487064759,0.0,0.0,1
7719,0,0.00039152085845560675,0.0,0.01,1
7720,0,0.0020016805890727234,0.0,0.0,3
7721,0,0.0023056292426159863,0.0,0.0,3
7722,0,0.05950552288643454,0.0,0.0,2
7723,0,0.002831603791945217,0.0,0.0,2
7724,0,0.0019024894307071106,0.0,0.0,2
7725,0,0.0015925441722399066,0.0,0.0,1
7726,0,0.0019647854498032634,0.0,0.01,3
7727,0,0.0010200762584807743,0.0,0.0,1
7728,0,0.010156365462929223,0.0,0.01,4
7729,0,0.05998975648457855,0.0,0.1,3
7731,0,0.0004714221955836826,0.0,0.0,2
7732,0,0.0035782361911354606,0.0,0.0,1
7733,0,0.003950795651588973,0.0,0.0,1
7734,0,0.0014613243242207865,0.0,0.01,4
7735,0,0.07037155231692642,0.0,0.01,5
7737,0,0.0018930358231107585,0.0,0.0,4
7738,0,0.04262220787848806,0.0,0.06,1
7740,0,0.010590713416386711,0.0,0.0,2
7741,0,0.0025587650735541152,0.0,0.01,4
7743,0,0.002141021727448904,0.0,0.0,5
7744,0,0.12462330102353084,0.0,0.01,3
7745,0,0.0031652598330627335,0.0,0.0,5
7746,0,0.01872435994971389,0.0,0.0,2
7747,0,0.03155173725584601,0.0,0.02,1
7749,0,0.006817316197522669,0.0,0.0,3
7750,0,0.0645718920735851,0.0,0.01,5
7751,0,0.0022933860936186043,0.0,0.02,4
7752,0,0.0023477611880017486,0.0,0.02,1
7753,0,0.01918270651678359,0.0,0.0,1
7754,0,0.0037507936831907792,0.0,0.0,2
7755,0,0.00803964702782576,0.0,0.06,5
7756,1,0.18418810084402185,1.0,0.45,1
7757,0,0.002470093023280912,0.0,0.0,5
7758,0,0.0051410424430056905,0.0,0.02,4
7759,1,0.0892524236244913,1.0,0.6,4
7760,0,0.0008859897969663195,0.0,0.03,3
7761,0,0.002856739887056936,0.0,0.01,4
7762,0,0.0004404957150424949,0.0,0.0,1
7763,1,0.33351907667936065,0.0,0.7,1
7764,0,0.0006897165387973954,0.0,0.0,4
7765,0,0.010460720565033667,0.0,0.01,4
7766,0,0.0036927104570432094,0.0,0.03,3
7767,0,0.00363472196477885,0.0,0.03,5
7768,0,0.0005455405017719245,0.0,0.0,3
7770,0,0.00020955250833781054,0.0,0.0,2
7771,0,0.0006535730176272832,0.0,0.0,1
7772,0,0.0005769442880863506,0.0,0.0,1
7773,0,0.0003496014665958588,0.0,0.0,2
7774,0,0.0007247621293357152,0.0,0.0,4
7776,0,0.0035519573332520645,0.0,0.01,2
7777,0,0.00022306946697273322,0.0,0.0,5
7778,0,0.0011464195763209388,0.0,0.0,3
7780,0,0.0005081886629103453,0.0,0.0,5
7781,0,0.0015158224901438801,0.0,0.0,5
7783,0,0.0004570819965929391,0.0,0.0,5
7784,0,0.10299533276574761,0.0,0.15,5
7788,0,0.0022062465943578813,0.0,0.0,4
7789,0,0.001180258664053172,0.0,0.0,1
7791,0,0.00547427378602186,0.0,0.0,3
7792,0,0.0009921670903065374,0.0,0.0,3
7793,0,0.0009862350576578223,0.0,0.0,3
7794,0,0.028896095115059885,0.0,0.0,4
7795,0,0.00036800223120685344,0.0,0.0,2
7796,0,0.03511686725034617,0.0,0.0,3
7797,0,0.0011951014218467444,0.0,0.0,5
7798,0,0.003040839142494777,0.0,0.0,4
7799,0,0.0010294797809133158,0.0,0.03,1
7800,0,0.0023872375600392684,0.0,0.0,5
7801,0,0.008953728508789859,0.0,0.0,1
7802,0,0.13881092159426103,0.0,0.09,3
7803,0,0.0023026661243840565,0.0,0.0,3
7804,0,0.005038630819634529,0.0,0.0,2
7806,0,0.00523133336966632,0.0,0.0,1
7808,0,0.004829968204825883,0.0,0.0,1
7810,0,0.015392557837758463,0.0,0.0,5
7811,0,0.0010599001394291045,0.0,0.0,1
7812,0,0.002135695732049311,0.0,0.0,3
7813,0,0.0033172326519450034,0.0,0.0,1
7816,0,0.0019514849121053616,0.0,0.0,1
7817,0,0.0009692426983938407,0.0,0.0,1
7818,0,0.009066054765326105,0.0,0.03,3
7819,0,0.004951241359387009,0.0,0.02,4
7820,0,0.0014203042098416229,0.0,0.0,5
7821,0,0.001950777242881045,0.0,0.0,4
7823,0,0.14163314726571655,0.0,0.0,3
7824,0,0.004207606912884491,0.0,0.0,5
7825,0,0.0021564721815936884,0.0,0.0,4
7826,0,0.31529783282604756,0.0,0.18,3
7827,0,0.006549181955946901,0.0,0.0,3
7828,0,0.002393041526072135,0.0,0.0,5
7829,0,0.0013982874792908737,0.0,0.05,3
7830,0,0.001147176800734392,0.0,0.0,5
7831,0,0.011651184483947375,0.0,0.02,3
7832,0,0.002442484937527527,0.0,0.0,5
7833,0,0.014321261657179177,0.0,0.0,5
7834,0,0.026439454023850038,0.0,0.0,2
7835,0,0.0028242990047148914,0.0,0.01,2
7836,0,0.0062404327004326274,0.0,0.0,2
7837,0,0.005333686718320466,0.0,0.01,5
7838,0,0.022224570827241778,0.0,0.12,3
7840,0,0.002599689699656946,0.0,0.0,1
7841,0,0.04196086135578129,0.0,0.0,3
7843,0,0.01632817105212711,0.0,0.07,5
7845,0,0.0022772058525973135,0.0,0.11,2
7846,0,0.005416757817965952,0.0,0.19,2
7847,0,0.02672669613529771,1.0,0.46,2
7848,0,0.00545536876691488,1.0,0.12,5
7850,0,0.00011120669980447102,0.0,0.0,4
7853,0,0.008040831545142907,0.0,0.01,3
7854,0,0.0005515183429426038,0.0,0.0,5
7855,0,0.00013155622317954682,0.0,0.02,3
7856,0,0.0006691424470868752,0.0,0.0,5
7859,0,0.0005330793006832295,0.0,0.01,2
7860,0,0.0013255140225707617,0.0,0.0,4
7862,0,0.006141682458999551,0.0,0.01,1
7863,0,0.002778032602521457,0.0,0.0,2
7864,0,0.03502466492231214,0.0,0.14,2
7865,0,0.005460976220217052,0.0,0.03,2
7866,0,0.0070252455696117495,0.0,0.01,4
7868,0,0.0012154479402266042,0.0,0.08,4
7869,0,0.0005491460656296153,0.0,0.0,1
7870,0,0.0024596959679014574,0.0,0.0,2
7875,0,0.0012889965159771327,0.0,0.0,5
7876,0,0.0015086292014829254,0.0,0.05,3
7877,0,0.02276432400282196,0.0,0.0,1
7878,0,0.006626426019330814,0.0,0.0,1
7879,0,0.0016195862689792498,0.0,0.0,5
7880,0,0.003420567177078528,0.0,0.0,1
7881,0,0.001158932807370842,0.0,0.0,5
7882,0,0.00013641535991972898,0.0,0.0,4
7883,0,0.0023049558356642054,0.0,0.0,2
7886,0,0.006097744137965888,0.0,0.08,5
7887,0,0.0028985243470459397,0.0,0.0,3
7888,0,0.0008101929383256205,0.0,0.0,2
7889,0,0.09735292989799997,0.0,0.15,5
7890,0,0.000964506272204064,0.0,0.0,1
7891,0,0.0022347850193664065,0.0,0.0,1
7892,0,0.002814626994894916,0.0,0.0,4
7894,0,0.0010933536586489898,0.0,0.0,3
7895,0,0.013882888470723373,0.0,0.0,4
7896,0,0.022729418308773848,0.0,0.0,1
7897,0,0.02128096238269627,0.0,0.0,5
7898,0,0.008088946816659181,0.0,0.0,3
7899,0,0.01906926652136635,0.0,0.0,4
7900,0,0.001331560654191974,0.0,0.0,3
7901,0,0.002318040742800869,0.0,0.0,5
7902,0,0.005502121047051122,0.0,0.0,4
7903,0,0.006063457500701511,0.0,0.0,3
7904,0,0.001154465011830047,0.0,0.0,3
7905,0,0.004190003987992087,0.0,0.0,5
7906,0,0.017756846278488902,0.0,0.01,5
7907,0,0.0053750375046935145,0.0,0.0,4
7908,0,0.0011571406721457569,0.0,0.0,2
7909,0,0.007335781582256305,0.0,0.0,4
7910,0,0.000350508936672024,0.0,0.0,4
7911,0,0.00252775242525803,0.0,0.0,1
7912,0,0.014773833923158265,0.0,0.0,2
7913,0,0.0024950499328497315,0.0,0.0,4
7914,0,0.006135960378135024,0.0,0.0,5
7916,0,0.003208033938918519,0.0,0.0,5
7917,0,0.009167930412486088,0.0,0.0,4
7918,0,0.010115898329911922,0.0,0.0,2
7920,0,0.023646567111012214,0.0,0.02,5
7921,0,0.025225543811225506,0.0,0.01,2
7922,0,0.004598618487033167,0.0,0.01,2
7923,0,0.010260753901135046,0.0,0.01,1
7924,0,0.00784970433695874,0.0,0.0,1
7925,0,0.0019791126608643297,0.0,0.01,1
7926,1,0.12567023403891286,1.0,0.38,1
7927,0,0.012684559513250065,0.0,0.01,1
7929,0,0.0023336413450797486,0.0,0.01,3
7930,0,0.058888278003415145,0.0,0.02,3
7931,0,0.007528644589702234,0.0,0.09,5
7932,0,0.01480046924210437,0.0,0.07,2
7933,0,0.010238114661929006,0.0,0.01,4
7934,0,0.0012447649381443723,0.0,0.06,1
7935,0,0.0040334922850885505,0.0,0.1,4
7936,0,0.07245808698435328,0.0,0.07,2
7937,0,0.0039055533450863336,0.0,0.05,1
7938,0,0.010159177873629159,0.0,0.01,4
7939,0,0.01481151360720469,0.0,0.01,5
7941,0,0.0004675599903374373,0.0,0.0,2
7943,0,0.0009105868083784417,0.0,0.0,2
7944,0,0.00450808786002182,0.0,0.0,3
7945,0,0.0006851422000079325,0.0,0.0,3
7946,0,0.0004934351938848776,0.0,0.0,1
7948,0,0.000983604127920783,0.0,0.0,4
7949,0,0.0006581565682625706,0.0,0.0,1
7951,0,0.0005572961169665376,0.0,0.02,5
7952,0,0.0007575508440841661,0.0,0.0,3
7953,0,0.0003778675848813364,0.0,0.0,4
7954,0,0.0017252950735551962,0.0,0.0,4
7955,0,0.008111138326956738,0.0,0.03,3
7957,0,0.0020393157940369598,0.0,0.0,3
7958,0,0.0055737453252861675,0.0,0.01,5
7959,0,0.0005613742431579869,0.0,0.0,1
7960,0,0.0016999856871653144,0.0,0.0,1
7961,0,0.023173836354583994,0.0,0.13,2
7962,0,0.00262948699787643,0.0,0.01,5
7963,0,0.0018083101562195952,0.0,0.0,5
7964,0,0.0007095339301453921,0.0,0.0,3
7965,0,0.0003015274788776786,0.0,0.0,3
7968,0,0.0006172492385171751,0.0,0.0,2
7969,0,0.0010884554516111425,0.0,0.0,1
7970,0,0.001474419399731341,0.0,0.01,5
7971,0,0.004335578193041448,0.0,0.0,1
7974,0,0.002340735905702097,0.0,0.0,1
7975,0,0.0016588595190975698,0.0,0.0,3
7976,0,0.003576972248328964,0.0,0.0,1
7977,0,0.1252260507651249,0.0,0.15,2
7979,0,0.00033705227349858734,0.0,0.0,2
7980,0,0.0016487467726754243,0.0,0.0,4
7981,0,0.0005744553741943796,0.0,0.0,2
7983,0,0.0014186017410882767,0.0,0.0,5
7984,0,0.0013023527622457486,0.0,0.0,5
7987,0,0.0019244814266120242,0.0,0.0,1
7988,0,0.0007981670619332775,0.0,0.0,2
7989,0,0.0010274725836269048,0.0,0.0,1
7990,0,0.0012818111465808162,0.0,0.0,5
7991,0,0.0047321714343083335,0.0,0.0,2
7994,0,0.004398362391270232,0.0,0.0,3
7995,0,0.0048975240923735935,0.0,0.0,4
7996,0,0.0038522595600704894,0.0,0.0,4
7998,0,0.023703886474056853,0.0,0.02,5
7999,0,0.0009577179470186009,0.0,0.0,4
8000,0,0.07251133924568905,0.0,0.0,2
8001,0,0.02098949346620079,0.0,0.04,3
8002,0,0.001781600474153115,0.0,0.0,5
8003,0,0.284342050164982,1.0,0.58,1
8004,0,0.02756097273100356,0.0,0.0,3
8006,0,0.02111184494879337,0.0,0.0,3
8007,0,0.0011840723148304761,0.0,0.0,1
8008,0,0.004086035839697331,0.0,0.0,1
8009,0,0.006898178295070351,0.0,0.01,4
8010,0,0.28036024004753024,0.0,0.19,3
8011,0,0.008750568204552264,0.0,0.0,4
8012,0,0.07418733229605504,0.0,0.03,4
8013,0,0.03336593685100805,0.0,0.02,3
8016,0,0.004753247014111758,0.0,0.0,3
8017,0,0.010675846623675626,0.0,0.02,5
8018,0,0.009596677714199454,0.0,0.02,5
8019,0,0.005827322811501009,0.0,0.01,5
8020,0,0.002754884484071911,0.0,0.0,1
8022,0,0.01746552301491716,0.0,0.11,2
8024,0,0.009018931252042221,0.0,0.18,1
8026,1,0.061372241213392686,0.0,0.25,5
8027,0,0.020198645023093306,0.0,0.11,2
8028,0,0.048268941664325854,1.0,0.3,1
8029,0,0.0006041823474952585,0.0,0.0,2
8032,0,0.002142499996547691,0.0,0.0,2
8033,0,0.0005848350663276514,0.0,0.02,1
8034,0,0.0008498579632264273,0.0,0.0,2
8036,0,0.0038801225402325446,0.0,0.0,2
8037,0,0.0006717188303271634,0.0,0.0,2
8038,0,0.007223188337581232,0.0,0.0,2
8039,0,0.0002293297784355779,0.0,0.0,2
8040,0,0.0009785999260591152,0.0,0.0,1
8041,0,0.0029371208677112133,0.0,0.05,2
8042,0,0.004264927122491976,0.0,0.0,1
8043,0,0.0003221781560093614,0.0,0.0,2
8044,0,0.00047486340918864717,0.0,0.0,4
8045,0,0.010030892314933117,0.0,0.02,4
8046,0,0.0012372584520047188,0.0,0.0,3
8047,0,0.0005055941856560978,0.0,0.0,2
8048,0,0.0007797097778019972,0.0,0.0,4
8049,0,0.00012601711901786796,0.0,0.0,4
8050,0,0.010310202842694056,0.0,0.02,2
8051,0,0.00022375085733507277,0.0,0.0,3
8052,0,0.0023486051037377633,0.0,0.01,4
8053,0,0.0006691570685601329,0.0,0.0,3
8055,0,0.0009443259291793366,0.0,0.0,2
8056,0,0.004081878334344173,0.0,0.0,4
8057,0,0.0013473290415021526,0.0,0.0,2
8058,0,0.007748143086208738,0.0,0.0,1
8059,0,0.0013101880919261658,0.0,0.0,5
8060,0,0.0014746602924565328,0.0,0.0,1
8061,0,0.0012090524386400713,0.0,0.0,2
8063,0,0.000750724222755538,0.0,0.0,3
8064,0,0.0014827804006379462,0.0,0.0,5
8065,0,0.00019084389473493263,0.0,0.01,3
8066,0,0.0008300385318348211,0.0,0.0,1
8067,0,0.0011597828782152998,0.0,0.0,1
8068,0,0.002704951867710016,0.0,0.0,4
8069,0,0.0007841330454214757,0.0,0.0,4
8070,0,0.0008791867287503552,0.0,0.0,4
8071,0,0.0007896711498705015,0.0,0.01,1
8072,0,0.0005082213914455649,0.0,0.01,4
8073,0,0.002111570857081665,0.0,0.0,2
8074,0,0.002874390204002529,0.0,0.0,1
8075,0,0.0012105320459902345,0.0,0.02,3
8076,0,0.005108132369298769,0.0,0.11,4
8079,0,0.0015967599110857675,0.0,0.0,2
8080,0,0.002219155943355968,0.0,0.0,2
8081,0,0.027071937699531423,0.0,0.0,1
8082,0,0.004885260947882218,0.0,0.0,3
8083,0,0.004046599814370081,0.0,0.01,1
8086,0,0.001525346541525191,0.0,0.0,2
8087,0,0.0032108941853470265,0.0,0.0,1
8088,0,0.004766560942560836,0.0,0.01,1
8089,0,0.0028560477585226882,0.0,0.0,1
8092,0,0.004195465048679056,0.0,0.0,1
8093,0,0.0017102900576692207,0.0,0.0,2
8094,0,0.0008767788891620611,0.0,0.01,3
8095,0,0.0445980722613103,0.0,0.0,3
8096,0,0.003210769662364637,0.0,0.0,2
8097,0,0.005555170816505563,0.0,0.0,1
8098,0,0.004471628844235347,0.0,0.0,5
8099,0,0.001314908166674817,0.0,0.0,2
8100,0,0.0016745568988686343,0.0,0.0,2
8101,0,0.006704328600127391,0.0,0.0,3
8102,0,0.01235373975605481,0.0,0.0,2
8103,0,0.002829274793590337,0.0,0.0,2
8104,0,0.005034995295082454,0.0,0.0,5
8108,0,0.0028158903146214753,0.0,0.03,3
8109,0,0.007009698303132565,0.0,0.0,5
8111,1,0.0013822344179667083,0.0,0.02,4
8113,0,0.002038786644881713,0.0,0.0,5
8114,0,0.0196702641132434,0.0,0.28,2
8116,0,0.0008110642531906862,0.0,0.01,2
8117,0,0.0019987658675416128,0.0,0.0,3
8118,0,0.00022250309980988215,0.0,0.0,1
8119,0,0.008059460482952788,0.0,0.01,1
8120,0,0.0004613832867802553,0.0,0.0,1
8121,0,0.0010497546023769855,0.0,0.0,1
8122,0,0.004221778718643785,0.0,0.0,1
8123,0,0.00028671742753380407,0.0,0.0,5
8124,0,0.0033271989458317627,0.0,0.0,2
8125,0,0.006054446248695005,0.0,0.0,2
8126,0,0.0002798201050533096,0.0,0.0,3
8127,0,0.0007012584981085953,0.0,0.0,3
8128,0,0.0005283185258335957,0.0,0.0,1
8130,0,0.00046430887430479255,0.0,0.0,2
8131,0,0.0014347390004244246,0.0,0.03,4
8133,0,0.004855474685249891,0.0,0.0,5
8136,0,0.0006829639528952107,0.0,0.0,1
8137,0,0.00029043594849685687,0.0,0.0,2
8138,0,0.01947917845643614,0.0,0.02,1
8139,0,0.002628545340174605,0.0,0.0,4
8140,0,0.00047403586670908393,0.0,0.0,4
8141,0,0.008293455531557947,0.0,0.0,3
8142,0,0.010636957502392096,0.0,0.0,2
8143,0,0.0016614775773459273,0.0,0.0,3
8144,0,0.002741309844808641,0.0,0.0,1
8146,0,0.00029616495708222247,0.0,0.0,3
8147,0,0.001554788834059841,0.0,0.0,5
8148,0,0.0011376687699365946,0.0,0.0,4
8152,0,0.006457517598261973,0.0,0.06,2
8153,0,0.005621014303737995,0.0,0.0,5
8154,0,0.025578809254223452,0.0,0.06,2
8155,0,0.007004573742024477,0.0,0.05,5
8156,0,0.0014759024439770384,0.0,0.0,1
8157,0,0.01854878803187301,0.0,0.0,5
8158,0,0.0012507055214523012,0.0,0.0,2
8159,0,0.0011956418594815659,0.0,0.0,5
8161,0,0.0011731141414395452,0.0,0.0,2
8163,0,0.002880181338561695,0.0,0.0,3
8164,0,0.0036455996421816458,0.0,0.0,4
8166,0,0.0010767719154668493,0.0,0.0,3
8167,0,0.003123017521702385,0.0,0.01,1
8168,0,0.0028028762269951026,0.0,0.0,4
8170,0,0.02753859325074697,0.0,0.0,2
8172,0,0.000615394128117447,0.0,0.0,2
8173,0,0.0011990067388472695,0.0,0.0,5
8174,0,0.03548035887470394,0.0,0.02,1
8175,0,0.0022431060110322688,0.0,0.0,4
8176,0,0.0110063431685688,0.0,0.0,5
8177,0,0.01027634860379298,1.0,0.0,4
8178,0,0.027875697239280232,0.0,0.02,3
8179,0,0.0031007394449813043,0.0,0.0,2
8181,0,0.0028792665688929307,0.0,0.0,5
8182,0,0.003103137328240441,0.0,0.01,5
8183,0,0.030844988851175044,0.0,0.0,3
8184,0,0.024099243935400947,0.0,0.02,3
8185,0,0.017065639157132766,0.0,0.0,2
8186,0,0.005407027791755827,0.0,0.0,2
8187,0,0.024460987485604227,0.0,0.01,2
8188,0,0.0044203966145623065,0.0,0.01,4
8189,0,0.010942776457693789,0.0,0.04,3
8190,0,0.01028615233880161,0.0,0.02,1
8191,0,0.0016168553340793815,0.0,0.06,1
8192,1,0.29474313699754817,1.0,0.87,5
8195,1,0.08045826871167008,1.0,0.5,4
8197,0,0.02222675336725889,0.0,0.01,4
8198,0,0.013661052108273118,0.0,0.08,4
8199,1,0.0037394095851719937,1.0,0.08,2
8200,0,0.0004397707488004571,0.0,0.0,3
8201,0,0.0002153025067195802,0.0,0.0,3
8202,0,0.0004888797315353769,0.0,0.0,2
8203,0,0.00027672320959908997,0.0,0.0,3
8204,0,0.00036394916575898317,0.0,0.0,3
8205,0,0.0016183653022320008,0.0,0.0,3
8207,0,0.002342688369396228,0.0,0.0,1
8208,0,0.002016910013432137,0.0,0.0,4
8210,0,9.448750009269404e-05,0.0,0.0,2
8212,0,0.0006278030471371456,0.0,0.01,4
8213,0,0.00019048477518790222,0.0,0.0,2
8214,0,0.001531607219423271,0.0,0.0,2
8215,0,0.0011646093009908595,0.0,0.0,2
8216,0,0.07907417838752245,0.0,0.2,5
8217,0,0.0010230345272259857,0.0,0.0,5
8218,0,0.0004987740560647861,0.0,0.0,5
8219,0,0.0003028780955510825,0.0,0.0,1
8220,0,0.00035278754590094356,0.0,0.0,5
8222,0,0.0006985968829683042,0.0,0.0,5
8223,0,0.01139360956363846,0.0,0.02,2
8224,0,0.0003356124804432305,0.0,0.0,5
8225,0,0.0007391100762505595,0.0,0.0,5
8226,0,0.12359822298824945,1.0,0.4,3
8227,0,0.027443476565701345,0.0,0.01,3
8228,0,0.005630420588956186,0.0,0.0,2
8229,0,0.0006610959238542996,0.0,0.0,3
8230,0,0.0005824183572480817,0.0,0.0,2
8231,0,0.007257512436431449,0.0,0.0,2
8232,0,0.0033042154032107084,0.0,0.01,4
8233,0,0.0012603587974734536,0.0,0.0,3
8234,0,0.0026618531748994713,0.0,0.0,1
8235,0,0.012939098045860777,0.0,0.01,2
8236,0,0.0024468688332661697,0.0,0.0,2
8237,0,0.001272788847221734,0.0,0.0,4
8238,0,0.011603468766483046,0.0,0.0,1
8239,0,0.004504903861997451,0.0,0.03,2
8240,0,0.0024885951851312837,0.0,0.0,2
8241,0,0.004721126463232412,0.0,0.0,1
8242,0,0.0007478701950033594,0.0,0.0,5
8243,0,0.014977573714581293,0.0,0.03,2
8246,0,0.004554657620046561,0.0,0.0,5
8248,0,0.005206879520536155,0.0,0.0,4
8251,0,0.004219946516222384,0.0,0.0,1
8252,0,0.002059403146288419,0.0,0.0,2
8253,0,0.001613628846435303,0.0,0.0,5
8254,0,0.0038013784034609576,0.0,0.0,2
8255,0,0.0008864882007910769,0.0,0.0,2
8256,0,0.030347882358377775,0.0,0.05,3
8257,0,0.0011267274808223053,0.0,0.0,5
8258,0,0.01004237145525647,0.0,0.0,3
8259,0,0.0016924215180180366,0.0,0.0,3
8260,0,0.0016469547443580875,0.0,0.01,4
8261,0,0.006397473046463454,0.0,0.0,4
8263,0,0.00202595337691606,0.0,0.0,5
8264,0,0.011797287048267276,0.0,0.0,1
8265,0,0.0022357976242340007,0.0,0.0,2
8266,0,0.0021815405602004572,0.0,0.0,2
8267,0,0.0029686992428057633,0.0,0.0,5
8268,0,0.002993510296148141,0.0,0.0,3
8270,0,0.002213944430822554,0.0,0.0,4
8271,0,0.013641563445450021,0.0,0.06,3
8272,0,0.03624945098653649,0.0,0.09,2
8273,0,0.0007048196512304816,0.0,0.0,3
8274,0,0.0018830403861456312,0.0,0.01,1
8275,0,0.0007342464968754661,0.0,0.0,4
8277,0,0.013243170371269508,0.0,0.18,4
8278,0,0.025053286872736922,1.0,0.1,2
8280,0,0.017494595639270954,0.0,0.06,1
8281,0,0.0031076430716837256,0.0,0.01,2
8282,0,0.0038765366685860336,0.0,0.12,5
8283,0,0.0027487748119661517,0.0,0.01,1
8284,0,0.000523155752967528,0.0,0.0,4
8287,0,0.0008524492261347869,0.0,0.0,2
8289,0,0.000659708529453535,0.0,0.0,1
8291,0,0.00025156742478872856,0.0,0.01,1
8292,0,0.00019407579873619113,0.0,0.03,1
8294,0,0.00037840962348276543,0.0,0.0,3
8296,0,0.0003331566286411827,0.0,0.0,5
8297,0,0.00029108710808150695,0.0,0.0,4
8299,0,0.0005147245512341749,0.0,0.0,5
8301,0,0.0006903592390510432,0.0,0.0,2
8303,0,0.0015420518909831657,0.0,0.0,2
8304,0,0.014007778523015057,0.0,0.0,4
8305,0,0.00048629267101923615,0.0,0.08,2
8306,0,0.002748194954334101,0.0,0.0,5
8308,0,0.0018898492877626068,0.0,0.0,5
8310,0,0.0009887745176365857,0.0,0.0,2
8312,0,0.0009720857025367018,0.0,0.0,3
8315,0,0.0006389635212842031,0.0,0.03,5
8316,0,0.0015804862140004151,0.0,0.0,5
8318,0,0.0016355995835573198,0.0,0.0,4
8319,0,0.004197317030370263,0.0,0.0,4
8321,0,0.026851084426071432,0.0,0.0,4
8322,0,0.0026013013760341867,0.0,0.0,5
8323,0,0.001029986389572741,0.0,0.0,2
8325,0,0.0018055588154789403,0.0,0.0,5
8326,0,0.000375576433685402,0.0,0.0,4
8327,0,0.017015404469419664,0.0,0.0,5
8328,0,0.015958552918520795,0.0,0.01,4
8329,0,0.023161271993098555,0.0,0.0,5
8330,0,0.0032773261960186355,0.0,0.0,3
8331,0,0.009171252235210826,0.0,0.0,5
8332,0,0.01841974862736681,0.0,0.0,3
8333,0,0.0223932897601935,0.0,0.0,1
8334,0,0.014374225769409632,0.0,0.0,5
8335,0,0.018004577730208467,0.0,0.02,1
8336,0,0.033271609502350065,0.0,0.0,2
8337,0,0.002489851046028062,0.0,0.0,2
8338,0,0.003946283429936059,0.0,0.0,4
8340,0,0.0019199872294286045,0.0,0.0,5
8341,0,0.006502629745024314,0.0,0.0,4
8342,0,0.00724495050349216,0.0,0.0,2
8343,0,0.01680847678093131,0.0,0.08,1
8344,0,0.02586381208306265,0.0,0.0,3
8346,0,0.006196829975119438,0.0,0.0,2
8347,0,0.005191988924604425,0.0,0.0,1
8349,0,0.0007702942751131407,0.0,0.0,2
8350,0,0.012987154587385814,0.0,0.01,2
8352,0,0.0031658826514576297,0.0,0.0,3
8353,0,0.2603650172082654,0.0,0.01,2
8354,0,0.04040549124998191,0.0,0.02,2
8355,0,0.0557573163367475,0.0,0.0,4
8356,0,0.17258976693143768,0.0,0.09,5
8357,1,0.014963803610181344,0.0,0.02,5
8359,0,0.001255669628008774,0.0,0.0,5
8360,0,0.0003613291135000641,0.0,0.0,3
8362,0,0.0764757781809492,1.0,0.23,2
8363,0,0.011280859728329306,0.0,0.0,4
8365,0,0.00037386810094520116,0.0,0.0,3
8367,0,0.005600738738082229,0.0,0.0,4
8368,0,0.002824837295531608,0.0,0.0,2
8369,0,0.0010658041760546661,0.0,0.0,1
8370,0,0.0008064825680433943,0.0,0.0,2
8372,0,0.0016234003660396392,0.0,0.0,5
8373,0,0.0026048321318602216,0.0,0.0,3
8374,0,0.03639488941521789,0.0,0.16,2
8375,0,0.00237856134317192,0.0,0.0,5
8376,0,0.002532288904642343,0.0,0.01,5
8377,0,0.004352261617320123,0.0,0.0,1
8379,0,0.0007581883961250694,0.0,0.0,1
8380,0,0.0007411570135846445,0.0,0.0,1
8382,0,0.0006688607824961904,0.0,0.0,1
8383,0,0.0002643822486037687,0.0,0.0,5
8384,0,0.002855558813892966,0.0,0.0,4
8385,0,0.0012241437368646507,0.0,0.0,2
8386,0,0.0005879391807971829,0.0,0.0,4
8387,0,0.002761488996444245,0.0,0.02,4
8388,0,0.003043564412842025,0.0,0.0,1
8391,0,0.001875314402024265,0.0,0.0,5
8392,0,0.0011173202647042592,0.0,0.0,2
8393,0,0.002993076300531588,0.0,0.01,4
8394,0,0.0018575026667059656,0.0,0.0,3
8395,0,0.004630050148193942,0.0,0.0,4
8396,0,0.0006808672015403935,0.0,0.0,5
8397,0,0.0009155704749547998,0.0,0.0,4
8398,1,0.19923946118339123,1.0,0.73,5
8399,0,0.05137929490031768,0.0,0.0,2
8400,0,0.004861209210656537,0.0,0.0,3
8401,0,0.0013296761216033822,0.0,0.0,5
8402,0,0.020854120100583903,0.0,0.01,3
8403,0,0.007648510020014296,0.0,0.0,3
8404,0,0.0018970648399532948,0.0,0.0,3
8406,0,0.0015129266634487121,0.0,0.0,2
8407,0,0.01034208746397282,0.0,0.0,2
8408,0,0.0007067808693754402,0.0,0.0,2
8409,0,0.0066770577400538,0.0,0.0,1
8410,0,0.025247874436370017,0.0,0.0,1
8411,0,0.0017148847437216,0.0,0.0,2
8412,0,0.004462124904243155,0.0,0.0,2
8413,0,0.015019859412859526,0.0,0.0,3
8414,0,0.0010102457482409352,0.0,0.01,1
8415,0,0.039577229389129755,0.0,0.01,1
8416,0,0.0005779213955879129,0.0,0.0,3
8417,0,0.0011849199316155943,0.0,0.0,4
8418,0,0.008252104311824807,0.0,0.0,5
8420,0,0.004318740522188365,0.0,0.0,1
8421,0,0.0016132549147945077,0.0,0.0,5
8422,0,0.03959170043403188,0.0,0.1,4
8423,0,0.015699694179420087,0.0,0.0,3
8424,0,0.004595720849333723,0.0,0.01,5
8425,0,0.007216760997337532,0.0,0.0,3
8427,0,0.030546039470627322,0.0,0.0,4
8428,0,0.0056467803052373915,0.0,0.0,5
8430,0,0.07436440716172116,0.0,0.19,2
8431,0,0.029974933116959805,0.0,0.07,5
8432,0,0.010778553317925595,0.0,0.0,3
8433,0,0.04981094409448562,0.0,0.02,2
8434,0,0.0015155368215082068,0.0,0.0,5
8435,0,0.0037693498697223137,0.0,0.0,5
8436,0,0.04123714369583646,0.0,0.27,5
8437,1,0.20276736053100897,1.0,0.63,4
8438,0,0.012604716547427008,0.0,0.0,4
8439,0,0.008860286716976475,0.0,0.01,2
8441,0,0.000200518285427128,0.0,0.0,2
8442,0,0.0005589389855983142,0.0,0.0,2
8443,0,0.0003506271855643273,0.0,0.0,2
8444,0,0.00023368417904353036,0.0,0.0,3
8446,0,0.0012787254646081118,0.0,0.0,4
8448,0,0.0008134669151013491,0.0,0.0,3
8449,0,0.0003853214863508822,0.0,0.0,1
8450,0,0.00453781644110561,0.0,0.0,1
8451,0,0.0008543948453973513,0.0,0.01,1
8452,0,0.0003309045873584534,0.0,0.0,1
8453,0,0.0010697192766943562,0.0,0.0,4
8454,0,0.001498288939730624,0.0,0.0,4
8455,0,0.04084402903553301,0.0,0.06,4
8456,0,0.0012092746623606084,0.0,0.0,5
8457,0,0.0016126555889481248,0.0,0.03,1
8458,0,0.00048496331414157,0.0,0.01,2
8459,0,0.00045942183354691227,0.0,0.0,4
8461,0,0.0015787380793465984,0.0,0.0,2
8463,0,0.001114215844622278,0.0,0.0,3
8466,0,0.0007154814203441452,0.0,0.0,5
8467,0,0.000587002859503052,0.0,0.0,5
8468,0,0.000568270011529502,0.0,0.01,1
8470,0,0.0006227886659687465,0.0,0.0,2
8471,0,0.0017333196279963772,0.0,0.01,4
8473,0,0.0013249575935583107,0.0,0.01,1
8475,0,0.0012594639872982774,0.0,0.0,2
8476,0,0.0008116367715806771,0.0,0.0,4
8477,0,0.0003676123470680812,0.0,0.0,4
8478,0,0.0683096875454414,0.0,0.11,1
8479,0,0.0015826606601663633,0.0,0.0,2
8480,0,0.000643783621233391,0.0,0.0,4
8481,0,0.00021062234082252105,0.0,0.0,3
8484,0,0.01635637007245257,0.0,0.01,1
8486,0,0.0023175370223594925,0.0,0.0,1
8487,0,0.017176324422045596,0.0,0.02,1
8489,0,0.011906479627267453,0.0,0.0,5
8490,0,0.06945262687599678,0.0,0.01,5
8491,0,0.005907279174857804,0.0,0.0,5
8492,0,0.0020539851447221582,0.0,0.0,1
8493,0,0.0019787504982704497,0.0,0.0,1
8494,0,0.002287598703177177,0.0,0.0,5
8495,0,0.0007014547962291706,0.0,0.0,3
8496,0,0.0008489563918212218,0.0,0.0,1
8497,0,0.0005594355408548203,0.0,0.0,2
8498,0,0.0019003540620836088,0.0,0.0,4
8499,0,0.0016114501329920787,0.0,0.0,5
8501,0,0.002503526870804738,0.0,0.0,4
8502,0,0.017887916512035456,0.0,0.11,3
8503,0,0.004006404522396039,0.0,0.0,5
8507,0,0.00556572807086514,0.0,0.0,3
8508,0,0.0040455899534305095,0.0,0.0,1
8509,0,0.0017989674360756236,0.0,0.0,5
8510,0,0.013564598556370874,0.0,0.0,3
8511,0,0.010614616459122901,0.0,0.0,4
8512,0,0.0015462062259634628,0.0,0.0,2
8514,0,0.02849863751756816,0.0,0.0,1
8515,0,0.014688772008927636,0.0,0.0,2
8516,0,0.0007962217549986401,0.0,0.03,4
8517,0,0.1449107887135177,0.0,0.0,5
8518,0,0.0009613346375083589,0.0,0.0,3
8521,0,0.03396318638742931,0.0,0.17,4
8522,0,8.56189365882349e-05,0.0,0.0,2
8523,0,0.0010124178206134037,0.0,0.0,3
8526,0,0.007154037374189851,0.0,0.0,3
8527,0,0.0008391825252916739,0.0,0.0,1
8528,0,0.0003624626077620201,0.0,0.0,5
8529,0,0.006670522436549397,0.0,0.01,2
8530,0,0.0003188240140575947,0.0,0.0,1
8532,0,0.011699925692272689,0.0,0.02,1
8534,0,0.0006557564336373534,0.0,0.01,2
8535,0,0.007697810430083722,0.0,0.0,3
8538,0,0.0012323351680899575,0.0,0.0,5
8540,0,0.0007931472948392233,0.0,0.0,1
8542,0,0.00027131142983450983,0.0,0.0,5
8544,0,0.0017761304037975014,0.0,0.0,3
8545,0,0.0023784925646964145,0.0,0.0,4
8546,0,0.0011141410834155222,0.0,0.0,4
8547,0,0.00011697068025003921,0.0,0.0,4
8548,0,0.0020774802454664575,0.0,0.0,1
8550,0,0.005399817352038312,0.0,0.0,5
8551,0,0.009415726039149837,0.0,0.0,5
8552,0,0.00599228135200426,0.0,0.0,1
8553,0,0.005363402462301843,0.0,0.0,1
8554,0,0.0010896746210249254,0.0,0.0,2
8555,0,0.0032636863524197436,0.0,0.0,3
8557,0,0.021468143340732566,0.0,0.0,4
8558,0,0.002711043481852771,0.0,0.0,2
8559,0,0.0034256091807446983,0.0,0.0,2
8560,0,0.004467724098944166,0.0,0.0,2
8561,0,0.0014389708610152206,0.0,0.01,2
8562,0,0.01607838328394122,0.0,0.0,3
8563,0,0.001080542878535574,0.0,0.0,3
8564,0,0.0006613848067657248,0.0,0.0,4
8565,0,0.0014427503729631903,0.0,0.0,1
8566,0,0.0009947593964139232,0.0,0.0,4
8567,0,0.019262531515852187,0.0,0.0,5
8568,0,0.00177726064827191,0.0,0.0,3
8571,0,0.024210413233630972,0.0,0.01,5
8572,0,0.0012265632002023954,0.0,0.0,2
8573,0,0.0027491231937247854,0.0,0.0,1
8574,0,0.0757724693606942,0.0,0.0,2
8575,0,0.0008444322665660621,0.0,0.0,4
8576,0,0.006073886532019914,0.0,0.0,4
8577,0,0.013036274959324752,0.0,0.0,4
8578,0,0.0051404571173992225,0.0,0.0,3
8579,0,0.0013515333650837267,0.0,0.0,1
8580,0,0.0019263563398297487,0.0,0.0,5
8581,0,0.008324656863306206,0.0,0.0,4
8584,0,0.017066452229220427,0.0,0.0,4
8585,0,0.006943168131083268,0.0,0.0,4
8586,0,0.0012971970092472964,0.0,0.0,3
8587,0,0.004298690319168952,0.0,0.0,4
8588,0,0.009503343999137466,0.0,0.0,1
8589,0,0.06644583016208003,0.0,0.0,5
8590,0,0.004837941198380233,0.0,0.0,5
8591,0,0.003991696185600204,0.0,0.0,2
8592,0,0.009518280570928133,0.0,0.0,5
8593,0,0.003853896923195102,0.0,0.0,4
8594,0,0.04422097457259877,0.0,0.0,4
8595,0,0.002241550800421411,0.0,0.0,1
8596,0,0.10504705544379644,1.0,0.14,5
8597,0,0.02058300818639816,0.0,0.02,2
8598,0,0.017489474852119307,0.0,0.01,1
8599,0,0.006661066192526086,0.0,0.0,4
8601,0,0.009011936992812527,0.0,0.01,1
8602,0,0.015472569996666938,0.0,0.02,4
8604,0,0.027639585817568115,1.0,0.69,2
8605,0,0.007982752925989581,0.0,0.06,4
8606,0,0.0031729304507506404,1.0,0.02,4
8608,1,0.04063742066629365,0.0,0.43,2
8609,1,0.010672119185713314,0.0,0.17,5
8610,0,0.000846946769868223,0.0,0.0,3
8611,0,0.0030326858777305825,0.0,0.01,1
8613,0,0.0029538671153474397,0.0,0.0,1
8614,0,0.0012619158060199166,0.0,0.0,1
8615,0,0.0014652371192429203,0.0,0.0,5
8616,0,0.0012148137889238114,0.0,0.0,4
8617,0,0.00630785551228124,0.0,0.0,4
8618,0,0.0008038971139882005,0.0,0.0,4
8619,0,0.00030147081320104526,0.0,0.0,4
8621,0,0.009158522232252586,0.0,0.0,3
8623,0,0.002470540155969245,0.0,0.0,3
8624,0,0.0006615594929303526,0.0,0.0,1
8626,0,0.007553787452320692,0.0,0.0,4
8627,0,0.0010157196673915379,0.0,0.0,2
8628,0,0.0017058714385178376,0.0,0.0,3
8629,0,0.0012722484868129724,0.0,0.0,1
8630,0,0.03902418851302089,0.0,0.01,1
8631,0,0.0002785176349347732,0.0,0.0,4
8632,0,0.0010851786104000636,0.0,0.01,3
8634,0,0.0016606518729596939,0.0,0.0,4
8635,0,0.00044649149701646214,0.0,0.0,2
8637,0,0.001262751889923116,0.0,0.0,1
8639,0,0.043225581958097385,0.0,0.0,1
8640,0,0.0037278805614175477,0.0,0.0,5
8641,0,0.0028376159565758428,0.0,0.0,4
8643,0,0.05179211779737068,0.0,0.0,2
8644,0,0.0004942082432723957,0.0,0.0,4
8646,0,0.005581471788604996,0.0,0.0,3
8647,0,0.0025053051848930794,0.0,0.0,4
8648,0,0.006253725694376437,0.0,0.0,5
8650,0,0.0012211554551411422,0.0,0.0,1
8651,0,0.0008067706744223498,0.0,0.0,3
8653,0,0.03978354017116292,0.0,0.0,1
8655,0,0.05767679193603426,0.0,0.03,5
8656,0,0.0006161676901095417,0.0,0.0,5
8657,0,0.0076693680401060975,0.0,0.0,4
8658,0,0.0010634885802598881,0.0,0.0,3
8659,0,0.058533266465772324,0.0,0.0,4
8660,0,0.008797337023538594,0.0,0.0,3
8661,0,0.0030769365667153506,0.0,0.0,5
8662,0,0.00179951638113078,0.0,0.0,5
8663,0,0.0011942472104845647,0.0,0.0,2
8664,0,0.06750843455653345,0.0,0.01,5
8665,0,0.01862565645646441,0.0,0.0,1
8667,0,0.006848896270669628,0.0,0.01,4
8668,0,0.019689859491719506,0.0,0.0,4
8669,0,0.043041616326963364,0.0,0.0,4
8672,0,0.008659021338565213,0.0,0.01,5
8673,0,0.008015647942890764,0.0,0.0,2
8674,0,0.0002346750620363753,0.0,0.0,5
8675,0,0.0014806892580323248,0.0,0.0,1
8676,0,0.007873829988832367,0.0,0.0,3
8678,0,0.022352090067359817,0.0,0.0,3
8679,0,0.13776670315753697,0.0,0.0,4
8680,0,0.004497325152381684,0.0,0.0,3
8681,0,0.0014123492536953458,0.0,0.0,4
8682,0,0.0044773586448178205,0.0,0.0,5
8683,0,0.027428661613213355,0.0,0.0,5
8684,0,0.01662152685433063,0.0,0.0,2
8685,0,0.005463284141934178,0.0,0.0,2
8686,0,0.0013646264532905647,0.0,0.0,2
8687,0,0.0040586995255832,0.0,0.0,1
8689,0,0.010615893719458614,0.0,0.04,5
8690,1,0.0032199330912758284,0.0,0.2,4
8691,0,0.00031697713314920864,0.0,0.0,2
8692,0,0.00015779185082134784,0.0,0.0,5
8694,0,0.00022966925404445943,0.0,0.0,3
8695,0,0.0012401113526706445,0.0,0.0,2
8696,0,0.0041669882117960156,0.0,0.0,4
8697,0,0.0001068430401540578,0.0,0.0,3
8698,0,0.0011749950154106628,0.0,0.04,1
8699,0,0.0004908467803404432,0.0,0.0,2
8700,0,0.0007460224942382497,0.0,0.0,2
8701,0,0.00020279961188098304,0.0,0.0,2
8702,0,0.00022690238077507428,0.0,0.0,4
8703,0,0.0010986679737432796,0.0,0.0,1
8705,0,0.014145382575626085,0.0,0.0,4
8706,0,0.004498347825688947,0.0,0.02,3
8709,0,0.0008726457108403354,0.0,0.0,4
8710,0,0.0010976459224938504,0.0,0.0,2
8711,0,0.0005749362018742779,0.0,0.0,3
8712,0,0.0008395003266459522,0.0,0.0,4
8713,0,0.0013286586002210692,0.0,0.0,2
8714,0,0.0005709087122626879,0.0,0.0,1
8715,0,0.00021932963293441334,0.0,0.01,2
8716,0,0.0008080546699532867,0.0,0.0,1
8717,0,0.0014108692928751592,0.0,0.0,5
8718,0,0.0013237930381104117,0.0,0.0,1
8719,0,0.0013879731594390499,0.0,0.0,3
8720,0,0.0007500788059656492,0.0,0.0,5
8721,0,0.000833459616225716,0.0,0.0,1
8724,0,0.000818248799397544,0.0,0.0,5
8725,0,0.0018497487555242777,0.0,0.0,3
8726,0,0.0004534478540585959,0.0,0.0,5
8727,0,0.0009205462068044706,0.0,0.0,3
8728,0,0.00017008668749456612,0.0,0.0,2
8729,0,0.013448198659462347,0.0,0.0,3
8731,0,0.00536833229846961,0.0,0.0,5
8732,0,0.001650529328083963,0.0,0.0,1
8733,0,0.0023878236390323347,0.0,0.0,4
8734,0,0.0009450042137951269,0.0,0.0,5
8735,0,0.0035050335747632178,0.0,0.01,3
8736,0,0.002067742272365467,0.0,0.0,5
8737,0,0.0016854143949868441,0.0,0.0,5
8739,0,0.0003399773402353243,0.0,0.01,3
8740,0,0.000803969868379971,0.0,0.0,1
8741,0,0.0051853522020210464,0.0,0.0,2
8745,0,0.006925626452353955,0.0,0.02,3
8746,0,0.015682033759656242,0.0,0.0,5
8747,0,0.006419553360357724,0.0,0.0,5
8750,0,0.006073614978227058,0.0,0.0,3
8752,0,0.12543222662875017,0.0,0.0,5
8753,0,0.0025239701639949903,0.0,0.0,5
8754,0,0.001334930266733454,0.0,0.0,2
8755,0,0.0008121144226029458,0.0,0.0,5
8756,0,0.002369421702179966,0.0,0.0,4
8757,0,0.003893620505629474,0.0,0.0,1
8758,0,0.0578780976295393,0.0,0.0,5
8761,0,0.03029797789499615,0.0,0.01,3
8762,0,0.0015426312969122134,0.0,0.0,5
8763,0,0.007469372715086824,0.0,0.0,3
8764,0,0.003465694570712418,0.0,0.0,3
8766,0,0.023734484213093068,0.0,0.01,5
8767,0,0.07337750607276992,0.0,0.04,3
8768,0,0.039284394266420775,0.0,0.02,5
8769,0,0.0035183595794274973,0.0,0.0,2
8770,0,0.00782053195160461,0.0,0.0,5
8771,0,0.009385554263607038,0.0,0.0,3
8772,0,0.00010840672432818968,0.0,0.0,3
8773,0,0.0008669986105765197,0.0,0.0,5
8774,0,0.003431729995753678,0.0,0.0,3
8775,0,0.00034764430106268203,0.0,0.0,2
8776,0,0.005557461152778927,0.0,0.0,4
8777,0,0.0002704141696230042,0.0,0.0,5
8778,0,0.0023161266618471027,0.0,0.0,4
8779,0,0.0023383517884037123,0.0,0.0,5
8780,0,0.002242593338904372,0.0,0.0,2
8781,0,0.003708938500802496,0.0,0.0,1
8782,0,0.0018536818137454849,0.0,0.0,2
8783,0,0.00022304121543794187,0.0,0.01,5
8784,0,0.001128390043775459,0.0,0.0,3
8785,0,0.0003706127362935969,0.0,0.0,4
8786,0,0.002900254614986068,0.0,0.0,4
8788,0,0.008957509687261566,0.0,0.01,5
8789,0,0.002972085156771831,0.0,0.0,4
8790,0,0.001585620180930654,0.0,0.0,1
8791,0,0.001325074374219696,0.0,0.0,5
8793,0,0.0005719973091851812,0.0,0.0,2
8794,0,0.0003205460617471842,0.0,0.0,5
8795,0,0.0007313446034779166,0.0,0.0,5
8796,0,0.0006083964002071877,0.0,0.0,1
8797,0,0.00036785784540149596,0.0,0.0,4
8798,0,0.0075569116796426195,0.0,0.0,4
8800,0,0.007930605697974805,0.0,0.01,2
8802,0,0.00449833980357112,0.0,0.0,3
8803,0,0.014625630414699017,0.0,0.0,3
8805,0,0.0014879969000512574,0.0,0.0,2
8806,0,0.004087496110004608,0.0,0.0,4
8807,0,0.0005964711781538955,0.0,0.0,1
8808,0,0.008947346000112424,0.0,0.0,3
8809,0,0.005519791604732901,0.0,0.0,4
8810,0,0.0007226371887366096,0.0,0.0,5
8811,0,0.001284129872402321,0.0,0.0,3
8813,0,0.0008609734195666747,0.0,0.0,2
8814,0,0.03154054057121697,0.0,0.0,4
8815,0,0.03120976185049579,0.0,0.0,2
8816,0,0.002906609370174119,0.0,0.0,2
8817,0,0.01439240635303259,0.0,0.0,1
8818,0,0.011761218861770048,0.0,0.0,1
8819,0,0.003257650457624252,0.0,0.0,3
8820,0,0.004437208843930334,0.0,0.0,3
8821,0,0.0012226093442373462,0.0,0.0,5
8822,0,0.024298062888105522,0.0,0.0,5
8823,0,0.1038082576688894,0.0,0.0,3
8824,0,0.0007088351523695822,0.0,0.0,5
8825,0,0.004894341982058657,0.0,0.0,1
8828,0,0.003656260847151032,0.0,0.0,1
8829,0,0.004430829474574253,0.0,0.0,3
8830,0,0.0021634830065886926,0.0,0.0,5
8832,0,0.005609847332500784,0.0,0.0,1
8833,0,0.0077778153160721055,0.0,0.0,2
8835,0,0.008043845345522722,0.0,0.0,4
8836,0,0.0021276057460347525,0.0,0.0,3
8837,0,0.0030005415068966273,0.0,0.01,5
8839,0,0.000720198881156111,0.0,0.0,1
8840,0,0.002251731125529961,0.0,0.03,4
8841,0,0.005072066873615282,0.0,0.0,4
8843,0,0.004444166431337282,0.0,0.0,1
8845,0,0.12498355257626212,0.0,0.06,3
8847,0,0.0009222819661814204,0.0,0.01,1
8848,0,0.0006475757866670103,0.0,0.0,2
8850,0,0.001199987276873454,0.0,0.0,3
8851,0,0.0003029974402648524,0.0,0.0,1
8852,0,0.0019688565724685437,0.0,0.0,1
8853,0,0.0005709576632911838,0.0,0.0,3
8854,0,0.0003992992758073965,0.0,0.0,1
8855,0,0.0002497722940639465,0.0,0.0,1
8856,0,0.04611464304530678,0.0,0.47,3
8857,0,0.00039041741849399163,0.0,0.0,1
8858,0,0.00022665112151462713,0.0,0.0,1
8859,0,0.002222466478931943,0.0,0.0,1
8860,0,0.0002571749227838543,0.0,0.0,5
8861,0,0.0008008856620525789,0.0,0.0,2
8862,0,0.0020185354800770984,0.0,0.0,1
8863,0,0.0005786502851998733,0.0,0.0,2
8864,0,0.0003853362383537726,0.0,0.0,2
8866,0,0.0003169350975342325,0.0,0.0,1
8867,0,0.004567190263626313,0.0,0.0,3
8868,0,0.004483532040740801,0.0,0.0,5
8869,0,0.0011606415705461973,0.0,0.0,1
8871,0,0.001417376608331516,0.0,0.0,1
8872,0,0.0018763028913361356,0.0,0.0,5
8873,0,0.0006452404116308451,0.0,0.0,5
8874,0,0.003381472719410498,0.0,0.0,5
8875,0,0.0028968661466351963,0.0,0.0,3
8876,0,0.0003283625540829243,0.0,0.0,5
8877,0,0.0037623185069900647,0.0,0.0,2
8878,0,0.002007007818086472,0.0,0.0,4
8879,0,0.0021498951152524198,0.0,0.0,5
8880,0,0.0010445527022901965,0.0,0.0,2
8881,0,0.0009388073719021387,0.0,0.0,1
8882,0,0.007219747614411734,0.0,0.01,3
8884,0,0.00045982331306766385,0.0,0.0,4
8885,0,0.001574986970908865,0.0,0.0,2
8886,0,0.0023678688442391863,0.0,0.0,2
8888,0,0.0017508124343854116,0.0,0.0,5
8889,0,0.003971075692827731,0.0,0.0,5
8890,0,0.0018992126166688414,0.0,0.0,2
8891,0,0.0004974293219309441,0.0,0.0,3
8892,0,0.004668647778827108,0.0,0.0,5
8894,0,0.001803340014782273,0.0,0.0,4
8897,0,0.0014789224317132666,0.0,0.0,1
8898,0,0.0032726696032431466,0.0,0.0,3
8899,0,0.0007341929266850645,0.0,0.0,2
8900,0,0.0003179026267215518,0.0,0.0,4
8902,0,0.014514802422021552,0.0,0.0,5
8903,0,0.009572294389701485,0.0,0.0,2
8904,0,0.00613847075231401,0.0,0.0,3
8905,0,0.06831493904060387,0.0,0.0,3
8906,0,0.0023626223332004087,0.0,0.0,5
8907,0,0.0022544011518944866,0.0,0.0,2
8909,0,0.0062047950550676596,0.0,0.0,2
8910,0,0.0031315806947680817,0.0,0.0,2
8912,0,0.007120212035624426,0.0,0.0,3
8913,0,0.018020031227020443,0.0,0.0,5
8914,0,0.05593599017642109,0.0,0.03,1
8915,0,0.08592504241472532,0.0,0.0,3
8916,0,0.04619036757270757,0.0,0.07,3
8917,0,0.0029815768300509764,0.0,0.0,4
8918,0,0.052940250725301584,0.0,0.02,1
8919,0,0.002268819650913367,0.0,0.0,5
8920,0,0.03527656482531785,0.0,0.0,1
8921,0,0.007021077176869805,0.0,0.0,1
8922,0,0.006286879085518305,0.0,0.01,1
8923,0,0.003893155853894023,0.0,0.02,4
8924,0,0.012044821339415928,0.0,0.0,3
8926,1,0.37992903109093584,0.0,0.25,4
8927,0,0.0025935148030336603,0.0,0.01,3
8928,0,0.019029568851474134,0.0,0.03,2
8929,0,0.007213247460704228,1.0,0.06,4
8930,0,0.001245234570921148,0.0,0.0,5
8931,0,0.0004554977928868395,0.0,0.0,4
8932,0,0.001347942011003257,0.0,0.0,3
8935,0,0.0006458290021122637,0.0,0.0,3
8936,0,0.0009305071338855043,0.0,0.0,3
8937,0,0.0025787255759947385,0.0,0.01,3
8938,0,0.0008098984654799894,0.0,0.0,3
8940,0,0.00024270943828339032,0.0,0.0,5
8941,0,0.00019496547010994765,0.0,0.0,3
8942,0,0.0050212008214609955,0.0,0.0,1
8943,0,0.0010950607084615333,0.0,0.0,3
8945,0,0.0010054400958348644,0.0,0.0,2
8946,0,0.0005484376453241263,0.0,0.0,5
8947,0,0.00026974447312952865,0.0,0.0,2
8948,0,0.0011363690346431108,0.0,0.0,2
8949,0,0.030173571663203756,0.0,0.01,3
8950,0,0.008956837779702829,0.0,0.0,5
8951,0,0.0011940418704129182,0.0,0.0,5
8952,0,0.0017719419782316215,0.0,0.0,1
8953,0,0.0006262512030942806,0.0,0.0,2
8954,0,0.01116298363286479,0.0,0.0,3
8955,0,0.01586898095681797,0.0,0.0,1
8956,0,0.04365334615653291,0.0,0.0,4
8958,0,0.0005631472521415376,0.0,0.0,2
8959,0,0.006275148788038882,0.0,0.0,1
8960,0,0.0008323982270491033,0.0,0.0,2
8961,0,0.0019912746503113485,0.0,0.0,4
8963,0,0.0010377649261898553,0.0,0.0,1
8965,0,0.009417106061813804,0.0,0.0,4
8966,0,0.0010752884508790084,0.0,0.0,4
8968,0,0.03166334586297188,0.0,0.0,4
8969,0,0.01187728536706433,0.0,0.01,5
8970,0,0.0033698276357569156,0.0,0.0,5
8972,0,0.017667526980541897,0.0,0.0,5
8973,0,0.052095350072098506,0.0,0.01,3
8974,0,0.005263611210717554,0.0,0.0,4
8977,0,0.0005143199463544266,0.0,0.0,1
8978,0,0.006018442717326919,0.0,0.0,2
8980,0,0.009072691178227,0.0,0.0,5
8981,0,0.0034896556377551585,0.0,0.0,5
8982,0,0.12469804322652316,0.0,0.07,1
8984,0,0.3001693731130048,0.0,0.06,3
8985,0,0.023483234323178497,0.0,0.0,4
8987,0,0.0036138026850344573,0.0,0.0,3
8988,0,0.0027644508079407936,0.0,0.0,5
8989,0,0.031771041965880625,0.0,0.0,5
8990,0,0.002670088373864243,0.0,0.0,2
8992,0,0.0008592440359062997,0.0,0.0,3
8993,0,0.00849760914167215,0.0,0.0,5
8994,0,0.0036244302695553434,0.0,0.0,3
8995,0,0.010808840793291818,0.0,0.0,2
8996,0,0.004692930227149356,0.0,0.0,5
8998,0,0.011389698254542049,0.0,0.0,1
8999,0,0.004432941137860591,0.0,0.0,2
9000,0,0.029517339079180634,0.0,0.0,5
9002,0,0.0031998384362918165,0.0,0.0,1
9003,0,0.01510421784736044,0.0,0.03,4
9004,0,0.0014495261556478178,0.0,0.0,2
9005,0,0.1782594901539674,0.0,0.05,1
9006,0,0.006178218697215827,0.0,0.0,5
9007,0,0.013590143269822068,0.0,0.0,3
9009,0,0.005753078628291037,0.0,0.01,4
9010,0,0.005252554691459005,0.0,0.01,4
9011,0,0.003114911701639207,0.0,0.0,5
9012,0,0.002864199484272534,0.0,0.01,1
9013,0,0.004680113662346047,0.0,0.0,2
9014,1,0.21598910310755148,1.0,0.41,4
9017,0,0.046153487685187004,1.0,0.19,1
9018,1,0.010616742164585195,0.0,0.01,2
9020,0,0.000331675940017796,0.0,0.0,4
9021,0,0.00018958545890962236,0.0,0.0,5
9022,0,0.008055307077658422,0.0,0.0,2
9024,0,0.0010968251010857924,0.0,0.01,1
9026,0,0.00016385726610502162,0.0,0.0,2
9027,0,0.0009145029154270032,0.0,0.0,2
9028,0,0.0030108647171519336,0.0,0.0,2
9029,0,0.0007911416931388721,0.0,0.0,4
9030,0,0.0008127423369986677,0.0,0.0,1
9032,0,0.0008334031434394571,0.0,0.0,1
9033,0,0.0005946760879062343,0.0,0.0,4
9034,0,0.01093906307686329,0.0,0.0,1
9035,0,0.00046507947687448,0.0,0.0,1
9036,0,0.0007947239430344429,0.0,0.0,5
9039,0,0.003926384373867747,0.0,0.0,1
9040,0,0.0013491828250230503,0.0,0.0,4
9041,0,0.060275706168605295,0.0,0.06,1
9044,0,0.000518680534923665,0.0,0.03,1
9045,0,0.0010679071612502017,0.0,0.0,3
9046,0,0.0003418711693615229,0.0,0.0,2
9047,0,0.0006670624260620448,0.0,0.0,5
9048,0,0.0039058984496917106,0.0,0.0,3
9049,0,0.0006798527555502072,0.0,0.0,4
9050,0,0.00019819041664911503,0.0,0.0,2
9051,0,0.0011509701570335776,0.0,0.0,4
9052,0,0.0008399995605942294,0.0,0.0,4
9053,0,0.0007743990956090357,0.0,0.0,1
9055,0,0.0005136958786820045,0.0,0.0,2
9056,0,0.0020716821326028844,0.0,0.0,4
9057,0,0.002384499912604687,0.0,0.0,2
9058,0,0.02176103245859771,0.0,0.01,3
9059,0,0.0012266081262279818,0.0,0.0,2
9060,0,0.004191055097099212,0.0,0.01,3
9061,0,0.0021203940024084253,0.0,0.0,4
9062,0,0.002051433387664799,0.0,0.0,4
9063,0,0.0009386846267020032,0.0,0.0,3
9064,0,0.0018749285112781696,0.0,0.0,3
9065,0,0.007208929796306252,0.0,0.0,1
9066,0,0.0014920127283944394,0.0,0.0,4
9068,0,0.0033128055807616413,0.0,0.0,5
9070,0,0.006225710207534035,0.0,0.0,3
9072,0,0.001063166745353081,0.0,0.0,4
9073,0,0.0033070245652552423,0.0,0.0,3
9074,0,0.007545297859160697,0.0,0.0,3
9077,0,0.002724360567230751,0.0,0.0,4
9078,0,0.0040651224866972095,0.0,0.0,4
9080,0,0.008072925156397804,0.0,0.0,4
9081,0,0.0031871426139547603,0.0,0.0,1
9082,0,0.010552433166035841,0.0,0.0,3
9083,0,0.0021548792662622433,0.0,0.01,4
9084,1,0.9451821601393757,1.0,0.88,2
9085,0,0.022449499849917155,0.0,0.01,4
9086,0,0.009726422526873703,0.0,0.0,5
9087,0,0.001985273385083105,0.0,0.0,3
9088,0,0.0009166661477009454,0.0,0.0,5
9089,0,0.00904587241299062,0.0,0.0,5
9090,0,0.003951278906462738,0.0,0.01,2
9092,0,0.00552075912519292,0.0,0.01,1
9093,0,0.005401909656753035,0.0,0.0,1
9094,0,0.1961375073571313,0.0,0.12,2
9095,0,0.025756346556432917,0.0,0.02,2
9096,0,0.009011721131688435,0.0,0.01,4
9097,0,0.022042800851298183,0.0,0.15,3
9098,0,0.009245051232675104,0.0,0.0,1
9099,0,0.009740306429232744,0.0,0.01,5
9100,0,0.016960207727981735,0.0,0.0,2
9101,0,0.000248269306283711,0.0,0.0,3
9102,0,0.0004241877234600711,0.0,0.0,3
9103,0,0.0009693375409758848,0.0,0.0,3
9105,0,0.0013200211639308851,0.0,0.0,4
9106,0,0.00032056685850537686,0.0,0.0,2
9107,0,0.00027546953793833475,0.0,0.0,5
9110,0,0.0021575023751508314,0.0,0.0,3
9111,0,0.005116912909513761,0.0,0.0,4
9112,0,0.0004366512176869835,0.0,0.0,4
9113,0,0.0007448596250062706,0.0,0.0,3
9115,0,0.003802242041771213,0.0,0.0,3
9116,0,0.000489822948955112,0.0,0.0,5
9117,0,0.0036215130472082658,0.0,0.0,3
9118,0,0.00418039476834525,0.0,0.0,4
9119,0,0.00034375513342751085,0.0,0.0,3
9120,0,0.0017967856645155155,0.0,0.0,1
9121,0,0.003038220036363948,0.0,0.0,1
9123,0,0.001981204456000981,0.0,0.0,2
9124,0,0.014163616790044097,0.0,0.0,4
9125,0,0.0006625094801347223,0.0,0.0,3
9128,0,0.00458141824986786,0.0,0.0,3
9129,0,0.0007276987420741514,0.0,0.0,2
9131,0,0.003974289443039778,0.0,0.0,2
9132,0,0.006057825627474801,0.0,0.0,3
9133,0,0.010094979060084377,0.0,0.01,1
9134,0,0.0014136003407852766,0.0,0.0,5
9136,0,0.0011348288758167378,0.0,0.0,5
9138,0,0.0017908606029148526,0.0,0.0,4
9139,0,0.0022543014488553615,0.0,0.0,1
9140,0,0.0005956716962369065,0.0,0.0,3
9141,0,0.002857521420643863,0.0,0.0,2
9142,0,0.004278232129602444,0.0,0.0,2
9143,0,0.004354857719686828,0.0,0.0,4
9144,0,0.0017035953925881593,0.0,0.0,4
9145,0,0.003533515166084054,0.0,0.0,5
9147,0,0.0007415468996850824,0.0,0.0,2
9148,0,0.0015557896324644798,0.0,0.0,1
9149,0,0.016465581994931998,0.0,0.0,3
9150,0,0.03522384379293,0.0,0.0,4
9151,0,0.007821100000879414,0.0,0.0,3
9152,0,0.012375705061889283,0.0,0.0,1
9153,0,0.0015406648460688291,0.0,0.0,1
9154,0,0.004256169179107908,0.0,0.0,4
9155,0,0.07364745916262713,0.0,0.0,2
9156,0,0.037685476621494116,0.0,0.0,5
9157,0,0.08656069043419659,0.0,0.0,1
9158,0,0.007506195696733726,0.0,0.0,4
9161,0,0.0007133675337113259,0.0,0.0,2
9162,0,0.0035600251949395104,0.0,0.0,3
9163,0,0.016718943761353938,0.0,0.0,4
9164,0,0.10695875499720191,0.0,0.18,1
9165,0,0.2871079169977291,0.0,0.2,2
9166,0,0.044213077833089545,0.0,0.0,2
9167,0,0.0015384276855725768,0.0,0.0,3
9168,0,0.0033907320418686926,0.0,0.0,5
9169,0,0.010239124939625097,0.0,0.0,1
9170,0,0.03433493301871924,0.0,0.0,5
9171,0,0.005361378334749199,0.0,0.0,4
9172,0,0.0025897629038715455,0.0,0.0,4
9173,0,0.0017550157548943096,0.0,0.0,4
9175,1,0.14009777991377662,1.0,0.56,3
9176,0,0.0008879458887385807,0.0,0.0,2
9177,0,0.0015312663905716229,0.0,0.0,2
9178,0,0.010903074158986182,0.0,0.0,3
9179,0,0.0005250128929511567,0.0,0.0,4
9180,0,0.0003113128333018417,0.0,0.0,3
9182,0,0.004588263775167082,0.0,0.0,1
9183,0,0.0006896211387964473,0.0,0.0,4
9184,0,0.002719817904577953,0.0,0.0,4
9185,0,0.007406389374258283,0.0,0.0,2
9186,0,0.00017704453713335286,0.0,0.0,2
9187,0,0.002245762787641482,0.0,0.0,4
9188,0,0.0013168109044975804,0.0,0.0,1
9190,0,0.0002519244651235426,1.0,0.0,5
9192,0,0.0006985449007349361,0.0,0.0,5
9193,0,0.0014445202044091059,0.0,0.0,4
9194,0,0.000575930608772605,0.0,0.0,4
9195,0,0.0008403290117012827,0.0,0.0,2
9196,0,0.0023702544858525756,0.0,0.0,2
9197,0,0.007804303134050121,0.0,0.0,1
9198,0,0.0008670244149506722,0.0,0.0,1
9199,0,0.0004882992216246439,0.0,0.0,3
9200,0,0.0003894748043300886,0.0,0.0,5
9201,0,0.002171903355499618,0.0,0.0,4
9202,0,0.0011602711524493904,0.0,0.0,5
9203,0,0.0007926362918271253,0.0,0.0,3
9205,0,0.0007675042606512619,0.0,0.0,4
9206,0,0.005902785818871926,0.0,0.0,4
9208,0,0.0008249365252797614,0.0,0.0,2
9209,0,0.027633761419942757,0.0,0.0,5
9210,0,0.0426013424032169,0.0,0.0,2
9211,0,0.0055716970254755345,0.0,0.0,3
9213,0,0.002008986976399629,0.0,0.0,3
9214,0,0.0014722025520356005,0.0,0.0,4
9215,0,0.0017797708182052574,0.0,0.0,2
9216,0,0.0025384896609974097,0.0,0.0,5
9217,0,0.015577114890254857,0.0,0.0,4
9218,0,0.009134798561347971,0.0,0.0,1
9219,0,0.02966953875086243,0.0,0.0,5
9220,0,0.030697023411659505,0.0,0.0,3
9221,0,0.0007004809722826499,0.0,0.0,2
9222,0,0.0016316580202753264,0.0,0.0,5
9223,0,0.0022798702653909902,0.0,0.0,5
9224,0,0.01052115689787751,0.0,0.0,5
9226,0,0.0012389203284949195,0.0,0.0,3
9227,0,0.007550190320178302,0.0,0.0,5
9228,0,0.00281225397035872,0.0,0.0,1
9230,0,0.004545549408136092,0.0,0.0,1
9233,0,0.006228405986334555,0.0,0.0,3
9235,0,0.0024128479507483946,0.0,0.0,2
9237,0,0.0024379439843471616,0.0,0.0,1
9238,0,0.0032854651285554497,0.0,0.0,4
9239,0,0.026843418093969614,0.0,0.0,4
9240,0,0.013654324966812745,0.0,0.0,1
9241,0,0.0036436524493627417,0.0,0.0,1
9242,0,0.1039786529921278,0.0,0.14,3
9244,0,0.006533495704028446,0.0,0.0,1
9245,0,0.0029637690758851803,0.0,0.0,4
9246,0,0.015143980248861407,0.0,0.0,4
9247,0,0.006584423974317186,0.0,0.0,4
9249,0,0.005890386312459429,0.0,0.0,5
9250,0,0.002576293430716112,0.0,0.0,4
9251,0,0.0012617207845559302,0.0,0.0,3
9252,0,0.0024884994386164547,0.0,0.0,4
9253,0,0.00786455418003824,0.0,0.0,5
9254,0,0.003242351262704157,0.0,0.0,5
9255,0,0.004673744941569769,0.0,0.0,2
9257,0,0.10464063160170231,0.0,0.11,3
9258,0,0.00038407967553762004,0.0,0.01,1
9260,0,0.034294374205806145,0.0,0.01,4
9261,0,0.00026277650950604883,0.0,0.0,3
9262,0,0.0015982065749937215,0.0,0.0,1
9263,0,0.0029108494730316478,0.0,0.0,5
9264,0,0.0004389781257542766,0.0,0.0,5
9265,0,0.0036822213011204774,0.0,0.01,4
9266,0,0.000305116298936718,0.0,0.0,3
9267,0,0.02951770342450238,0.0,0.01,5
9268,0,0.0008542788187046302,0.0,0.0,5
9270,0,0.04335639458101399,0.0,0.0,1
9271,0,0.0017088421111252274,0.0,0.0,2
9273,0,0.0002885474975734625,0.0,0.04,2
9274,0,0.04167863446803049,0.0,0.0,5
9275,0,0.0004507401301624611,0.0,0.0,4
9277,0,0.010060039066407633,0.0,0.0,5
9278,0,0.0027656517361803524,0.0,0.0,2
9279,0,0.00022824444915484622,0.0,0.0,3
9280,0,0.002123540836404395,0.0,0.0,5
9281,0,0.0013042538425581565,0.0,0.01,5
9283,0,0.0012894091378354018,0.0,0.0,3
9284,0,0.002261079236096871,0.0,0.0,1
9285,0,0.004267064277018919,0.0,0.0,1
9287,0,0.0008859937028966102,0.0,0.0,2
9288,0,0.04358296618718749,0.0,0.0,5
9289,0,0.002869345605266514,0.0,0.0,1
9290,0,0.002918885155788735,0.0,0.0,2
9292,0,0.0031928890644383296,0.0,0.0,1
9293,0,0.0007088344736392565,0.0,0.0,3
9294,0,0.0005505687306710868,0.0,0.0,4
9295,0,0.006028777450951433,0.0,0.0,5
9296,0,0.0017925465651489746,0.0,0.0,5
9297,0,0.0038750877069135313,0.0,0.01,2
9298,0,0.006730878563576314,0.0,0.0,2
9299,0,0.005478837145499841,0.0,0.0,4
9301,0,0.02328881673779381,0.0,0.0,1
9302,0,0.0013093363216878555,0.0,0.0,4
9303,0,0.0027522435241557463,0.0,0.0,1
9304,0,0.01273011809403323,0.0,0.0,2
9305,0,0.0008485782949768254,0.0,0.0,3
9306,0,0.002412159944232652,0.0,0.0,2
9307,0,0.019437730006214057,0.0,0.0,5
9309,0,0.005088008276490412,0.0,0.0,4
9310,0,0.009208332513926082,0.0,0.0,2
9314,0,0.0011848512182731441,0.0,0.0,2
9315,0,0.014522438597025294,0.0,0.0,3
9318,0,0.004222829036499777,0.0,0.0,2
9319,0,0.003614200247397475,0.0,0.0,2
9321,0,0.041955617871482415,0.0,0.0,5
9322,0,0.003001717838498586,0.0,0.0,2
9323,0,0.004023378035680976,0.0,0.0,2
9324,0,0.006581908216852549,0.0,0.0,5
9325,0,0.008035024207052698,0.0,0.0,1
9326,0,0.005194298395899176,0.0,0.01,2
9327,0,0.0022047065939091244,0.0,0.0,1
9328,0,0.008560401680831982,0.0,0.0,5
9329,0,0.011279614060080361,0.0,0.01,5
9330,0,0.002757179894256612,0.0,0.0,5
9332,0,0.006386985030310185,0.0,0.0,3
9333,0,0.00802863009349402,0.0,0.01,3
9334,0,0.019218055564792145,0.0,0.02,1
9335,0,0.16432221357423177,0.0,0.1,2
9336,0,0.023343635560215976,0.0,0.02,1
9339,0,0.04184216602868074,0.0,0.22,1
9340,0,0.000642808761597309,0.0,0.0,5
9341,0,0.0006621934288769181,0.0,0.0,3
9342,0,0.0005288532159688299,0.0,0.0,4
9343,0,0.00391628668821039,0.0,0.0,2
9344,0,0.0006986460193161108,0.0,0.0,3
9345,0,0.004016532160824299,0.0,0.0,2
9346,0,0.003700175113997523,0.0,0.0,1
9348,0,0.010108582414667418,0.0,0.0,4
9349,0,0.001097599139579506,0.0,0.0,1
9350,0,0.008533124948901299,0.0,0.01,1
9351,0,0.0007853201368175173,0.0,0.0,4
9352,0,0.0011991797026950001,0.0,0.0,2
9355,0,0.0005634130288881926,0.0,0.0,2
9356,0,0.003864325480151168,0.0,0.0,2
9357,0,0.00011123869263169667,0.0,0.0,5
9358,0,0.0026515678354472614,0.0,0.0,5
9359,0,0.020818600689248117,0.0,0.0,3
9360,0,0.005174926195151009,0.0,0.0,5
9361,0,0.0012966031476544905,0.0,0.0,4
9362,0,0.0015242738941819807,0.0,0.0,5
9363,0,0.0004575422221830559,0.0,0.0,2
9364,0,0.0006882187848245439,0.0,0.0,5
9365,0,0.006801572210061541,0.0,0.01,1
9367,0,0.006109719199187063,0.0,0.0,2
9368,0,0.0015119744210593548,0.0,0.0,3
9369,0,0.001095498500266933,0.0,0.0,5
9370,0,0.01446563054307021,0.0,0.0,1
9373,0,0.007297585047721563,0.0,0.0,4
9374,0,0.0042568638982244085,0.0,0.0,4
9375,0,0.0013009084186364332,0.0,0.0,4
9376,0,0.0008508651031957486,0.0,0.0,5
9377,0,0.002247791634507113,0.0,0.0,5
9378,0,0.006436449686046712,0.0,0.0,1
9379,0,0.014937028173340082,0.0,0.0,4
9380,0,0.007381000895454991,0.0,0.0,3
9382,0,0.0021531456344194666,0.0,0.0,5
9383,0,0.0024661752738836386,0.0,0.0,5
9384,0,0.07287365830692466,0.0,0.01,4
9387,0,0.017342233763673186,0.0,0.0,2
9388,0,0.0034426119903498004,0.0,0.0,4
9389,0,0.04072636891097903,0.0,0.02,2
9390,0,0.004959334734659082,0.0,0.0,2
9391,0,0.006017139418664036,0.0,0.0,3
9392,0,0.01845231437659979,0.0,0.0,4
9396,0,0.051978939697306915,0.0,0.0,4
9397,0,0.04065425946413984,0.0,0.0,2
9398,0,0.004688514951589568,0.0,0.0,2
9399,0,0.02338303497335095,0.0,0.0,5
9400,0,0.011818368302490263,0.0,0.0,2
9401,0,0.0012176463823025585,0.0,0.0,3
9403,0,0.005206362835621793,0.0,0.03,4
9404,0,0.008296909286732247,0.0,0.0,2
9405,0,0.050716984965377104,0.0,0.0,5
9406,0,0.01766561028837366,0.0,0.01,2
9407,0,0.07347367800416442,0.0,0.0,4
9408,0,0.004911288762633531,0.0,0.0,2
9409,0,0.002924770956033985,0.0,0.0,3
9412,0,0.0027453492064028985,0.0,0.03,2
9415,0,0.00045258689014756486,0.0,0.02,5
9416,0,0.002322099355696172,0.0,0.0,2
9417,0,0.002692627667449694,0.0,0.0,1
9418,0,0.002876718777288352,0.0,0.0,3
9420,0,0.002170211002937887,0.0,0.0,4
9421,0,0.011866285588601188,0.0,0.0,1
9422,0,0.0005072729872631044,0.0,0.0,5
9423,0,0.0006744450255505288,0.0,0.0,2
9424,0,0.00034518694962519525,0.0,0.0,5
9425,0,0.0017844020639537395,0.0,0.01,3
9426,0,0.015837756030712576,0.0,0.0,5
9428,0,0.001610930147455332,0.0,0.0,3
9429,0,0.0006657810856046998,0.0,0.0,1
9430,0,0.00065842897204951,0.0,0.0,1
9432,0,0.007053428031058698,0.0,0.0,1
9433,0,0.011927930707984756,0.0,0.0,1
9434,0,0.0015256441332565955,0.0,0.0,4
9435,0,0.010717817165808347,0.0,0.0,5
9436,0,0.002722123573650037,0.0,0.0,2
9437,0,0.003766328304871838,0.0,0.0,5
9438,0,0.015427319052363055,0.0,0.01,4
9439,0,0.005453100367028957,0.0,0.0,2
9441,0,0.0029768147726319375,0.0,0.0,4
9442,0,0.0038520664399750867,0.0,0.0,1
9443,0,0.01601154624267398,0.0,0.01,2
9444,0,0.0038295157024567307,0.0,0.03,3
9445,0,0.0036741440808941727,0.0,0.0,3
9447,0,0.005373378373340257,0.0,0.01,2
9448,0,0.003931395616231133,0.0,0.0,1
9449,0,0.0015019408730040382,0.0,0.0,5
9451,0,0.001863260244575181,0.0,0.0,2
9453,0,0.02228058815497759,0.0,0.01,4
9454,0,0.00309094944898883,0.0,0.0,1
9455,0,0.0034623577995001255,0.0,0.0,2
9456,0,0.0023130530595351505,0.0,0.0,2
9457,0,0.000592168011730733,0.0,0.0,4
9460,0,0.003661602874744501,0.0,0.0,5
9461,0,0.005855757791374716,0.0,0.01,2
9462,0,0.009691933358989246,0.0,0.0,5
9463,0,0.0022776111118452793,0.0,0.0,5
9464,0,0.02185852226176452,0.0,0.0,5
9465,0,0.0059211176250834555,0.0,0.0,1
9466,0,0.03188350823382756,0.0,0.0,3
9467,0,0.001816759089892775,0.0,0.0,5
9469,0,0.007757248029650726,0.0,0.0,3
9470,0,0.012210291300835228,0.0,0.09,1
9472,0,0.00997541051293334,0.0,0.02,2
9473,0,0.0032404591640011445,0.0,0.0,2
9474,0,0.015417424013119662,0.0,0.0,2
9477,0,0.006728896766395186,0.0,0.0,5
9478,0,0.008457950304680979,0.0,0.0,4
9479,0,0.001583677202743489,0.0,0.0,4
9480,0,0.007501827283726065,0.0,0.0,3
9481,0,0.0373625640945326,0.0,0.0,4
9483,0,0.002920510410667388,0.0,0.0,5
9485,0,0.006402915239789892,0.0,0.0,4
9487,0,0.027349858551287156,0.0,0.02,4
9490,0,0.011707408031397038,0.0,0.01,2
9491,0,0.008958398316977485,0.0,0.0,2
9493,1,0.21342985148722193,1.0,0.5,4
9494,0,0.02950025766650837,0.0,0.09,1
9495,0,0.006461679356306063,0.0,0.28,2
9496,0,0.030339175271924132,0.0,0.28,1
9497,0,0.00028602901715728984,0.0,0.0,3
9498,0,0.0002918280349342873,0.0,0.0,5
9499,0,0.0008857013052241881,0.0,0.0,1
9500,0,0.0005932554473180294,0.0,0.0,3
9501,0,0.0022689515103758726,0.0,0.0,2
9502,0,0.011109577833870959,0.0,0.01,5
9504,0,0.003179915873843937,0.0,0.0,5
9505,0,0.000459529593114884,0.0,0.0,5
9507,0,0.0007159496222807765,0.0,0.0,3
9508,0,0.001290961042057619,0.0,0.0,5
9510,0,0.001919682509118675,0.0,0.0,4
9512,0,0.0013892782585462392,0.0,0.0,3
9513,0,0.0003862893255414329,0.0,0.0,5
9514,0,0.0030306075313857586,0.0,0.0,4
9515,0,0.0005891189263442924,0.0,0.0,4
9516,0,0.010765029383300396,0.0,0.01,5
9518,0,0.006029901121912295,0.0,0.0,2
9519,0,0.0008633519889719752,0.0,0.0,1
9520,0,0.004181360798000767,0.0,0.07,5
9521,0,0.000924393138217057,0.0,0.0,1
9522,0,0.0007553438595075582,0.0,0.0,4
9523,0,0.0020551708464802173,0.0,0.0,4
9524,0,0.00012860626735388656,0.0,0.0,4
9525,0,0.001061060141707118,0.0,0.0,3
9526,0,0.023220724930000474,0.0,0.0,3
9527,0,0.009047724631054301,0.0,0.0,2
9528,0,0.009940447324733174,0.0,0.03,4
9531,0,0.003938999250758213,0.0,0.0,2
9532,0,0.005928320469858641,0.0,0.01,3
9535,0,0.0004926949120668028,0.0,0.0,5
9536,0,0.0023004205752585375,0.0,0.0,4
9537,0,0.0016002549840024526,0.0,0.0,3
9539,0,0.009202551438255279,0.0,0.0,1
9540,0,0.006726559142655658,0.0,0.0,1
9543,0,0.004694580220113265,0.0,0.04,3
9544,0,0.0025490939892327466,0.0,0.0,2
9545,0,0.0010290558268841342,0.0,0.0,1
9546,0,0.010427358480491615,0.0,0.0,3
9549,0,0.0019927956320497054,0.0,0.0,5
9550,0,0.0030384249558152547,0.0,0.0,5
9551,0,0.011588652190606195,0.0,0.0,5
9552,0,0.0034887275027467596,0.0,0.0,3
9553,0,0.0027601793671647953,0.0,0.0,3
9556,0,0.010708726659016699,0.0,0.04,5
9557,0,0.003586703666114263,0.0,0.0,5
9559,0,0.002985326179529658,0.0,0.0,2
9560,0,0.008900031304161506,0.0,0.0,3
9561,0,0.006540236694099223,0.0,0.01,2
9562,0,0.02909739564770046,0.0,0.0,2
9563,0,0.001366984785909514,0.0,0.0,2
9564,0,0.004012384164731531,0.0,0.0,1
9565,0,0.002042538241144545,0.0,0.01,4
9566,0,0.005329725491311222,0.0,0.0,5
9567,0,0.004725300874418452,0.0,0.0,4
9569,0,0.0030642552825015015,0.0,0.0,5
9570,0,0.019534539446744728,0.0,0.0,2
9571,0,0.007547449434461849,0.0,0.0,3
9572,0,0.015717703281532013,0.0,0.01,2
9573,0,0.007662168211412106,0.0,0.0,3
9574,0,0.013104846534268938,0.0,0.0,1
9575,0,0.0053090583952546825,0.0,0.03,2
9576,1,0.012012489225166944,0.0,0.03,4
9577,0,0.0014526561941024833,0.0,0.02,2
9578,0,0.0015909696188266772,0.0,0.0,5
9579,0,0.00041099990680693195,0.0,0.0,1
9580,0,0.021639341842611202,0.0,0.02,2
9581,0,0.010467023702090352,0.0,0.0,5
9582,0,0.0012659012181574889,0.0,0.0,3
9584,0,0.002116424485517036,0.0,0.0,4
9585,0,0.002204424207941845,0.0,0.0,2
9586,0,0.009437476602561962,0.0,0.03,2
9587,0,0.0005004688283637205,0.0,0.0,4
9588,0,0.003158733244758703,0.0,0.0,3
9590,0,0.002511476192556535,0.0,0.0,1
9591,0,0.0010845026283193833,0.0,0.0,3
9592,0,0.0017434496731516718,0.0,0.07,3
9593,0,0.007366170056327064,0.0,0.01,5
9594,0,0.0006449605834520994,0.0,0.0,3
9596,0,0.002142121342234662,0.0,0.0,5
9597,0,0.0007837121120077391,0.0,0.0,3
9598,0,0.0015297430987863119,0.0,0.0,3
9599,0,0.0004855797971549202,0.0,0.0,5
9600,0,0.007825722342080574,0.0,0.0,5
9602,0,0.0021942293276079224,0.0,0.0,4
9603,0,0.0016977277252166589,0.0,0.0,3
9604,0,0.002632947077359588,0.0,0.0,3
9605,0,0.000559458613078477,0.0,0.0,1
9606,0,0.0022866925274384817,0.0,0.0,1
9607,0,0.0019771089881945193,0.0,0.0,4
9608,0,0.002093973714972039,0.0,0.0,4
9609,0,0.001864768235397417,0.0,0.0,4
9610,0,0.0031363096011057167,0.0,0.0,5
9611,0,0.0016987622987516683,0.0,0.01,2
9612,0,0.000600069179265164,0.0,0.0,5
9613,1,0.19755072491464146,1.0,0.21,1
9614,0,0.002028396052211046,0.0,0.0,3
9615,0,0.002980050354576857,0.0,0.0,5
9616,0,0.0027366815662221247,0.0,0.0,5
9617,0,0.0007617532529469383,0.0,0.0,3
9618,0,0.003538372189682634,0.0,0.0,4
9619,0,0.007497554592998057,0.0,0.0,4
9621,0,0.0033541304951856797,0.0,0.0,5
9622,0,0.002346035567955546,0.0,0.0,2
9623,0,0.004821094256879965,0.0,0.02,2
9625,0,0.014503360444454055,0.0,0.0,5
9627,0,0.0007422659302670821,0.0,0.0,3
9628,0,0.001243452686182329,0.0,0.0,1
9629,0,0.004775222931801955,0.0,0.0,1
9630,0,0.0033315497758126837,0.0,0.0,2
9631,0,0.004831865530553544,0.0,0.0,2
9632,0,0.059430770697470846,0.0,0.0,2
9634,0,0.06303339755618927,0.0,0.0,4
9637,0,0.0025942801540099905,0.0,0.0,3
9638,0,0.0041441946694625,0.0,0.01,1
9639,0,0.0024795013054678943,0.0,0.0,1
9640,0,0.0024390982998143376,0.0,0.0,3
9642,0,0.008538334787247939,0.0,0.0,4
9644,0,0.0036719068308423857,0.0,0.0,2
9645,0,0.004439435249391686,0.0,0.02,5
9646,0,0.00194861694501842,0.0,0.0,3
9647,0,0.03291849668341544,0.0,0.01,3
9649,0,0.004616156818326251,0.0,0.0,5
9651,0,0.005380311884509509,0.0,0.0,1
9652,0,0.02900969851548125,0.0,0.0,3
9653,1,0.1392223124557711,0.0,0.23,4
9654,1,0.1780695513567546,0.0,0.54,1
9657,0,0.008261328204399537,0.0,0.02,3
9658,0,0.004669700213381293,0.0,0.03,4
9659,1,0.30546340477331,1.0,0.78,5
9660,0,0.005486740308030091,0.0,0.01,3
9661,0,0.018724219896976105,0.0,0.09,3
9663,1,0.06864536246085995,1.0,0.34,2
9666,0,0.004152478380192986,0.0,0.33,4
9667,1,0.030330942959331156,1.0,0.3,2
9668,0,0.0145758638386675,0.0,0.13,3
9669,0,0.004956710220595206,0.0,0.05,5
9670,0,0.009881455085455093,0.0,0.21,3
9672,0,0.0006091726778966701,0.0,0.0,3
9674,0,0.00038750503566846884,0.0,0.0,3
9675,0,0.005735613960007474,0.0,0.02,4
9677,0,0.0011012929018024188,0.0,0.0,5
9678,0,0.0002171210265738648,0.0,0.0,3
9679,0,0.0006144502501855285,0.0,0.0,4
9680,0,0.001104543997612771,0.0,0.0,2
9681,0,0.0009206277189036982,0.0,0.0,4
9682,0,0.0021581768707129192,0.0,0.0,2
9683,0,0.010190743530818423,0.0,0.01,4
9684,0,0.0029423773425891076,0.0,0.1,2
9686,0,0.0012299532928959171,0.0,0.0,3
9687,0,0.0005129905598788586,0.0,0.0,4
9688,0,0.001413626057914122,0.0,0.04,5
9689,0,0.05824380094181743,0.0,0.08,2
9690,0,0.00033322247133348314,0.0,0.0,5
9691,0,0.0005211750810606491,0.0,0.0,4
9692,0,0.000375266295629176,0.0,0.0,3
9693,0,0.00055671487451978,0.0,0.0,3
9694,0,0.0004530251394801132,0.0,0.0,2
9695,0,0.00047591892640377924,0.0,0.0,3
9696,0,0.000513911275506322,0.0,0.0,2
9697,0,0.0019039819917199346,0.0,0.0,2
9698,0,0.0005561173166524453,0.0,0.06,1
9699,0,0.000893757843197651,0.0,0.0,4
9700,0,0.01014048405606687,0.0,0.0,1
9701,0,0.003679971170442942,0.0,0.0,4
9702,0,0.0007060543250281837,0.0,0.0,3
9703,0,0.0024757455820359035,0.0,0.0,4
9704,0,0.006303881369214434,0.0,0.0,3
9705,0,0.002588581051576547,0.0,0.0,4
9706,0,0.000892467080164227,0.0,0.0,2
9707,0,0.0033584929555781702,0.0,0.0,1
9708,0,0.0007922387770995693,0.0,0.02,3
9709,0,0.00032610795752998386,0.0,0.0,4
9710,0,0.1286775766827194,0.0,0.11,2
9711,0,0.0016815860920974968,0.0,0.0,1
9712,0,0.010063945910708947,0.0,0.0,5
9714,0,0.001327380860962444,0.0,0.0,4
9715,0,0.05157181895140391,0.0,0.09,2
9716,0,0.002181550694028499,0.0,0.02,5
9717,0,0.009966590817943379,0.0,0.0,5
9718,0,0.001627479397099993,0.0,0.0,5
9719,0,0.031921747182726404,0.0,0.05,5
9720,0,0.022561540515043173,0.0,0.0,1
9721,0,0.003691692557202236,0.0,0.0,3
9722,0,0.0014148293625478425,0.0,0.01,5
9723,0,0.0025668838040399117,0.0,0.0,1
9725,0,0.0003944444342996922,0.0,0.0,2
9726,0,0.004233960850944145,0.0,0.0,4
9728,0,0.002086689034615572,0.0,0.01,1
9729,0,0.0023919093254497364,1.0,0.1,1
9730,0,0.0028869546787232353,0.0,0.0,1
9731,0,0.016902442279943686,0.0,0.0,5
9732,0,0.03696372492278801,0.0,0.02,1
9734,0,0.0047547363623652705,0.0,0.0,2
9735,0,0.026102029389230324,0.0,0.0,1
9737,0,0.005575322610398959,0.0,0.0,4
9738,0,0.004293651327336524,0.0,0.0,4
9739,0,0.015433782833766133,0.0,0.0,2
9740,0,0.002258905908506239,0.0,0.0,1
9742,0,0.010503194936312221,0.0,0.0,2
9745,0,0.002862315034282716,0.0,0.0,3
9746,0,0.012411534152671157,0.0,0.01,1
9747,0,0.03909624831145729,0.0,0.01,2
9748,0,0.003583599407195963,0.0,0.0,1
9749,0,0.012451058583503814,0.0,0.05,2
9750,0,0.00230707436597053,0.0,0.0,1
9752,0,0.0021157271207688155,0.0,0.0,3
9753,0,0.005871744388763809,0.0,0.04,3
9754,0,0.002079908071729147,0.0,0.0,5
9756,0,0.009132463397544494,0.0,0.05,4
9757,0,0.0013334997547017025,0.0,0.01,2
9758,1,0.0900479404587825,0.0,0.19,3
9760,0,0.0041033728451732275,0.0,0.0,4
9761,0,0.0001529055225322802,0.0,0.0,2
9764,1,0.10286836512084856,1.0,0.68,5
9766,0,0.000679148778490259,0.0,0.01,1
9767,0,0.0006309977852781185,0.0,0.0,1
9768,0,0.0014109183024473538,0.0,0.0,4
9769,0,0.002830326317390412,0.0,0.02,3
9770,0,0.00021544325447013193,0.0,0.0,1
9771,0,0.005597027654374338,0.0,0.0,5
9772,0,0.0007284695571021081,0.0,0.0,4
9773,0,0.0017928106768515528,0.0,0.0,4
9774,0,0.0002974867095470314,0.0,0.01,1
9775,0,0.00024138860927639413,0.0,0.0,2
9776,0,0.012714228185585546,0.0,0.0,4
9777,0,0.043281276629690016,0.0,0.0,5
9779,0,0.0005795415197497249,0.0,0.0,2
9780,0,0.005191024986660477,0.0,0.0,2
9781,0,0.0014987255578119902,0.0,0.01,4
9782,0,0.004085324409770508,0.0,0.01,1
9783,0,0.002301286674179546,0.0,0.09,5
9784,0,0.005857520490084815,0.0,0.0,4
9785,0,0.0007217017282424502,0.0,0.0,1
9786,0,0.0007040509421788353,0.0,0.0,4
9787,0,0.0077948792569737125,0.0,0.02,2
9788,0,0.002003591654578401,0.0,0.0,2
9789,0,0.0013555221149060565,0.0,0.0,1
9790,0,0.005941112269941865,0.0,0.0,1
9791,0,0.0010373599149901378,0.0,0.0,2
9792,0,0.0009548152108163957,0.0,0.0,2
9793,0,0.0041306656598322404,0.0,0.0,3
9794,0,0.0020201497348426353,0.0,0.0,4
9795,0,0.002404870065841664,0.0,0.0,4
9796,0,0.0013841814681319691,0.0,0.0,5
9797,0,0.0010957226323541967,0.0,0.0,3
9798,0,0.011522874850256493,0.0,0.0,1
9800,0,0.009689585147699211,0.0,0.01,4
9802,0,0.0018428068418785697,0.0,0.0,5
9804,0,0.007096720786592018,0.0,0.0,5
9805,0,0.001035228285073166,0.0,0.0,2
9806,0,0.35362464705475105,0.0,0.11,1
9807,0,0.10365740851704547,0.0,0.0,4
9809,0,0.011090594290957042,0.0,0.0,2
9811,0,0.0026799400105280893,0.0,0.0,1
9812,0,0.006244381974825554,0.0,0.0,3
9813,0,0.047676459911397864,0.0,0.0,5
9814,0,0.0016981023605656266,0.0,0.0,2
9815,0,0.007782800316835128,0.0,0.0,3
9817,0,0.006703151939253823,0.0,0.0,1
9818,0,0.007597719232668192,0.0,0.04,1
9819,0,0.0016350974847143581,0.0,0.03,5
9820,0,0.004642256262906871,0.0,0.0,5
9821,0,0.015769532703809278,0.0,0.01,2
9822,1,0.33267116220490717,0.0,0.19,5
9823,0,0.014598232916389255,0.0,0.0,1
9824,0,0.007529991766457821,0.0,0.0,3
9825,0,0.004084567813857459,0.0,0.0,3
9826,0,0.060531609201892836,0.0,0.05,1
9828,0,0.04341136934787537,0.0,0.12,1
9829,0,0.004965877657423385,0.0,0.07,1
9831,0,0.006208234166662068,0.0,0.02,1
9832,0,0.030565872860533715,0.0,0.1,1
9833,0,0.013718650700751614,0.0,0.1,4
9834,0,0.0003987690723320889,0.0,0.0,4
9835,0,0.0007264033630155192,0.0,0.0,1
9836,0,0.006350279495995448,0.0,0.0,1
9838,0,0.0018375149159480975,0.0,0.0,5
9839,0,0.012946460648243542,0.0,0.0,2
9840,0,0.0009242162500323485,0.0,0.0,5
9841,0,0.003140550905796,0.0,0.0,1
9842,0,0.0031136880592071412,0.0,0.0,1
9843,0,0.007609953977798517,0.0,0.0,5
9844,0,0.00030994492525323914,0.0,0.0,1
9845,0,0.00484588151498643,0.0,0.0,4
9846,0,0.04235826848484229,0.0,0.01,4
9847,0,0.001995313307401631,0.0,0.0,1
9848,0,0.0021554886448424907,0.0,0.0,5
9849,0,0.013921781216122961,0.0,0.14,5
9851,0,0.0005489231209122701,0.0,0.0,2
9852,0,0.005510277348545346,0.0,0.01,1
9853,0,0.0011412941629402997,0.0,0.0,3
9856,0,0.0031390493802708874,0.0,0.0,5
9859,0,0.0005273498322758513,0.0,0.0,3
9860,0,0.0005843891414207425,0.0,0.0,3
9862,0,0.0036707771273785023,0.0,0.06,1
9863,0,0.07181808537690493,0.0,0.03,1
9864,0,0.0006562023006757184,0.0,0.0,3
9865,0,0.05389055933935389,0.0,0.03,2
9866,0,0.00208672244192677,0.0,0.0,2
9867,0,0.003415578107662259,0.0,0.0,3
9868,0,0.001165243315724315,0.0,0.0,4
9869,0,0.0008480168285653619,0.0,0.0,1
9870,0,0.001998973024236794,0.0,0.0,2
9871,0,0.001947646509452591,0.0,0.0,3
9872,0,0.01956531852784466,0.0,0.05,2
9873,0,0.004500729574726502,0.0,0.0,3
9875,0,0.008903344733976793,0.0,0.0,5
9876,0,0.08620966048013931,0.0,0.0,3
9877,0,0.1278737275534517,0.0,0.0,4
9878,0,0.06103517340554539,0.0,0.02,4
9879,0,0.0014532737244387767,0.0,0.0,4
9880,0,0.0021662764621503705,0.0,0.0,5
9882,0,0.0029853512064411322,0.0,0.0,4
9883,0,0.00312320863789157,0.0,0.0,5
9884,0,0.0035203405759208473,0.0,0.0,1
9887,0,0.005908006023310224,0.0,0.0,1
9888,0,0.0017489254871372955,0.0,0.0,2
9890,0,0.005235443731609851,0.0,0.0,4
9891,0,0.015316658043356043,0.0,0.01,4
9892,0,0.014437013658379539,0.0,0.0,5
9894,0,0.003625479235942966,0.0,0.0,3
9895,0,0.1093511924609863,0.0,0.05,1
9896,0,0.005545305951403046,0.0,0.0,4
9897,0,0.012428275974031658,0.0,0.0,2
9898,0,0.011543835018244401,0.0,0.0,4
9899,0,0.002627043425243624,0.0,0.0,5
9900,0,0.00669911328233483,0.0,0.0,5
9901,0,0.03403093400669554,0.0,0.02,5
9902,0,0.006985889626747705,0.0,0.02,2
9903,0,0.01568716104747429,0.0,0.0,4
9905,0,0.04830064662576872,0.0,0.0,3
9906,0,0.011323681467922014,0.0,0.0,5
9907,0,0.018046083039193497,0.0,0.02,3
9908,0,0.0053851782629229916,0.0,0.01,2
9909,0,0.0004736100461243353,0.0,0.0,2
9910,0,0.005494984676487563,0.0,0.0,4
9911,0,0.0007947079578350963,0.0,0.0,5
9913,0,0.0004048503982175515,0.0,0.0,4
9914,0,0.0006981100284312186,0.0,0.0,1
9915,0,0.00028612198433490056,0.0,0.0,1
9916,0,0.00039986547421278016,0.0,0.0,2
9917,0,0.0005910070431365564,0.0,0.0,2
9918,0,0.031010304696916582,0.0,0.01,4
9919,0,0.03238589495542279,0.0,0.01,1
9920,0,0.001750088450682903,0.0,0.0,5
9921,0,0.0024278158513494534,0.0,0.0,1
9922,0,0.0014979989375994783,0.0,0.0,2
9923,0,0.000933473112620722,0.0,0.0,4
9925,0,0.0025048826916913842,0.0,0.04,5
9926,0,0.000625018515484096,0.0,0.0,5
9927,0,0.0018762835953298812,0.0,0.0,4
9928,0,0.00013959316679159654,0.0,0.0,5
9929,0,0.001070848571749406,0.0,0.0,3
9930,0,0.00981464130189479,0.0,0.0,1
9931,0,0.011697034100408173,0.0,0.01,1
9932,0,0.0008340474611114327,0.0,0.01,3
9933,0,0.0010737816125429313,0.0,0.0,2
9934,0,0.008533142878036064,0.0,0.0,5
9935,0,0.021483785973051284,0.0,0.0,3
9936,0,0.0005474387548494006,0.0,0.0,5
9937,0,0.02812067447251847,0.0,0.0,1
9938,0,0.0015242332240061,0.0,0.0,4
9939,0,0.2869019571585311,1.0,0.82,4
9940,0,0.0017475869176198,0.0,0.0,5
9941,0,0.004666890785938095,0.0,0.01,3
9942,0,0.02962693434992661,0.0,0.0,4
9943,0,0.0013775410676777036,0.0,0.0,2
9944,0,0.014994515705437991,0.0,0.01,2
9945,0,0.009769670713064152,0.0,0.0,4
9946,0,0.011146974117661223,0.0,0.0,3
9947,0,0.002377494636015596,0.0,0.0,5
9948,0,0.00471296415931374,0.0,0.0,1
9949,0,0.06097832374281482,0.0,0.0,4
9952,0,0.027977856979503203,0.0,0.0,1
9953,0,0.004407791160994471,0.0,0.0,5
9955,0,0.002638332218941962,0.0,0.0,5
9956,0,0.0033053235247259183,0.0,0.0,4
9957,0,0.00395668080766544,0.0,0.0,3
9958,0,0.0021325117026207516,0.0,0.0,2
9959,0,0.033868710303891596,0.0,0.0,1
9961,0,0.1616535301252999,0.0,0.0,4
9962,0,0.055417801449775116,0.0,0.0,3
9963,0,0.0067995307421489576,0.0,0.01,1
9964,0,0.005599254763317464,0.0,0.0,5
9965,0,0.006590781144445706,0.0,0.0,4
9966,0,0.017829927592046983,0.0,0.0,5
9967,0,0.0035651395223238614,0.0,0.0,5
9968,0,0.005343346557962663,0.0,0.0,5
9970,0,0.006458396636538837,0.0,0.0,2
9971,0,0.04132896291938719,0.0,0.0,2
9972,0,0.09256143323435848,0.0,0.0,3
9973,0,0.008548421582943872,0.0,0.0,3
9974,1,0.8942499127795058,1.0,0.83,3
9975,0,0.004755895078649781,0.0,0.0,2
9976,0,0.004218833099604519,0.0,0.0,5
9977,0,0.008407446433277751,0.0,0.01,4
9979,0,0.03630356287844057,0.0,0.02,3
9980,0,0.014301211344582086,0.0,0.0,4
9983,0,0.006817014961718458,0.0,0.0,2
9984,0,0.012986956287594316,0.0,0.0,5
9985,0,0.0050322182004792085,0.0,0.02,4
9988,0,0.009027264043606265,0.0,0.04,1
9989,0,0.00036744258084212944,0.0,0.0,3
9990,0,0.0012625421624960205,0.0,0.0,4
9991,0,0.0011088408002192021,0.0,0.0,2
9992,0,0.001259712032546654,0.0,0.0,3
9993,0,0.006849918232070656,0.0,0.0,4
9994,0,0.00032518174240417873,0.0,0.0,2
9995,0,0.00023380352841822705,0.0,0.0,2
9996,0,0.0005672632485982674,0.0,0.0,4
9998,0,0.0052169231633869915,0.0,0.0,3
9999,0,0.0016012750167271488,0.0,0.0,3
